mean,std,abs_mean,iqr,bp_delta,bp_theta,bp_alpha,bp_beta
-3.1789144e-10,0.039678507,0.029769626,0.044051323,1.3498024,0.05513405,0.06070327,0.02121964
-1.5894572e-10,0.040576685,0.031839825,0.05151633,1.9630021,0.1068642,0.097776994,0.025713611
-1.8119812e-09,0.03751541,0.029521916,0.049144633,1.3277539,0.08306422,0.08338475,0.023524698
1.0490417e-09,0.045690387,0.036758423,0.061780713,2.0802808,0.08043784,0.07057144,0.022944301
1.3033549e-09,0.035900947,0.027818518,0.044945568,1.8465925,0.0819224,0.057972252,0.024354288
1.1761984e-09,0.038382534,0.029803207,0.04836703,1.56371,0.08022116,0.062414423,0.023970807
-5.722046e-10,0.04577836,0.036395412,0.06053655,1.8937391,0.072714016,0.05009916,0.02219635
-1.5894572e-10,0.038033426,0.029047059,0.04513997,1.3091847,0.069383815,0.07362764,0.024049632
1.1761984e-09,0.03800896,0.030639332,0.052566096,1.6431241,0.103715196,0.066627756,0.024226995
2.0662944e-10,0.039331656,0.030638134,0.04976672,1.7899386,0.0675699,0.068338364,0.024260953
1.2715658e-10,0.04404637,0.034050457,0.055209957,1.5553569,0.08482601,0.10729609,0.020605545
3.1789144e-11,0.044037983,0.035550594,0.063141525,1.828627,0.07064514,0.044581674,0.039488543
-8.9009605e-10,0.04217749,0.032479163,0.051166408,1.67833,0.06848859,0.04298547,0.052089892
1.7007192e-09,0.03637967,0.02537091,0.033903576,0.72580385,0.05785376,0.035768986,0.032672487
-1.1444092e-09,0.02785997,0.019816343,0.02690513,1.3793358,0.1066656,0.055656414,0.038147736
5.086263e-10,0.026888166,0.01882543,0.026127525,0.3558318,0.07328244,0.047859464,0.03026014
4.4504803e-10,0.018505555,0.01420421,0.022550542,0.28721675,0.06555799,0.050973482,0.025520947
2.447764e-09,0.023223784,0.016569842,0.023639191,0.3434317,0.0607196,0.049724694,0.024357429
-1.5894572e-11,0.030820755,0.022664644,0.03440902,1.1527246,0.073920004,0.041129667,0.025909219
8.5830687e-10,0.02906929,0.021517167,0.03297045,0.4564188,0.06302764,0.056560945,0.02756502
8.424123e-10,0.02642222,0.016962763,0.023172626,1.2360187,0.05721201,0.047414348,0.021820758
-9.218852e-10,0.030224262,0.02220059,0.032503888,0.84304184,0.06035571,0.06684811,0.024702117
1.2715658e-10,0.029254882,0.021632494,0.031726282,0.8865444,0.06154258,0.040651526,0.023863768
-3.496806e-10,0.029275067,0.022214187,0.034836702,0.92968583,0.07398295,0.050281763,0.024692707
-5.722046e-10,0.03673505,0.028222248,0.04354588,1.5142133,0.0704565,0.051953975,0.022667099
1.4305115e-09,0.045390226,0.03282385,0.047744945,1.112404,0.054636158,0.05432937,0.019373123
-9.536743e-11,0.033459082,0.025669906,0.038880248,1.0745156,0.06500089,0.055202525,0.023929438
-1.4305115e-09,0.02790953,0.021874724,0.035614304,0.85220355,0.062784836,0.04165989,0.02451866
-1.2715658e-10,0.039453376,0.029153725,0.04463453,1.4163241,0.06266898,0.053611774,0.026448397
9.854635e-10,0.042673964,0.032409254,0.05007776,2.7707098,0.0642494,0.05174112,0.021297267
-6.198883e-10,0.03535758,0.027529474,0.04510109,1.6979055,0.06821285,0.052932113,0.02030958
-1.11262e-09,0.042891037,0.033334438,0.053071536,1.721525,0.07662435,0.05806469,0.022756824
6.357829e-11,0.039096415,0.029009758,0.042923793,1.1891721,0.052259516,0.05481751,0.02410959
-6.993612e-10,0.040931918,0.031389214,0.04898911,1.5062441,0.054590836,0.037127625,0.022504285
-2.5431315e-10,0.040625025,0.030615361,0.045723174,1.9220271,0.05213968,0.04601674,0.021517778
-5.722046e-10,0.038447745,0.029458651,0.046656296,0.9507482,0.061984845,0.051518474,0.02299901
1.1444092e-09,0.040307153,0.030062253,0.043079317,1.3051164,0.042325515,0.037317153,0.019871425
-6.357829e-11,0.040991947,0.030397333,0.045101088,1.5989412,0.093357824,0.06425305,0.023095211
1.3987224e-09,0.037857585,0.029098645,0.04556765,1.9641322,0.07570228,0.051903594,0.022020273
1.9391377e-09,0.044690173,0.029786559,0.038569205,4.063312,0.07676318,0.03812305,0.021437949
-1.4305115e-09,0.03410582,0.0257689,0.037791602,1.9616703,0.04179806,0.029110758,0.019839179
1.0490417e-09,0.037200782,0.025190158,0.031881806,1.2201371,0.05148265,0.032149266,0.020180255
-9.218852e-10,0.03071497,0.02168891,0.02986003,1.4899478,0.06837021,0.045840915,0.02126108
-1.3033549e-09,0.03841611,0.023843486,0.02783826,1.1467731,0.037964623,0.023678182,0.022867825
-2.2252401e-10,0.034428384,0.025667187,0.03919129,0.73679787,0.09247671,0.036158007,0.021977248
-6.67572e-10,0.021232752,0.0158167,0.023367029,0.47621828,0.06938137,0.029620372,0.025854927
-1.335144e-09,0.019502703,0.014894909,0.022706065,0.344435,0.08601802,0.025126362,0.021071631
-8.7420143e-10,0.026131231,0.016718756,0.021617416,0.36774978,0.06842413,0.024778845,0.0221428
-1.748403e-10,0.02210455,0.016371714,0.02488336,0.41854334,0.089524426,0.026281796,0.024777662
-2.002716e-09,0.01667145,0.013004706,0.021150853,0.19783483,0.071840584,0.033275276,0.02220785
5.086263e-10,0.020128245,0.014195043,0.020839812,0.34872374,0.055467643,0.023701213,0.02142464
-9.854635e-10,0.014401378,0.010846666,0.016796269,0.08515925,0.035747297,0.014366696,0.021418426
1.3828277e-09,0.016489184,0.01193329,0.017729394,0.11737471,0.07327406,0.021898523,0.022400575
2.193451e-09,0.019216996,0.014468575,0.022550542,0.3639546,0.08140889,0.025406156,0.02348672
-1.5894572e-11,0.019251896,0.013692248,0.019284602,0.36124855,0.060169976,0.026162546,0.028236445
-7.947286e-11,0.016816743,0.011935758,0.016329706,0.26417735,0.08379405,0.030515233,0.032954894
-1.4940897e-09,0.018334312,0.013043546,0.01866252,0.22322644,0.05313724,0.032646503,0.024116207
2.415975e-09,0.026596058,0.017266687,0.019790048,0.32904038,0.050183494,0.037100922,0.0244178
-1.3510386e-10,0.01969141,0.013198782,0.017107308,0.077374235,0.025247868,0.028561382,0.020974157
1.2715658e-10,0.020802017,0.014085097,0.02006221,0.23708245,0.049841303,0.02447643,0.031359248
2.4636587e-10,0.016846053,0.01189139,0.017418351,0.2587522,0.052077938,0.02028575,0.024582047
6.3578287e-10,0.021382615,0.014955282,0.022083983,0.27526546,0.05181552,0.028415395,0.023235258
-1.7801921e-09,0.023934018,0.015922975,0.019906688,0.322771,0.032758966,0.02444113,0.023959532
-3.8146972e-10,0.024474114,0.017946301,0.025972007,0.1989089,0.06323212,0.04692975,0.07033346
-1.5258789e-09,0.015448376,0.010028636,0.013841369,0.31477582,0.028157037,0.028593246,0.020223042
-4.4504803e-10,0.013994519,0.01043033,0.015863141,0.19660093,0.05531581,0.04485656,0.02429441
3.1789144e-11,0.01551097,0.011482502,0.017418351,0.2530512,0.053105827,0.053670492,0.02454264
-8.5830687e-10,0.02599544,0.016934177,0.023017108,0.9698951,0.05910014,0.03307455,0.023881707
-1.11262e-09,0.01869084,0.012377574,0.017729394,0.18171082,0.029163448,0.036455784,0.022025645
9.218852e-10,0.02543433,0.01783166,0.024261277,0.36038005,0.05991373,0.0521565,0.025192402
1.7325084e-09,0.02585584,0.016789725,0.02192846,0.7792695,0.066701844,0.0565012,0.02211627
1.5894572e-09,0.02671271,0.018841257,0.024883358,0.49458948,0.059054393,0.037819818,0.020660387
-7.6293943e-10,0.03690286,0.028005838,0.042923793,0.13117473,0.04372399,0.059536316,0.14686601
-1.6530355e-09,0.021318706,0.014362673,0.020528771,0.13042286,0.026717264,0.021917714,0.031740535
3.1789144e-11,0.014316359,0.011157884,0.018351479,0.10557225,0.027731106,0.03342838,0.030165663
1.748403e-10,0.016515935,0.012106613,0.018234838,0.23881231,0.040552437,0.04972976,0.025223963
-1.8437704e-09,0.018846393,0.014347574,0.023017108,0.49079162,0.06264064,0.06531518,0.0360507
4.3710072e-10,0.031377308,0.021867672,0.029743392,0.9173628,0.11740611,0.086070545,0.034358267
1.8596649e-09,0.025570052,0.018092887,0.02488336,0.8960819,0.07491441,0.044318188,0.029282246
-5.880992e-10,0.019581921,0.013358946,0.019129083,0.4807364,0.06533191,0.057076413,0.027831424
1.970927e-09,0.025664182,0.016167529,0.020684293,0.31831044,0.058003634,0.04560705,0.020196225
-2.5431315e-10,0.028814042,0.019912781,0.02783826,0.8030833,0.07342897,0.06000368,0.03156081
-4.1325887e-10,0.0180376,0.013487767,0.020762052,0.20805962,0.050482206,0.047087044,0.025807297
7.311503e-10,0.01883828,0.014286068,0.021461897,0.28403756,0.04580705,0.055868592,0.023478016
-4.1325887e-10,0.020701077,0.015882421,0.025816487,0.35201305,0.07456358,0.065749794,0.023456125
-2.0662944e-10,0.028093003,0.01898741,0.025816485,0.7934836,0.056164484,0.038866326,0.023793511
1.0490417e-09,0.029702254,0.020273546,0.02674961,1.2259296,0.06495459,0.052652575,0.021718508
1.1761984e-09,0.03134858,0.021415124,0.029393468,0.6683817,0.066464,0.0548459,0.029588163
1.2715658e-10,0.021358753,0.014680209,0.020528771,0.6671097,0.08478736,0.051732905,0.022643229
-3.1789144e-11,0.024255706,0.016727274,0.023483671,0.7313138,0.08581765,0.041199192,0.024109017
-1.1126201e-10,0.022179415,0.016893895,0.02690513,0.59067345,0.06982523,0.051158264,0.027811676
4.768372e-10,0.02448098,0.017947294,0.026905132,0.6621212,0.08641867,0.050208524,0.028151706
9.536743e-11,0.030343432,0.022035837,0.032542773,0.5137153,0.07681537,0.044943977,0.021899508
-8.2651774e-10,0.024920702,0.018724516,0.02818818,0.47487587,0.070760064,0.0501097,0.022819925
-1.2954076e-09,0.030575307,0.022190413,0.032542765,1.160284,0.09304217,0.07075344,0.023056922
-1.6848246e-09,0.02748572,0.021204289,0.03265941,0.6868308,0.054244764,0.0586605,0.023065407
1.7960866e-09,0.032656465,0.024311393,0.036702953,1.6902465,0.09925656,0.054890152,0.025088515
-4.4504803e-10,0.03194611,0.02228181,0.030832035,1.5930017,0.09099497,0.05627898,0.022333408
3.8146972e-10,0.02875278,0.020850228,0.030015554,0.7736368,0.08114742,0.057769075,0.025951792
-6.5167743e-10,0.030268772,0.022575565,0.035614304,1.0961864,0.08127481,0.070121445,0.022495123
-4.4504803e-10,0.035150222,0.02683614,0.041990668,1.8590537,0.074044965,0.08242258,0.02380652
8.2651774e-10,0.04177826,0.030109081,0.04249611,3.509725,0.084798284,0.04914576,0.022664461
-6.67572e-10,0.028135126,0.020510616,0.030637637,1.3599224,0.052247435,0.04999423,0.02348371
-2.22524e-09,0.027612751,0.021161076,0.033592537,0.93375826,0.09303263,0.0712073,0.025118293
0.0,0.02740504,0.021341654,0.034992225,0.8537666,0.058819443,0.044785757,0.024447411
-1.0808309e-09,0.041243974,0.028926585,0.04136859,3.1561482,0.08801477,0.051229328,0.025210738
-1.1444092e-09,0.03666466,0.027991816,0.043856923,1.6842183,0.0738218,0.041543256,0.019549195
-3.1789144e-10,0.03527239,0.025228005,0.034836702,2.2227883,0.08281868,0.040237837,0.020141669
7.947286e-10,0.035008047,0.026737705,0.040746503,1.5734218,0.09348771,0.05644859,0.024019564
-2.002716e-09,0.039079435,0.028679924,0.044634525,2.1396956,0.07015168,0.021257825,0.019529117
1.915296e-09,0.024694933,0.019070225,0.030482113,0.42557186,0.059605397,0.04993054,0.021889884
-6.3578287e-10,0.030772535,0.022468062,0.033437014,0.4672505,0.069477,0.06632579,0.02466314
1.335144e-09,0.02923178,0.022499077,0.036702953,0.88639313,0.061753005,0.05523436,0.021878054
-1.7801921e-09,0.03581124,0.025948435,0.03888025,1.122947,0.07009285,0.04047014,0.022047479
5.4041543e-10,0.039790124,0.030868659,0.048833594,1.4738238,0.09319175,0.073155634,0.021924619
-7.6293943e-10,0.035850596,0.027141375,0.043079317,1.3143522,0.076777644,0.043523904,0.02042473
-3.1789144e-10,0.04247724,0.03274957,0.052410573,1.1178112,0.049664386,0.06339728,0.023450788
-2.5431315e-10,0.037246972,0.029364994,0.048250392,2.0520902,0.08723264,0.03507324,0.022094138
2.861023e-10,0.037141457,0.028733574,0.046345256,1.3177494,0.052528847,0.044841275,0.021200247
-3.1789144e-10,0.03257472,0.025542522,0.04245723,0.98969495,0.07226134,0.06583385,0.019936815
3.1789144e-11,0.043017574,0.032310203,0.04825039,2.2362397,0.056134786,0.05105087,0.01981203
-1.0808309e-09,0.040675815,0.0286555,0.0407465,2.537776,0.07135743,0.029682098,0.018737119
-1.2397766e-09,0.0328823,0.025822904,0.042768274,1.3930433,0.07473275,0.053463496,0.02003605
-5.086263e-10,0.038804833,0.028668994,0.041835144,1.889278,0.06421489,0.033749677,0.021320598
-9.854635e-10,0.03754253,0.026710957,0.038258165,1.3370515,0.045720868,0.05207575,0.021758625
-5.086263e-10,0.037152242,0.02733792,0.04066874,1.4422765,0.053187143,0.044296168,0.022518294
1.4305115e-09,0.046118595,0.03596002,0.0594479,2.5282483,0.07088791,0.06427049,0.02107148
-6.357829e-11,0.038459484,0.029927123,0.048833594,1.2372526,0.07305975,0.05928517,0.01906037
2.5431315e-10,0.040303025,0.030175842,0.043856923,1.4436165,0.080490544,0.066210456,0.022510704
-6.0399374e-10,0.035566807,0.02826704,0.046345256,1.9695207,0.09407059,0.04183431,0.0227411
-6.67572e-10,0.03657305,0.027481478,0.043118194,2.3907993,0.07547305,0.062032342,0.020283487
-5.086263e-10,0.04034487,0.030879281,0.048211507,2.3406281,0.06645965,0.033751905,0.021375693
-4.768372e-10,0.041537575,0.03262812,0.050738722,2.3361635,0.05681243,0.06713851,0.019823736
-2.4954478e-09,0.03564502,0.02591875,0.036858477,1.2743511,0.049355764,0.019547157,0.020039689
-8.2651774e-10,0.030778311,0.02219139,0.033320375,1.0134227,0.04656804,0.058721457,0.03198186
1.9073486e-10,0.031137066,0.024563085,0.039346814,0.94645655,0.051944166,0.044749875,0.020128407
-7.6293943e-10,0.038792644,0.02781446,0.041407466,0.72725606,0.050814863,0.03308464,0.021272378
-7.6293943e-10,0.039078902,0.030312955,0.048055988,1.5767703,0.05979221,0.050345536,0.0196518
-1.2715658e-10,0.04251129,0.031431254,0.045878693,2.60146,0.06220489,0.03043363,0.022832103
7.6293943e-10,0.045178972,0.034856673,0.05458787,2.2640343,0.06955262,0.033716466,0.019806597
-4.1325887e-10,0.03335839,0.025212651,0.03919129,1.437763,0.075003654,0.043695983,0.020657703
1.8437704e-09,0.04255235,0.031607386,0.050272163,3.1047626,0.059079222,0.052552946,0.020319091
-1.8437704e-09,0.043530084,0.033585805,0.05272162,2.2372963,0.04947167,0.047947753,0.019352479
2.5431315e-10,0.040291987,0.031673625,0.050427683,2.4113314,0.05937056,0.051531818,0.020222466
-1.2715658e-10,0.036619127,0.028027816,0.044167962,1.0235827,0.06659289,0.051449034,0.019921146
-5.4041543e-10,0.03751773,0.028581966,0.045567654,2.0973847,0.047385737,0.029871004,0.019096322
4.609426e-10,0.04490491,0.029372321,0.036858477,1.5545512,0.04906594,0.020787997,0.018041473
1.0808309e-09,0.03309704,0.024293482,0.037013996,2.0742528,0.048689116,0.036452126,0.022394305
-6.67572e-10,0.033401757,0.025717456,0.04199067,0.9254385,0.052463405,0.046140615,0.017560087
2.1616617e-09,0.03934907,0.030465443,0.050233282,1.217027,0.06201627,0.048034184,0.01894773
-4.4504803e-10,0.03287859,0.025531266,0.041213065,1.4910823,0.05690581,0.06845514,0.017264644
5.086263e-10,0.03994566,0.03045365,0.047744945,1.6418481,0.05912921,0.030559193,0.019922968
-1.2079875e-09,0.034145016,0.02653375,0.044167962,1.0648288,0.048386157,0.03996408,0.020085508
1.6371409e-09,0.029045507,0.022040686,0.034525663,1.0085337,0.049936615,0.048758462,0.020052385
-3.33786e-10,0.04258132,0.032418586,0.050738722,2.8743625,0.06902547,0.049217537,0.020377045
2.2252401e-10,0.02985584,0.021736149,0.032503888,1.1149606,0.06662409,0.03752033,0.019329002
6.3578287e-10,0.035414238,0.02579412,0.03810264,1.5997599,0.060938578,0.03557597,0.020435264
1.8437704e-09,0.03832188,0.027999582,0.041213065,1.0646124,0.04224174,0.03742738,0.019169377
2.1616617e-09,0.03212505,0.024433132,0.037169516,1.2841148,0.06680785,0.0390719,0.01847881
-6.67572e-10,0.030911507,0.023031967,0.034992225,0.6092536,0.04573804,0.033466533,0.020918265
7.6293943e-10,0.059650194,0.045320448,0.068584755,1.8355014,0.0918328,0.08716589,0.13728227
-1.5497208e-09,0.022318613,0.015080649,0.020062208,0.3795917,0.046379484,0.036852848,0.027097581
1.2556712e-09,0.025548812,0.016167738,0.020878693,0.10729247,0.03977604,0.036642596,0.028009227
8.2651774e-10,0.027075164,0.019162087,0.027060654,0.6593876,0.049735047,0.04777534,0.027372863
-1.1444092e-09,0.027546003,0.018369194,0.022706065,0.78051925,0.07685072,0.027543986,0.02640999
-4.4504803e-10,0.023126822,0.016915554,0.025349922,0.4755465,0.050947513,0.03219869,0.029371338
6.755193e-10,0.027967464,0.019451322,0.027449457,0.64960253,0.06475448,0.043519694,0.031352688
1.446406e-09,0.019883577,0.014283336,0.021461898,0.47516394,0.048306115,0.028097935,0.02627576
3.8146972e-10,0.025924275,0.01791497,0.02379471,0.33091426,0.04343779,0.035077225,0.033271685
1.2397766e-09,0.023609158,0.017614692,0.02674961,0.26478484,0.066675074,0.041292656,0.028819736
2.0662944e-10,0.016580276,0.012847219,0.020878693,0.17794965,0.037692234,0.026174702,0.026908724
2.6067097e-09,0.033646528,0.024060534,0.032231726,1.4999605,0.08607992,0.0477521,0.0289199
1.9073486e-10,0.02596616,0.017041579,0.022861585,0.5974692,0.058672313,0.04641402,0.026324479
9.854635e-10,0.028112322,0.019979224,0.02830482,0.6894055,0.06494343,0.0384411,0.027968384
2.861023e-10,0.021455245,0.015410781,0.02192846,0.3498647,0.051201552,0.03763498,0.030032117
2.9881795e-09,0.02226401,0.017037898,0.026438568,0.4887885,0.057486854,0.04335011,0.030426932
-5.5631e-10,0.028140346,0.019517371,0.027527217,0.41110793,0.06749255,0.043789078,0.030451424
1.335144e-09,0.02581765,0.018437514,0.027371697,0.8669513,0.07609439,0.040448464,0.028342975
1.2715657e-09,0.025249202,0.018076746,0.025972005,1.1588285,0.06677098,0.032270554,0.02725044
-2.3682911e-09,0.018667432,0.01385688,0.021150855,0.1972192,0.052898943,0.045003384,0.029080374
-1.2397766e-09,0.029964285,0.020412821,0.027060654,0.6346558,0.07623476,0.054566115,0.027482703
-1.5258789e-09,0.02516492,0.018937055,0.029237946,0.5720523,0.059133846,0.047001626,0.03036466
1.3669332e-09,0.025627743,0.019105235,0.028926903,0.8294911,0.090555646,0.06245664,0.025307452
-1.6371409e-09,0.025570832,0.017768046,0.025660962,0.58785826,0.07086112,0.062104676,0.028894449
-4.768372e-10,0.024650844,0.018203115,0.027060654,0.39814895,0.0678955,0.036483612,0.03465332
-1.3192495e-09,0.024207756,0.017752405,0.027527217,0.46980843,0.07026205,0.038790848,0.028091168
-1.4305115e-09,0.03449818,0.025720028,0.038724728,0.8153283,0.0598538,0.035099212,0.027188428
2.5431315e-10,0.026964363,0.019713875,0.028615862,1.1238947,0.0849151,0.03614983,0.027455486
8.106232e-10,0.024702659,0.018308258,0.027216174,0.42564005,0.061566196,0.04832882,0.02630211
4.1325887e-10,0.02838924,0.020656914,0.030482115,0.4677392,0.06524243,0.037822835,0.026199615
1.2715658e-10,0.027345935,0.018882832,0.02674961,1.0925405,0.100440264,0.028927341,0.025784083
-3.1789144e-10,0.024492696,0.018339552,0.028304823,0.41520053,0.051252097,0.043918375,0.026533334
-1.3510386e-10,0.027608074,0.018666236,0.024416797,0.40627402,0.061815057,0.046543658,0.027294775
-2.0345052e-09,0.028069915,0.02081717,0.03125972,0.3147255,0.055139937,0.033170998,0.028363321
1.7881393e-09,0.029549977,0.021191178,0.02939347,0.60366595,0.074310616,0.04269617,0.03159503
-1.192093e-10,0.02276725,0.015904441,0.021306375,0.23014131,0.049783144,0.03126694,0.026635567
-4.4504803e-10,0.02917159,0.021262636,0.02954899,1.344975,0.14680958,0.0728221,0.031843353
1.6212464e-09,0.026886778,0.019415226,0.027216174,0.80880195,0.08760812,0.032431696,0.031205963
1.9073487e-09,0.027270421,0.018210841,0.02379471,0.51523614,0.04332417,0.034455977,0.028914517
4.7683715e-11,0.025334239,0.017446876,0.023328148,0.3746349,0.06365073,0.041281976,0.027142502
2.3841857e-11,0.030436251,0.020779304,0.026283048,0.43953034,0.064186506,0.033031065,0.027935188
-3.1789144e-10,0.031218598,0.022314848,0.0311042,1.2890218,0.12230998,0.05577385,0.032446045
3.496806e-10,0.020912869,0.014480592,0.019751165,0.2319971,0.04040889,0.038680647,0.027555326
7.947286e-10,0.024294652,0.016312048,0.020995334,0.6286895,0.03688713,0.022763921,0.028136298
1.1126201e-10,0.024836171,0.017732354,0.025349922,0.5273025,0.093528025,0.08944322,0.036713872
-1.4623006e-09,0.02773618,0.019261826,0.02674961,0.9391899,0.08106419,0.032704215,0.032195978
-5.722046e-10,0.028780922,0.02017708,0.025972009,1.4649985,0.08805253,0.064908355,0.035400786
2.2252401e-10,0.029830743,0.020174483,0.026594087,1.13064,0.106327266,0.04178667,0.03431805
-3.1789144e-10,0.030729577,0.02079726,0.027527217,1.6648884,0.07453547,0.054257076,0.038820263
1.446406e-09,0.029126279,0.021267554,0.030326594,1.2864121,0.11700092,0.034398854,0.036596302
-6.3578287e-10,0.020950012,0.015953336,0.025660964,0.51059884,0.11464644,0.05237642,0.041838612
-8.5830687e-10,0.023870822,0.017074639,0.025505444,0.35935155,0.08665104,0.03703005,0.033491667
-1.9073486e-10,0.02047514,0.014564817,0.021150857,0.41896218,0.06947408,0.035079833,0.030936092
-6.357829e-11,0.016616507,0.012617209,0.019284602,0.1757406,0.066468544,0.052406,0.035491653
5.4041543e-10,0.017462142,0.013433165,0.02161742,0.21708512,0.116714306,0.034625545,0.029712064
4.1325887e-10,0.019296763,0.014597166,0.022550544,0.28416702,0.10901755,0.040694162,0.033440698
1.3033549e-09,0.016791014,0.012693028,0.020062208,0.23946555,0.07117172,0.034743167,0.035457324
8.2651774e-10,0.018446917,0.013877822,0.021461897,0.2169522,0.12996395,0.04627457,0.03094887
-1.8755595e-09,0.013610946,0.010651684,0.017573873,0.09592413,0.07985684,0.041767452,0.029480906
3.1789144e-11,0.022369383,0.016155059,0.02192846,0.19714835,0.070713304,0.042504072,0.04324306
3.496806e-10,0.015878854,0.011659579,0.017884914,0.22062993,0.08075639,0.04714195,0.03185725
-1.4305115e-10,0.019201247,0.014698616,0.02348367,0.32327598,0.09976172,0.046562392,0.032078676
1.1285146e-09,0.01623047,0.012223834,0.019129083,0.13614288,0.062372997,0.031752598,0.03072802
-6.198883e-10,0.017935961,0.013419289,0.020101089,0.18214405,0.0701793,0.03080173,0.030780697
-1.1920929e-09,0.014454582,0.01121222,0.018040437,0.10494555,0.07645378,0.028163562,0.028613815
-1.9073486e-10,0.014532474,0.010512322,0.015863143,0.12837419,0.04494381,0.024022296,0.03205241
1.1761984e-09,0.014077243,0.010794498,0.016640745,0.12213635,0.044523455,0.026376888,0.029110666
-3.1789144e-11,0.0124805,0.009338495,0.013880249,0.07191064,0.02597415,0.016615802,0.027753564
9.854635e-10,0.010891583,0.008053314,0.0121695185,0.044144977,0.031107089,0.017203629,0.027331453
6.0399374e-10,0.011227695,0.008472767,0.013685848,0.07987292,0.030419115,0.02036664,0.02700313
-2.861023e-10,0.016486807,0.012218343,0.017884914,0.11270517,0.035263363,0.02446094,0.030610604
-6.67572e-10,0.010956671,0.007914656,0.0125972,0.042479068,0.023028314,0.017823715,0.028866107
-1.4781952e-09,0.025480945,0.016340561,0.01881804,0.07708774,0.033311874,0.023135073,0.030197423
1.5576681e-09,0.05188115,0.03875943,0.059097983,0.47323996,0.049660016,0.088644885,0.4337053
5.722046e-10,0.026084287,0.01754568,0.022861585,0.062036686,0.036442406,0.04289291,0.029078983
2.3444493e-09,0.011394598,0.008335874,0.012752722,0.07609435,0.025967872,0.013652711,0.020680707
-6.198883e-10,0.01744954,0.012064263,0.01757387,0.38389423,0.07851663,0.040289182,0.0280855
-3.496806e-10,0.021809798,0.014109301,0.018507,0.49620733,0.045349497,0.038836256,0.02240412
1.970927e-09,0.02685194,0.017012883,0.021150857,0.6442965,0.10061851,0.04529069,0.02953922
-1.2397766e-09,0.0131378425,0.010020812,0.01570762,0.11395184,0.024833718,0.03267794,0.021374945
-3.1789144e-11,0.023228288,0.013900319,0.018507,0.12994088,0.048794556,0.02894885,0.02046489
5.086263e-10,0.013311988,0.009557127,0.014152411,0.06817029,0.027853195,0.032953173,0.02263522
1.2397766e-09,0.026001843,0.0162449,0.019440124,0.16119227,0.03702668,0.036840826,0.024894303
3.6557515e-10,0.018042697,0.012107643,0.017418351,0.43723437,0.032227855,0.053314436,0.020599393
1.3510386e-09,0.027772421,0.017649675,0.020528771,0.26008236,0.031151388,0.036078285,0.021515163
-2.22524e-09,0.021999788,0.014822307,0.020062208,0.5339515,0.037162244,0.025661593,0.020695865
-4.768372e-10,0.01831984,0.013343162,0.01998445,0.29418534,0.05800597,0.036441837,0.032711208
-8.424123e-10,0.014283003,0.0107948985,0.016485225,0.13249318,0.038543876,0.054132413,0.024653895
7.6293943e-10,0.025846856,0.017381987,0.024261275,1.066709,0.053082954,0.07084806,0.025909305
-1.0172526e-09,0.06173608,0.046067547,0.06656299,1.0051901,0.044443972,0.057696056,0.52566266
-3.1789144e-10,0.024997737,0.018766776,0.027877137,0.20529956,0.02142801,0.019898754,0.035001207
4.4504803e-10,0.016917357,0.012564433,0.018195957,0.24758272,0.030978361,0.0131472405,0.030184146
2.5431315e-10,0.023496646,0.017715454,0.02643857,0.24789394,0.029399684,0.044465657,0.033846896
1.9073487e-09,0.027507357,0.019808086,0.027255055,0.4478203,0.04243704,0.030797653,0.06374785
3.33786e-10,0.022188542,0.016907735,0.026438568,0.2810704,0.031520598,0.028007643,0.045508277
6.993612e-10,0.018321268,0.013731514,0.020995334,0.20475948,0.029814824,0.02115329,0.043008115
1.335144e-09,0.017011143,0.012656329,0.01881804,0.18281822,0.03180463,0.033630665,0.045197204
1.3033549e-09,0.02035754,0.015162415,0.023950232,0.11016067,0.020709671,0.034134947,0.06601668
8.9009605e-10,0.024756368,0.01854185,0.02939347,0.45959508,0.027592013,0.03084815,0.0831475
-6.3578287e-10,0.017397366,0.012927325,0.019595645,0.14026594,0.023531001,0.044957075,0.03864301
-1.9073486e-10,0.015978118,0.011560016,0.017573873,0.05094332,0.02761522,0.044694092,0.032551177
1.3033549e-09,0.031564873,0.021751428,0.02799378,0.48314646,0.032459058,0.059241395,0.21764883
-1.0331471e-09,0.013598662,0.010689942,0.01757387,0.07430117,0.029401407,0.0537784,0.03221386
1.0887782e-09,0.011709263,0.009013582,0.014463454,0.045129023,0.032464743,0.05069443,0.030536475
8.9009605e-10,0.0120054195,0.009362506,0.015552101,0.04830779,0.019987343,0.055104528,0.030353544
-9.536744e-10,0.012783916,0.010038979,0.016796267,0.06802774,0.028781712,0.061390925,0.03427109
5.2452087e-10,0.011501739,0.0087561635,0.01399689,0.047492325,0.026412586,0.050527718,0.032663148
7.152558e-11,0.014423338,0.011362922,0.019129083,0.03658965,0.02859528,0.044717915,0.032858595
9.059906e-10,0.012309481,0.009632117,0.016174182,0.06765973,0.029620081,0.06785752,0.037482623
-1.6848246e-09,0.012292302,0.00941193,0.015085536,0.05164494,0.019876057,0.055149484,0.032923084
4.768372e-10,0.014316756,0.0112191755,0.018507,0.06260409,0.028367084,0.06331122,0.031596832
5.2452087e-10,0.012565602,0.009693242,0.01570762,0.05196367,0.01992879,0.042896997,0.033561327
-3.0994415e-10,0.012405178,0.009469455,0.014930015,0.034449432,0.018967217,0.0345335,0.032315392
-1.2715658e-10,0.013101746,0.010128062,0.016329706,0.067221254,0.0323074,0.051091366,0.033307813
-1.2079875e-09,0.013338308,0.010437339,0.01710731,0.042774025,0.025081895,0.044335753,0.036220618
-1.7881393e-09,0.013680861,0.010438508,0.016057543,0.046060838,0.032033384,0.045106757,0.03611189
-2.7020772e-10,0.013341878,0.010399227,0.017107312,0.061729413,0.047026936,0.051637113,0.037167728
3.0199687e-10,0.013055404,0.010158605,0.016485225,0.037635397,0.024454677,0.048504736,0.02970359
-8.9009605e-10,0.011246654,0.008628215,0.013841369,0.02875056,0.019170268,0.033719808,0.029451746
4.2915344e-10,0.010923544,0.008280996,0.013530326,0.033689916,0.019630367,0.038537044,0.031162819
1.9073486e-10,0.0142306825,0.011168209,0.018506998,0.03998245,0.024581201,0.04945718,0.033607937
2.5749207e-09,0.0135011505,0.010524155,0.016951788,0.040301885,0.031713143,0.04811245,0.031038418
1.0172526e-09,0.012056091,0.0089286,0.013685848,0.053004324,0.024629772,0.040955085,0.02953834
-3.0199687e-10,0.012228752,0.009435969,0.015085536,0.041408937,0.01877465,0.058879063,0.029362898
-7.311503e-10,0.013288759,0.010016483,0.016018663,0.03144882,0.025891773,0.056441113,0.032202017
-1.2715658e-10,0.011929094,0.009118401,0.014618974,0.040772095,0.017827548,0.045353618,0.027998814
-2.5192897e-09,0.010367972,0.00779498,0.012286159,0.036134433,0.01773847,0.036121257,0.029446153
1.9868215e-10,0.010375633,0.00788957,0.0125972,0.03305308,0.017561035,0.035008803,0.028946344
9.536744e-10,0.011797409,0.008962217,0.013841369,0.038520962,0.018926281,0.036653947,0.02976136
1.1920929e-09,0.012614398,0.009649229,0.015241058,0.042596962,0.02644362,0.048718728,0.03151779
1.0649364e-09,0.013185709,0.010224548,0.016796267,0.02987442,0.028726678,0.04759705,0.028448012
9.218852e-10,0.010714799,0.008047857,0.0125972,0.030228032,0.018340508,0.032983612,0.028414715
2.002716e-09,0.01280092,0.009810173,0.015707621,0.037560344,0.030940022,0.0732693,0.033237968
-8.503596e-10,0.0106860455,0.008154533,0.013063763,0.034401022,0.015778443,0.044536095,0.026967129
2.3841857e-11,0.012909298,0.009932855,0.016018663,0.055294026,0.03554766,0.080822796,0.033771615
5.086263e-10,0.012249023,0.009603367,0.015863143,0.037906997,0.021338249,0.042788483,0.030282043
-7.6293943e-10,0.022214744,0.0142566,0.01881804,0.05477661,0.03198905,0.039149106,0.03683532
8.9009605e-10,0.027118186,0.018076383,0.023639191,0.03546647,0.018204367,0.060271338,0.047614697
-5.4041543e-10,0.016044196,0.012409133,0.020062208,0.05196809,0.029592486,0.066619776,0.04594425
5.086263e-10,0.0152210435,0.0118195545,0.019284602,0.06285512,0.02269864,0.05779209,0.045095734
1.6927719e-09,0.013582816,0.010435087,0.016951788,0.035879225,0.021831438,0.04894388,0.04855601
-8.2651774e-10,0.013913415,0.010678053,0.01710731,0.04954468,0.022354838,0.05290883,0.039131507
-3.1789144e-10,0.015849404,0.01232207,0.020062208,0.040868215,0.026675219,0.05091633,0.048761234
5.5631e-10,0.015072968,0.011610857,0.018351477,0.050878156,0.02992266,0.036707904,0.047297414
1.0331471e-09,0.013492153,0.0106418915,0.017884914,0.050783344,0.032486834,0.05137958,0.029641543
2.5431315e-10,0.011454478,0.008729397,0.013685849,0.033615388,0.023234673,0.03806293,0.032573495
1.4384588e-09,0.0119322,0.00906346,0.014463454,0.03424975,0.02662156,0.04697627,0.028516322
6.67572e-10,0.013011414,0.009969879,0.01570762,0.03465545,0.016353404,0.03187874,0.029530333
-2.861023e-10,0.010741506,0.008135681,0.012908242,0.035671886,0.020013932,0.025958419,0.027159262
1.11262e-09,0.01141015,0.008759541,0.014152411,0.035084948,0.01988146,0.03832196,0.034273934
-8.1857043e-10,0.013375849,0.0102822175,0.016640747,0.043792635,0.026335748,0.04574019,0.032846328
-5.4041543e-10,0.025455896,0.019533701,0.031726282,0.056416355,0.034321066,0.046182226,0.09174659
1.1285146e-09,0.022132026,0.0172124,0.027877139,0.05513267,0.021561107,0.050841264,0.07706062
6.3578287e-10,0.023884533,0.018548258,0.029704511,0.061441194,0.026600467,0.061586265,0.08850129
7.947286e-10,0.021286655,0.016443366,0.026594091,0.03794248,0.0279218,0.03123,0.073775604
1.0490417e-09,0.021842677,0.016995888,0.027682737,0.054823007,0.02939421,0.053360697,0.07750863
-8.7420143e-10,0.021365883,0.016542846,0.026438568,0.056060504,0.027708251,0.0656741,0.09227992
8.2651774e-10,0.019851895,0.015508952,0.02503888,0.040511355,0.030142782,0.059491817,0.0650094
-6.198883e-10,0.016710803,0.012952025,0.020839814,0.046541337,0.036028463,0.06670622,0.0606769
2.0980835e-09,0.017759861,0.013647386,0.02161742,0.025632992,0.029079966,0.052801292,0.056964684
3.8146972e-10,0.015056987,0.0116645545,0.018507,0.036010105,0.027609436,0.044754833,0.048707396
-2.193451e-09,0.0136016365,0.010303629,0.015863143,0.049422424,0.02294883,0.049387585,0.038801335
3.1789144e-10,0.010380706,0.007865929,0.012752722,0.029142512,0.020455115,0.047713052,0.031688143
-1.2715658e-10,0.033916205,0.020995019,0.026127528,0.15885928,0.026781786,0.044085167,0.08622323
1.2715657e-09,0.040710505,0.024077332,0.027216172,0.64331275,0.024426231,0.05579138,0.18712711
3.8146972e-10,0.01363627,0.010359909,0.016640747,0.060540397,0.02840139,0.0714145,0.04311568
-5.2452087e-10,0.012800826,0.009644326,0.015241058,0.032151565,0.023359295,0.04862498,0.035264686
1.1046728e-09,0.011855591,0.008881631,0.013841369,0.038408577,0.017929466,0.04742939,0.030145822
8.8214874e-10,0.0145424735,0.011255059,0.018507,0.050234836,0.03042555,0.080583856,0.035735745
1.7960866e-09,0.012114697,0.009370392,0.015279938,0.051461775,0.022879153,0.05524549,0.037951723
-5.9604643e-10,0.01742417,0.012213859,0.017418351,0.035970632,0.024139278,0.037999235,0.044636723
-1.1920929e-09,0.015679538,0.011924086,0.01866252,0.10495782,0.021354752,0.0481292,0.03796676
-1.2079875e-09,0.013740155,0.010487563,0.016640747,0.03906013,0.023027765,0.049273014,0.034486234
1.7166137e-09,0.014350793,0.011123712,0.018195957,0.035020478,0.035979196,0.07278343,0.04025237
-9.377797e-10,0.01271898,0.009611943,0.014930016,0.038597632,0.018857423,0.029443583,0.033123314
-1.748403e-10,0.014019439,0.010823411,0.017418351,0.036258835,0.025406178,0.0627974,0.038093325
8.5830687e-10,0.014530841,0.011446845,0.019129083,0.056332216,0.033852037,0.06205348,0.039626785
3.0199687e-10,0.01113979,0.008566384,0.013841368,0.03745835,0.019668961,0.062267467,0.029190943
1.7801921e-09,0.012381465,0.009543236,0.015552101,0.047178272,0.02151104,0.048372526,0.032807145
-9.854635e-10,0.013717229,0.010736466,0.017729394,0.038686696,0.02215612,0.05552427,0.030243598
1.970927e-09,0.011511674,0.008819221,0.014618973,0.038196046,0.026305275,0.04560012,0.029265152
3.1789144e-11,0.012992423,0.010064447,0.016329706,0.055162665,0.027657688,0.041761655,0.031606264
-8.5830687e-10,0.01502892,0.011993624,0.020684293,0.043026105,0.034133535,0.055870924,0.027939927
-2.0901363e-09,0.010497985,0.00786001,0.012441679,0.032782294,0.019015854,0.0444218,0.029454723
1.5258789e-09,0.05012174,0.026680404,0.02379471,0.048925854,0.03626817,0.04527613,0.089634925
5.086263e-10,0.028229315,0.021968525,0.034992225,0.0803621,0.03363228,0.07238124,0.10389133
1.748403e-10,0.023548972,0.018684644,0.03125972,0.056251872,0.054268163,0.074061915,0.07446136
-4.4504803e-10,0.027470708,0.01983724,0.028771382,0.07494162,0.021723771,0.0405626,0.07850439
-6.0399374e-10,0.021356372,0.016756672,0.027527217,0.05583474,0.03809234,0.057348408,0.06399567
-1.11262e-09,0.021388624,0.016748954,0.027216174,0.06471622,0.04002036,0.069719024,0.06433779
1.0808309e-09,0.018600859,0.014414414,0.023172628,0.057112206,0.037569575,0.046158966,0.06311039
1.7642975e-09,0.018390287,0.014342832,0.02317263,0.091376394,0.047467776,0.079951204,0.053461984
4.768372e-10,0.015654758,0.011918183,0.018973563,0.045287717,0.027660096,0.057608534,0.045833774
1.2834867e-09,0.017174328,0.013170329,0.020878695,0.040075906,0.018209985,0.047142662,0.057346355
1.8199285e-09,0.01741259,0.013437815,0.02161742,0.039344486,0.019345338,0.034312397,0.061189346
9.536744e-10,0.020375764,0.015969038,0.026127525,0.049440756,0.02545147,0.05794585,0.061543632
7.4704487e-10,0.011914345,0.00925493,0.015085536,0.028796518,0.016848218,0.043428514,0.03057983
-9.218852e-10,0.011841071,0.009165956,0.014930016,0.043557927,0.024357647,0.036822256,0.03349683
-4.1325887e-10,0.017106792,0.012037322,0.018506998,0.045746293,0.028084606,0.05977074,0.035133433
2.5431315e-10,0.036446407,0.026945207,0.04136859,0.05917935,0.029529428,0.07072567,0.1473681
3.8146972e-10,0.02384115,0.018691227,0.030482113,0.055259433,0.035619147,0.07201844,0.0778451
-1.0172526e-09,0.019217614,0.014959937,0.024261277,0.03755952,0.030158814,0.04406564,0.06775219
7.6293943e-10,0.03790627,0.028706726,0.04354588,0.17294915,0.035573985,0.046939258,0.19402035
0.0,0.01938806,0.015009068,0.024105754,0.069596715,0.027910596,0.08056086,0.051895488
-1.1324882e-09,0.012539,0.009512098,0.014930016,0.03748352,0.026366564,0.053405035,0.04125286
-6.357829e-11,0.013776147,0.010737793,0.017729394,0.051794287,0.02922608,0.05659149,0.03418973
-2.384186e-10,0.012846936,0.009829643,0.016018663,0.052866112,0.026006436,0.04966272,0.04027631
-4.768372e-10,0.015453894,0.0122756865,0.020995334,0.044020798,0.028758567,0.06928666,0.03793785
-4.768372e-10,0.014092832,0.010854202,0.01757387,0.05064074,0.03242257,0.065133594,0.03524994
5.086263e-10,0.012956696,0.0099850455,0.016018663,0.05274761,0.022280825,0.043147553,0.03541889
-1.6848246e-09,0.01375129,0.010736178,0.01757387,0.033205535,0.02019506,0.04850742,0.03704368
-2.861023e-10,0.01407838,0.011006563,0.018195957,0.04461302,0.024037601,0.041601114,0.03399736
1.2715658e-10,0.014377948,0.011395657,0.019440124,0.034237128,0.020663224,0.047424104,0.032350123
4.1325887e-10,0.012692546,0.009786267,0.01570762,0.040984526,0.021106822,0.053077668,0.033083107
-1.5417735e-09,0.013116599,0.010109161,0.016640747,0.04390643,0.02479029,0.051250346,0.03274887
1.5894572e-10,0.012714829,0.009737192,0.015863143,0.04622569,0.02394815,0.040084623,0.031212034
-6.0399374e-10,0.013295459,0.010242403,0.016485225,0.055365086,0.03847302,0.06420302,0.037542213
9.854635e-10,0.013207295,0.009981885,0.015863141,0.05029458,0.029088061,0.026740067,0.028292269
-1.1444092e-09,0.0125256935,0.009739023,0.016018663,0.024328046,0.030223614,0.07904762,0.030670619
-1.4940897e-09,0.011861,0.00908761,0.014618974,0.044871286,0.0311772,0.06399124,0.031168543
3.0199687e-09,0.012458028,0.009586231,0.015396578,0.089161195,0.036315713,0.04427371,0.030869829
-1.6371409e-09,0.012613492,0.009165691,0.013724728,0.08434317,0.031716596,0.029272817,0.030145736
1.2715657e-09,0.014849721,0.01030049,0.014774495,0.20645428,0.046198297,0.030025514,0.033192955
2.193451e-09,0.01229766,0.009465957,0.015085536,0.04546135,0.03492798,0.043816157,0.028166346
-1.7722448e-09,0.01546246,0.010361337,0.014930016,0.07249911,0.02886441,0.014693744,0.027108848
-8.8214874e-10,0.014566125,0.0104741445,0.015863143,0.1530323,0.034057442,0.035734102,0.031708337
-8.424123e-10,0.013248883,0.010147408,0.016329704,0.073371395,0.033878777,0.020843778,0.028080888
7.6293943e-10,0.013632532,0.010252956,0.015552101,0.14124823,0.034464955,0.03838599,0.034247354
2.2252401e-10,0.016472016,0.010954005,0.014774495,0.07427968,0.022633702,0.021327289,0.036521718
3.496806e-10,0.014359687,0.010294798,0.014930016,0.15616444,0.04762601,0.038003817,0.033794507
5.722046e-10,0.013379153,0.00922586,0.013374805,0.0530684,0.03601729,0.030741453,0.03238492
-3.6557515e-10,0.014882244,0.010804379,0.016640745,0.047567558,0.029942194,0.058656067,0.0332765
-1.9550324e-09,0.013802427,0.01026849,0.015707621,0.08490241,0.029954422,0.018289454,0.0300172
2.861023e-10,0.021494376,0.013423796,0.017262831,0.3702263,0.07048757,0.14812672,0.042004805
2.0662944e-10,0.015193169,0.011220463,0.016796269,0.14913343,0.046734698,0.027685212,0.030631535
1.1444092e-09,0.016543988,0.011776223,0.017418351,0.23022161,0.057508945,0.040906157,0.037324835
1.223882e-09,0.012104939,0.008551758,0.0125972,0.09499039,0.029038412,0.025152897,0.034888502
5.722046e-10,0.01827953,0.012538277,0.017884914,0.26434046,0.03845601,0.043328904,0.035209347
-2.7020772e-10,0.016758168,0.011705204,0.016796267,0.3765607,0.050452877,0.04611761,0.040463574
1.0967255e-09,0.015941726,0.01122914,0.016329704,0.3523836,0.044903923,0.03754335,0.03159308
1.1444092e-09,0.027045002,0.016050376,0.019751165,0.78124636,0.046502326,0.073386386,0.041470658
-8.106232e-10,0.016901761,0.011860876,0.017107312,0.12697382,0.036160514,0.03666766,0.035719447
1.2715657e-09,0.020194806,0.013617005,0.018507,0.49381405,0.06468892,0.038486373,0.03773784
-7.311503e-10,0.014922122,0.011046703,0.016640747,0.13770366,0.046185263,0.06389586,0.034564402
-1.4146169e-09,0.017602151,0.011629317,0.01570762,0.4367584,0.06474488,0.07508683,0.044309087
3.496806e-10,0.016076269,0.011537742,0.01710731,0.14955482,0.04491254,0.03614936,0.038756553
6.993612e-10,0.020039646,0.012871513,0.01710731,0.3365847,0.030724771,0.048892915,0.0355252
1.3987224e-09,0.018792165,0.01294646,0.018351477,0.20530705,0.05531374,0.047796957,0.033896666
-2.3682911e-09,0.017992442,0.0127604185,0.01866252,0.080183096,0.02552427,0.020794753,0.029137485
2.7020772e-09,0.015177216,0.0113724405,0.017884914,0.18316887,0.029087292,0.045978084,0.0337513
-2.1298727e-09,0.016781691,0.012101882,0.017884914,0.13062397,0.040670127,0.047995176,0.035731237
5.880992e-10,0.0190535,0.01419682,0.02181182,0.33359808,0.07609252,0.06741248,0.037868027
-1.11262e-09,0.018306607,0.013570649,0.020373251,0.21177566,0.033113938,0.06837661,0.036300864
-2.1696092e-09,0.014127202,0.010542336,0.016640745,0.25560468,0.032727018,0.029239528,0.036166426
-9.695689e-10,0.022179717,0.0143372435,0.01881804,0.64753973,0.041112147,0.06000683,0.042769086
-1.3510386e-09,0.018019244,0.012927564,0.019751165,0.31623825,0.05331502,0.050327454,0.043789953
-8.304914e-10,0.017704496,0.011513878,0.015552101,0.15830548,0.045948222,0.07486793,0.041509412
-1.5894572e-11,0.021464445,0.013530203,0.017729394,0.41177434,0.050442535,0.062130027,0.042689122
-5.086263e-10,0.015993088,0.011943483,0.018195957,0.11824683,0.029716145,0.040977668,0.030385781
6.3578287e-10,0.022121985,0.015208765,0.020839812,0.37518173,0.060854107,0.07437151,0.031863544
1.7801921e-09,0.022888398,0.0148236975,0.019284602,0.183777,0.034155387,0.066967405,0.035053916
1.0808309e-09,0.0223337,0.014314556,0.018973561,0.23423986,0.045595486,0.032774635,0.035701968
1.9073487e-09,0.022615397,0.014185434,0.017729394,0.1787186,0.030444697,0.039495256,0.033782244
-7.311503e-10,0.014724045,0.010653431,0.01570762,0.07302815,0.03378169,0.026750756,0.0310058
2.861023e-10,0.020261226,0.01310071,0.017729394,0.11883219,0.033507857,0.0491354,0.036097337
2.384186e-10,0.019118285,0.012764614,0.017884916,0.06729797,0.025448479,0.042021036,0.033233337
1.2715658e-10,0.020377021,0.014392434,0.020839814,0.14271282,0.056112908,0.049032904,0.034032144
-1.4940897e-09,0.019951185,0.012911086,0.017107308,0.2827937,0.028830115,0.04237205,0.03474103
-1.891454e-09,0.022650136,0.014306122,0.019284602,0.39107525,0.03174427,0.047996163,0.0324766
-5.722046e-10,0.026516093,0.018212683,0.023328148,0.18878044,0.037277386,0.03401555,0.039200693
1.8755595e-09,0.01398418,0.010603988,0.016640747,0.09817384,0.02666093,0.03134431,0.036737226
-1.0172526e-09,0.017802607,0.012111984,0.017573874,0.11783779,0.038231242,0.046051998,0.03527855
-9.536744e-10,0.022033012,0.01353612,0.016951788,0.055316117,0.02655932,0.029790575,0.032209165
1.3987224e-09,0.02312805,0.015881093,0.020684293,0.09820474,0.038436785,0.043716125,0.030939464
-7.6293943e-10,0.033653054,0.022610834,0.026944011,0.07427439,0.043719284,0.04143752,0.043408975
0.0,0.04679058,0.036115274,0.057387248,0.82954144,0.056040443,0.06047437,0.24187604
6.3578287e-10,0.05667772,0.038271207,0.044012442,0.14721861,0.02461197,0.042507786,0.07178329
1.2079875e-09,0.02996005,0.02215433,0.034214616,0.4489458,0.019583803,0.03647116,0.041939467
-6.5167743e-10,0.013999627,0.010886147,0.017729394,0.03563653,0.01506932,0.029716624,0.026386034
3.8146972e-10,0.017482905,0.013630082,0.02177294,0.05877368,0.015685463,0.026169319,0.025246032
-2.3841857e-09,0.013571885,0.010581908,0.017418351,0.056924578,0.03178236,0.03635601,0.02824964
1.6371409e-09,0.01402679,0.010790375,0.017107308,0.0612627,0.017539917,0.03680819,0.027314102
1.9073487e-09,0.025884958,0.01855153,0.02643857,0.19146053,0.023887038,0.041336324,0.1456242
-1.5894572e-10,0.020577518,0.016345162,0.027838258,0.1558906,0.02305557,0.027499275,0.04880592
1.1444092e-09,0.018854503,0.013238151,0.01866252,0.1909836,0.01880497,0.030016063,0.04882047
4.3710072e-10,0.01149816,0.009032631,0.014657853,0.043211192,0.018580155,0.038184892,0.024070209
9.377797e-10,0.012212605,0.009613887,0.0157465,0.039712213,0.024846908,0.035958383,0.024763556
9.218852e-10,0.017518014,0.012504432,0.019129083,0.051087484,0.023751616,0.03451046,0.024695855
-6.993612e-10,0.015940107,0.012651336,0.021306377,0.07657625,0.019122511,0.023717968,0.030296484
8.2651774e-10,0.014561176,0.011475313,0.01881804,0.03721593,0.03431145,0.046371195,0.03230727
1.4305115e-10,0.014215095,0.01112664,0.018351477,0.033834945,0.021700136,0.055330582,0.030040838
1.9073486e-10,0.014139125,0.011168429,0.018818041,0.039400082,0.019714331,0.0409607,0.02839485
7.0333483e-10,0.015121482,0.0119167855,0.019906687,0.04528364,0.029955866,0.048161596,0.028328845
1.4305115e-10,0.013059846,0.010204583,0.016796267,0.044429038,0.030062208,0.039853305,0.030228708
6.0399374e-10,0.016831173,0.012836029,0.02021773,0.027878353,0.015046136,0.040813375,0.024691276
8.2651774e-10,0.014833965,0.01169982,0.019284602,0.038931035,0.018805904,0.03442746,0.024360543
2.5431315e-10,0.014393163,0.011325127,0.01866252,0.02960987,0.02393156,0.062097292,0.029976426
-7.4704487e-10,0.013336053,0.010531213,0.017457232,0.04069181,0.01960527,0.056178086,0.025036262
2.5431315e-10,0.013142701,0.010315471,0.01683515,0.031226892,0.016168922,0.045678575,0.02523216
-2.6226044e-10,0.011211276,0.008730625,0.014307932,0.020798476,0.01417236,0.028819874,0.02801211
4.768372e-10,0.013320678,0.010445532,0.017262831,0.037870124,0.037383225,0.05322012,0.026895935
-1.335144e-09,0.011919682,0.009315719,0.015241058,0.02747957,0.024014557,0.056703173,0.024691863
1.2397766e-09,0.012805115,0.010054529,0.016796267,0.06689087,0.014463009,0.021214332,0.022655446
8.7420143e-10,0.012524814,0.00982645,0.016174182,0.03663629,0.023268027,0.032791466,0.021698575
-7.947286e-10,0.012425721,0.009419223,0.014930015,0.051413737,0.020605775,0.019135853,0.021184098
-1.5894572e-10,0.015161779,0.010415685,0.015124417,0.10716223,0.029203761,0.04450188,0.022541791
1.0808309e-09,0.0108273,0.008288396,0.013063764,0.032608006,0.019508593,0.02047058,0.01730564
2.2093456e-09,0.011821194,0.00931496,0.015552101,0.064935364,0.025729436,0.035485227,0.023823487
4.4504803e-10,0.012887678,0.009899879,0.015552101,0.027098939,0.021287555,0.033712212,0.024994131
-2.861023e-10,0.010165046,0.007908777,0.012908243,0.04235289,0.021239154,0.01732663,0.019610355
1.0808309e-09,0.013655274,0.009979091,0.015435459,0.16380686,0.028338129,0.02232116,0.02086321
2.0662944e-10,0.0134541895,0.010097054,0.0155521,0.12786792,0.040219877,0.05535892,0.028053865
-3.1789144e-11,0.01644584,0.01121624,0.01590202,0.17202577,0.059741773,0.03864353,0.024109937
1.7484029e-09,0.010757137,0.007956968,0.0125972,0.10103774,0.015615182,0.02789571,0.021465465
-2.0821889e-09,0.008861918,0.0069103437,0.011353034,0.033138383,0.009715327,0.0174218,0.014026876
9.536743e-11,0.014484172,0.010309964,0.015396578,0.11642792,0.03153302,0.02302029,0.020743273
9.059906e-10,0.010379996,0.00798597,0.013063763,0.059065375,0.024985172,0.020003702,0.017601438
-1.5417735e-09,0.018813556,0.0112554515,0.015241058,0.5191792,0.03801412,0.024344748,0.022981757
1.4305115e-10,0.014263299,0.010641786,0.016329706,0.19174969,0.04501305,0.046644706,0.025543122
7.7883405e-10,0.012265399,0.009198085,0.014307931,0.08331177,0.022034343,0.027579714,0.021443387
6.357829e-11,0.015023456,0.010883386,0.016640745,0.11966587,0.030395357,0.04552085,0.02624181
-1.11262e-09,0.02025914,0.011691453,0.015552099,0.062093094,0.025606956,0.019890288,0.02407859
-1.0331471e-09,0.020627031,0.012576202,0.016951788,0.85005295,0.06583735,0.06990086,0.03002383
-4.2120615e-10,0.015448217,0.01067083,0.015707621,0.21231079,0.04313435,0.06004061,0.027341422
-1.3391177e-09,0.012092186,0.009487288,0.01570762,0.07539175,0.038305167,0.03816288,0.028973993
-2.2252401e-10,0.012087934,0.009700238,0.016640745,0.07928851,0.034715943,0.039675247,0.020996375
6.3578287e-10,0.0178256,0.01238454,0.017107308,0.18288442,0.0247979,0.036816046,0.019348986
2.5431315e-10,0.015755273,0.01177036,0.018506998,0.16277912,0.064958885,0.055019822,0.021829486
1.223882e-09,0.01471807,0.011203847,0.017884914,0.123933755,0.033380006,0.03593337,0.024659311
6.5167743e-10,0.020052927,0.013844122,0.019284602,0.6840867,0.08005337,0.06115122,0.024406288
1.0967255e-09,0.022687927,0.013696092,0.016796269,0.16567811,0.033901896,0.028362326,0.024707008
8.424123e-10,0.010487491,0.008190002,0.013219285,0.027644588,0.033688113,0.027092429,0.018763049
-5.5631e-10,0.010266928,0.0082313465,0.014307931,0.024872465,0.020563768,0.03026522,0.020906765
-1.0649364e-09,0.0100074,0.0076353806,0.011975117,0.033642247,0.018496258,0.014474374,0.013417872
-3.973643e-10,0.011409128,0.008919011,0.014618974,0.06554801,0.031153066,0.028582795,0.020983664
2.0662944e-10,0.018364789,0.011229899,0.014307932,0.12475243,0.041731063,0.017874938,0.020305447
-2.0662944e-10,0.010130364,0.007947062,0.013219286,0.028571313,0.03945848,0.032306697,0.021382282
-1.1603037e-09,0.010681964,0.008344591,0.013530326,0.06469108,0.025864275,0.026976343,0.020238228
1.0331471e-09,0.014911485,0.010998525,0.016796269,0.1128145,0.037115045,0.030977955,0.028780606
6.437302e-10,0.011047759,0.008421378,0.013219285,0.073366895,0.020296322,0.017224262,0.016384978
-3.1789144e-10,0.0147258835,0.010894871,0.016329704,0.15746176,0.045019038,0.0591127,0.035448994
-2.1457672e-10,0.013084124,0.010169218,0.016174184,0.110779785,0.03103206,0.029889844,0.02733929
-9.536744e-10,0.019921808,0.014148086,0.019751167,0.27693447,0.04110482,0.03297482,0.022865595
6.993612e-10,0.016924007,0.010446945,0.01415241,0.11389348,0.020322222,0.016193314,0.015238319
-2.5431315e-10,0.014038099,0.009629897,0.013685847,0.11362212,0.022647697,0.013151527,0.014383594
3.8146972e-10,0.009097971,0.0068924325,0.010730948,0.049998123,0.015072075,0.013263075,0.014013661
1.2715658e-10,0.010838058,0.008372762,0.013530327,0.072234124,0.018902207,0.009923158,0.014091462
8.2651774e-10,0.01638133,0.011705072,0.016796267,0.1957459,0.022806384,0.009676702,0.0126474975
6.3578287e-10,0.017384887,0.013498247,0.022083983,0.16898626,0.026769163,0.009088278,0.013435188
-1.4305115e-09,0.016312137,0.012868188,0.02068429,0.11947735,0.015657907,0.00698987,0.015182487
-5.324682e-10,0.009309146,0.0068903584,0.010575429,0.03851168,0.015648054,0.016891902,0.02085355
1.1126201e-10,0.014762546,0.010264258,0.014774494,0.04986978,0.020759888,0.018675508,0.025643723
5.8015187e-10,0.013373286,0.009795959,0.015241059,0.025574686,0.024365736,0.026344066,0.024681844
1.6530355e-09,0.009164049,0.0069463025,0.011041991,0.04462246,0.02153611,0.008717309,0.016633578
4.768372e-10,0.01376601,0.00994481,0.014463452,0.11076004,0.027172057,0.025771013,0.0464425
1.724561e-09,0.00905212,0.0070447917,0.011353033,0.026268866,0.017599925,0.021141306,0.020167733
-1.2874604e-09,0.011125042,0.0083055785,0.013063763,0.07770926,0.041339885,0.041124247,0.022695187
1.8835067e-09,0.015481783,0.010371963,0.014463452,0.061645325,0.023069343,0.01410879,0.020559564
-7.947286e-10,0.01597629,0.00995682,0.012752721,0.18365997,0.026721671,0.015163785,0.019356668
-5.722046e-10,0.014527604,0.010145262,0.015085536,0.07540387,0.03880547,0.04138395,0.02467928
-1.3589859e-09,0.008917568,0.0067700013,0.01088647,0.041112445,0.016082095,0.018373074,0.015038017
3.1789144e-10,0.010362431,0.008033698,0.013219286,0.079589106,0.028170295,0.030223098,0.034397345
1.2715658e-10,0.018834352,0.0107344985,0.0141524095,0.649308,0.026718913,0.0362656,0.026246011
1.9749005e-09,0.009869387,0.007609285,0.011975116,0.047553528,0.019439384,0.0332781,0.02725356
0.0,0.013715401,0.010377819,0.016329706,0.1246684,0.03340307,0.03148908,0.023177858
1.9749005e-09,0.011141405,0.008657447,0.014307932,0.07727106,0.032579146,0.037851818,0.027049685
1.168251e-09,0.01277179,0.009782776,0.015552099,0.09155098,0.04936466,0.03844542,0.01971444
1.446406e-09,0.016499322,0.011796916,0.017418351,0.18197872,0.054434292,0.047480464,0.033574477
2.3523967e-09,0.019770494,0.013934935,0.019129083,0.31827804,0.063790575,0.05196436,0.022291495
1.3987224e-09,0.0145750325,0.010862028,0.017107308,0.098835744,0.050089896,0.060565956,0.025955781
-1.9788742e-09,0.018497821,0.011139684,0.014618974,0.33975133,0.023950718,0.016198868,0.02094578
5.722046e-10,0.011807116,0.009140561,0.014774495,0.07584127,0.024666393,0.036351528,0.02400148
-2.5431315e-10,0.014790549,0.010539192,0.015085537,0.17957237,0.0360598,0.03954845,0.026483692
1.0649364e-09,0.013432107,0.010765728,0.017923795,0.13367188,0.03413733,0.020541133,0.021421805
-6.993612e-10,0.010865508,0.008080497,0.012130638,0.0838538,0.019925382,0.018181799,0.021838605
9.218852e-10,0.010178934,0.007932817,0.013063763,0.06390581,0.02447363,0.011043228,0.019710055
-5.642573e-10,0.012425176,0.009618701,0.015552099,0.13457939,0.029500218,0.016243191,0.016197525
1.9073486e-10,0.012574412,0.009697599,0.015552099,0.102480635,0.023353651,0.011244622,0.015836503
-1.0490417e-09,0.013327113,0.009883896,0.015124417,0.070212126,0.026519006,0.0076961988,0.014836789
9.536744e-10,0.009129875,0.007085001,0.011664074,0.042769976,0.013796621,0.010625051,0.017536739
-3.0199687e-10,0.009255142,0.0070618386,0.011353032,0.050874103,0.019384608,0.011178274,0.01959914
-2.3047129e-09,0.011826288,0.009105024,0.014618973,0.062311333,0.016269853,0.014568035,0.018272156
-2.1060307e-09,0.008587935,0.006523017,0.0102643855,0.04592648,0.020726452,0.008997759,0.016830793
1.3589859e-09,0.00853811,0.006540344,0.010730948,0.044211946,0.016817002,0.010081945,0.014663966
-1.3987224e-09,0.015239199,0.010772747,0.016174182,0.14890261,0.022377396,0.009446291,0.0141736185
5.4041543e-10,0.011618929,0.009048826,0.014930015,0.043410383,0.019510996,0.010030762,0.015395919
-1.7007192e-09,0.010885308,0.008470291,0.013685848,0.060613357,0.017810617,0.009892361,0.015707232
7.947286e-12,0.01030962,0.007765096,0.012130638,0.031349402,0.0206337,0.014935419,0.022135146
4.1325887e-10,0.00907594,0.0069833,0.011353033,0.030117964,0.019385833,0.01435243,0.021474723
2.1616617e-09,0.010833515,0.008352558,0.013374805,0.051020954,0.03067063,0.035087902,0.02526296
-1.2715658e-10,0.01082702,0.00810418,0.0125972,0.055042785,0.019216487,0.025100373,0.022688746
-6.0399374e-10,0.013402711,0.009344043,0.0133748045,0.08228827,0.022285039,0.0139624365,0.018146059
-1.1761984e-09,0.011237928,0.008623574,0.013685849,0.04897329,0.029291173,0.032944065,0.02547135
1.3987224e-09,0.013774239,0.009975088,0.015085536,0.16401371,0.033733275,0.036418352,0.025085807
8.2651774e-10,0.016543077,0.010443782,0.014307932,0.25844288,0.032985467,0.018334543,0.021627055
-4.7683715e-11,0.02316172,0.0144373635,0.018351477,0.3795927,0.03270094,0.029493025,0.0230941
5.086263e-10,0.011263016,0.008542997,0.013219285,0.092583574,0.031626742,0.024813037,0.02349646
1.4781952e-09,0.012710172,0.0099237235,0.016018663,0.16272576,0.03392208,0.022847874,0.024762036
8.106232e-10,0.011354059,0.008785634,0.014618973,0.11465896,0.020112094,0.013238921,0.017722804
-1.1205673e-09,0.010546639,0.007641208,0.011664074,0.049081806,0.020058518,0.015138394,0.017845333
1.1523564e-09,0.009600016,0.007379079,0.011664075,0.05766923,0.022500403,0.008744636,0.016926946
-6.993612e-10,0.0128246285,0.009092679,0.012908243,0.08524165,0.025486553,0.014107899,0.01802826
-1.335144e-09,0.010836945,0.0083624525,0.013219285,0.06409215,0.022888396,0.011060138,0.014971623
-1.2715657e-09,0.013080181,0.009928326,0.015085536,0.061982468,0.015980644,0.012040153,0.017747987
7.6293943e-10,0.045050565,0.03360315,0.049611196,0.26160368,0.042955752,0.08776324,0.36687234
-2.0662942e-09,0.042251367,0.027091851,0.031765163,0.1648348,0.020181011,0.02420731,0.037584238
4.1325887e-10,0.01312357,0.010293231,0.016951788,0.02189465,0.027194848,0.023206642,0.031371035
-7.947286e-11,0.010936178,0.008524432,0.01415241,0.050365157,0.021174299,0.015119875,0.024210189
-1.4940897e-09,0.016858784,0.01056453,0.014930015,0.16882583,0.024205817,0.034303784,0.027976623
1.7642975e-09,0.011662085,0.008770876,0.013374805,0.0757939,0.027785486,0.035070725,0.027460663
7.152558e-11,0.012248626,0.0093183005,0.014774495,0.06975859,0.026994951,0.0432627,0.033725202
-1.0808309e-09,0.02167929,0.014962319,0.020995334,0.30498475,0.055048887,0.07904438,0.03158928
-1.2715658e-10,0.0130193075,0.009259077,0.013530326,0.09327342,0.03149107,0.02850424,0.022626834
6.993612e-10,0.016338937,0.010666951,0.014463453,0.08817186,0.030226503,0.029386716,0.025703777
-7.7883405e-10,0.021566376,0.0116644325,0.015085537,0.100683816,0.027108613,0.023484144,0.030644055
1.9232431e-09,0.011116949,0.008682869,0.014307932,0.05267308,0.03444032,0.039535455,0.02857774
2.7179718e-09,0.018740099,0.013341894,0.018195957,0.23532519,0.032619298,0.034068517,0.027118204
8.9009605e-10,0.019498294,0.0123886475,0.017107312,0.098156184,0.04646904,0.046805527,0.037375674
1.5894572e-09,0.013767629,0.0105190165,0.016951788,0.13955303,0.054578062,0.04420918,0.028056864
3.496806e-10,0.023543295,0.014682778,0.018973563,0.12987497,0.034364913,0.057818606,0.02317824
1.0808309e-09,0.014003172,0.010671725,0.016485225,0.12160972,0.046324346,0.041317943,0.031956878
-8.9009605e-10,0.019737482,0.014197613,0.021150853,0.16278176,0.04475097,0.06385154,0.027191196
7.311503e-10,0.018668579,0.012670438,0.018079316,0.43561646,0.03541834,0.049484268,0.026253017
5.722046e-10,0.033132046,0.02043731,0.024883358,0.29635653,0.0410124,0.044099446,0.038458437
-7.23203e-10,0.01567035,0.011845128,0.01881804,0.14346224,0.037242036,0.049096126,0.027823076
8.662542e-10,0.021234527,0.014076494,0.02068429,0.4553417,0.06778746,0.05146445,0.03365226
1.1444092e-09,0.020062167,0.013672866,0.018507,0.29086292,0.04802057,0.048694864,0.03359883
-7.6293943e-10,0.020703979,0.015675537,0.023833593,0.34119856,0.06485277,0.053364366,0.026675753
-9.854635e-10,0.015985966,0.01197666,0.018390357,0.1701252,0.04932563,0.053505834,0.0316089
1.6530355e-09,0.039754726,0.023242487,0.023522552,0.3261132,0.037948415,0.048461556,0.080223545
1.4940897e-09,0.02351345,0.016278977,0.023172628,0.04446972,0.028842533,0.036648266,0.032064416
-1.0331471e-09,0.011973248,0.009097325,0.01415241,0.05147529,0.02553008,0.021299355,0.026031755
-8.9009605e-10,0.01358435,0.010667523,0.018040435,0.07635706,0.027083578,0.014795358,0.021789918
-1.8199285e-09,0.0153095685,0.01122154,0.016951788,0.112712905,0.031428996,0.043618284,0.042583905
-8.9009605e-10,0.013250972,0.010238426,0.016796269,0.080607295,0.04536438,0.048141647,0.03094609
-9.536743e-11,0.017358754,0.012462655,0.018351479,0.28476223,0.04941575,0.056902036,0.03136076
7.947286e-10,0.020769393,0.014201182,0.019129083,0.18384948,0.04161486,0.04388709,0.025335858
-3.0199687e-10,0.02457357,0.014326137,0.01710731,0.4804767,0.03616282,0.04377681,0.02704614
-2.2252401e-10,0.013948033,0.010689903,0.016951788,0.1502797,0.033434026,0.04380782,0.029197536
6.357829e-11,0.014912319,0.009803724,0.013844939,0.043085173,0.019854289,0.021601047,0.0444408
-7.152558e-11,0.011501264,0.00857523,0.013401901,0.04203869,0.021144863,0.027703684,0.03495919
6.357829e-11,0.012739565,0.009246447,0.013734179,0.031013563,0.020493139,0.02227658,0.03035296
-5.086263e-10,0.021630809,0.017172482,0.030348105,0.051868174,0.015983574,0.06340621,0.034075677
1.0808309e-09,0.014872207,0.011356863,0.017610762,0.03472884,0.0045117275,0.08627591,0.017772304
-5.4041543e-10,0.015186072,0.011734861,0.019272154,0.046545856,0.006186125,0.10633535,0.025113935
9.059906e-10,0.014127386,0.010644991,0.016724687,0.028735088,0.005527202,0.17538047,0.027448425
-5.5631e-10,0.015338649,0.010309896,0.015063291,0.08050589,0.009003688,0.13273194,0.032351125
3.1789144e-11,0.01259317,0.0094475765,0.014177216,0.030904423,0.00532496,0.21541516,0.024376675
1.1603037e-09,0.015339306,0.011756944,0.018939877,0.06739213,0.00655333,0.083286084,0.023023577
-1.4146169e-09,0.0144913765,0.011328519,0.01849684,0.027970951,0.007881377,0.22088061,0.03653135
-4.2120615e-10,0.022786798,0.015709829,0.021819623,0.21481505,0.0061994283,0.07945777,0.019367447
9.059906e-10,0.015090268,0.011533786,0.01816456,0.03818138,0.010855123,0.18812872,0.0377919
-2.861023e-10,0.01472862,0.011340552,0.018496837,0.056416716,0.005972724,0.13762008,0.030529553
-5.2452087e-10,0.013541683,0.009841261,0.014758705,0.030090125,0.0052117454,0.08304114,0.027879715
-1.9073487e-09,0.013576271,0.010308406,0.01594937,0.040414464,0.006974948,0.20529781,0.029355993
5.5631e-10,0.011480887,0.008896488,0.014398735,0.01680445,0.005898685,0.053437196,0.018033061
3.496806e-10,0.013336666,0.01050712,0.017306173,0.03422273,0.007238546,0.13334367,0.034426212
1.8596649e-09,0.01372365,0.010561665,0.016724685,0.0327093,0.0050196773,0.13019711,0.03268913
-4.2915344e-10,0.015190729,0.011140104,0.016392408,0.084889516,0.007272949,0.111186646,0.03011549
-3.1789144e-10,0.011937815,0.009217159,0.014509495,0.024986066,0.00528898,0.07987781,0.023166489
9.854635e-10,0.011900464,0.009247171,0.015063295,0.02631166,0.0061187022,0.10419674,0.030154793
2.0662944e-10,0.012498825,0.009587927,0.015395571,0.020829454,0.0054036514,0.13310161,0.026636295
1.5735626e-09,0.011473028,0.009032074,0.014731014,0.024597958,0.007347753,0.07222655,0.035230692
-1.2715658e-10,0.013125414,0.010257046,0.016835446,0.023244862,0.0068698917,0.07280081,0.020262837
9.536743e-11,0.015551824,0.0114551615,0.017500004,0.15766212,0.009667754,0.13186273,0.025385197
9.536744e-10,0.017143914,0.012069338,0.016724685,0.028610278,0.008070271,0.0917038,0.026249437
2.384186e-10,0.010082742,0.007879649,0.012958864,0.036339663,0.0063539487,0.044192456,0.019269172
3.1789144e-10,0.015689855,0.011416238,0.016835447,0.08389535,0.0050624227,0.077000126,0.024565728
-3.8146972e-10,0.01081227,0.008305685,0.013291141,0.024588447,0.007097183,0.111091755,0.028346915
-4.768372e-10,0.013382045,0.009929643,0.015395574,0.09516467,0.007221019,0.08597003,0.03255884
1.7007192e-09,0.011610337,0.0089607565,0.014731014,0.030881682,0.004701644,0.10028682,0.018775685
-4.768372e-10,0.01031987,0.008074582,0.013180381,0.023017336,0.0057052304,0.052600518,0.025962071
1.3669332e-09,0.012325761,0.009438501,0.014952535,0.05756397,0.007025802,0.08764972,0.028479371
-3.973643e-10,0.010494666,0.008169974,0.013291141,0.023166198,0.005647638,0.11455055,0.02501787
-3.33786e-10,0.010261482,0.007974628,0.013180381,0.03354208,0.005412685,0.056313388,0.027074147
-2.026558e-09,0.010253866,0.007761039,0.012626585,0.016906634,0.004992436,0.05772397,0.031794835
-6.993612e-10,0.009336899,0.0072164144,0.01140823,0.022906702,0.0053555206,0.05196074,0.016993592
1.0093053e-09,0.009104985,0.0071425405,0.011740509,0.022317613,0.0054146117,0.042903487,0.021429261
8.2651774e-10,0.013110012,0.008776569,0.013291141,0.023799814,0.006585328,0.05243735,0.025164936
2.6226044e-09,0.011484747,0.00838942,0.012848103,0.021461578,0.0052551175,0.10639653,0.030064818
4.1325887e-10,0.009956396,0.007656062,0.012072789,0.02189568,0.004370239,0.08844553,0.019246297
5.00679e-10,0.009374638,0.007153417,0.0111867115,0.030147405,0.0038996327,0.04931023,0.01934119
1.6689301e-09,0.011800655,0.009156656,0.015063295,0.021105051,0.006185066,0.105300166,0.028599368
-1.3828277e-09,0.011920935,0.00829863,0.012183547,0.1422934,0.0056437952,0.05626078,0.017048525
4.4504803e-10,0.013709849,0.010233359,0.015727852,0.047630467,0.006770065,0.050453,0.02336264
-2.7020772e-10,0.015967937,0.010847418,0.01583861,0.051923044,0.006203423,0.07030649,0.07092679
-1.1761984e-09,0.011051043,0.008483017,0.013291141,0.040539633,0.0051033087,0.06542034,0.016766544
-9.536744e-10,0.011417909,0.008493693,0.012958862,0.02898366,0.0055230753,0.056788497,0.019766059
-3.33786e-10,0.0083636455,0.006558424,0.0108544305,0.025610894,0.004592439,0.025282811,0.019556062
1.4384588e-09,0.01252253,0.009442651,0.015284812,0.039516795,0.007758752,0.05244762,0.03822756
-6.1591465e-10,0.0105357645,0.008086101,0.012958862,0.024365483,0.005049764,0.08251782,0.013855049
1.9232431e-09,0.010324677,0.0068193045,0.010189874,0.03895932,0.0142659405,0.03493299,0.030179769
8.34465e-11,0.007991714,0.00620941,0.009968355,0.020437762,0.005462351,0.027293684,0.023489531
5.920728e-10,0.0076427013,0.005948285,0.009636078,0.019908985,0.006401265,0.022153331,0.025302444
-2.4318696e-09,0.008781927,0.0067542093,0.010743674,0.016069256,0.0051883166,0.02765017,0.025759192
8.304914e-10,0.008566926,0.0066294763,0.010660604,0.023408568,0.0066349264,0.03570728,0.022194553
1.0410944e-09,0.007568898,0.0058804597,0.00952532,0.029037494,0.005305592,0.020955583,0.018369325
6.0399374e-10,0.016546162,0.009940259,0.011629749,0.040033396,0.0071003325,0.0145752905,0.017147744
-5.086263e-10,0.046414,0.031978,0.03823972,1.8794745,0.015779547,0.015074288,0.011817267
-6.993612e-10,0.010537315,0.007942232,0.012958864,0.0356131,0.0066987146,0.040187288,0.020741498
-1.9073487e-09,0.009405074,0.007389796,0.012072789,0.036785886,0.004846183,0.035601843,0.0088615855
-2.0662944e-10,0.009758762,0.007518907,0.011962028,0.018725187,0.0050035976,0.05325168,0.018966945
1.223882e-09,0.011111297,0.008731861,0.014620256,0.027443292,0.0050589093,0.076489754,0.017997656
7.867813e-10,0.008570229,0.0066657877,0.010965191,0.020204837,0.004332056,0.050731156,0.017254146
6.993612e-10,0.013537117,0.009778998,0.014509495,0.022905018,0.0043676943,0.06159928,0.018603204
-2.0186106e-09,0.015585418,0.010010248,0.013623418,0.029284326,0.0061468473,0.025692763,0.017756376
-1.5894572e-10,0.015628472,0.011396818,0.016170887,0.047210597,0.0057443213,0.054817487,0.013673294
-2.2252401e-10,0.013179057,0.009651477,0.015174054,0.02699658,0.0067548486,0.07035205,0.020964475
-2.2252401e-10,0.010242248,0.0077470955,0.011962028,0.017173702,0.0058877156,0.12585779,0.026575552
-4.4504803e-10,0.01026422,0.0077802944,0.012405066,0.018803881,0.005513964,0.07643785,0.019112768
-1.3987224e-09,0.013367028,0.009099893,0.01306962,0.041627582,0.0150259305,0.039151985,0.031002477
1.4305115e-10,0.010722786,0.007815925,0.012183545,0.027236337,0.005655215,0.03022015,0.019957872
-2.7815502e-11,0.008269698,0.006389978,0.010522153,0.023423407,0.0056360182,0.04638225,0.023627631
-1.7841657e-09,0.009442864,0.006614668,0.009746838,0.02082402,0.0055053737,0.011767079,0.012830204
5.880992e-10,0.011091447,0.007951288,0.011518991,0.037358608,0.0059302854,0.09967513,0.011700133
-1.7484029e-09,0.008713227,0.006764312,0.0108544305,0.03596924,0.004827714,0.049410354,0.015464259
-5.086263e-10,0.010298486,0.007791149,0.012294307,0.021641651,0.0046926783,0.037805777,0.02007421
2.2252401e-10,0.01114435,0.008234571,0.012958864,0.032020837,0.006212349,0.029134843,0.021869475
-9.735426e-10,0.017182382,0.010718449,0.014204908,0.030172931,0.0053416993,0.08048261,0.019208146
-6.993612e-10,0.021202642,0.015719373,0.023591777,0.27854207,0.007236775,0.06421143,0.016470201
-1.1722247e-10,0.0077302065,0.006093856,0.010189876,0.022427771,0.006548108,0.028130718,0.013491783
-1.2079875e-09,0.015678855,0.010420626,0.01362342,0.045347154,0.004699968,0.04340615,0.021232704
-2.5431315e-10,0.020574767,0.011863878,0.013291141,0.025226647,0.0051318244,0.025244884,0.0113569815
2.1457672e-10,0.010274247,0.00724498,0.01140823,0.02645443,0.0045837886,0.026916552,0.017403781
9.536743e-11,0.00786798,0.0062411255,0.010411393,0.023761189,0.0053658746,0.031786717,0.016400125
-3.973643e-11,0.008055678,0.0063205217,0.010439083,0.018757084,0.0049268133,0.024591425,0.015480483
-7.947286e-10,0.009098315,0.007009415,0.0111867115,0.019289155,0.006513566,0.052069418,0.016725011
8.424123e-10,0.0063827303,0.0051168283,0.008750003,0.0122386785,0.0048882565,0.017364472,0.011148778
1.8000603e-09,0.006892915,0.0053614667,0.008777693,0.011644442,0.0077393306,0.04117124,0.014467937
-3.7352244e-10,0.006809609,0.0054019806,0.009082282,0.015452732,0.015721314,0.011277038,0.012057708
-8.1857043e-10,0.006931316,0.005375812,0.008860763,0.0075746714,0.006951159,0.013487639,0.014421946
-6.67572e-10,0.011783002,0.0075435457,0.011518991,0.030931702,0.008865522,0.019389505,0.042330455
-3.973643e-11,0.0073465314,0.0058170455,0.009746838,0.018344011,0.009293408,0.019999487,0.011919682
4.9273174e-10,0.008146589,0.006201397,0.009857597,0.011161296,0.010742079,0.051634252,0.022907762
-5.722046e-10,0.007983766,0.006366866,0.010522153,0.027117237,0.016155979,0.012624371,0.013890864
-1.1841456e-09,0.007874061,0.006127935,0.009968355,0.017542463,0.008611573,0.014855382,0.023695866
-3.1789144e-10,0.008050674,0.0063459105,0.010300636,0.022913834,0.013819754,0.014623562,0.030786691
1.6689301e-09,0.008072781,0.0064647365,0.010965191,0.02581728,0.015007443,0.011188283,0.015269646
-1.7325084e-09,0.0086484235,0.0067945933,0.011518989,0.023082087,0.015941838,0.009029695,0.018202662
3.8544337e-10,0.008578825,0.0067157643,0.0108544305,0.01785503,0.017170472,0.010312584,0.017026227
2.2252401e-10,0.0093468055,0.0071285246,0.011740508,0.044238415,0.019680955,0.011208854,0.016385844
-4.2915344e-10,0.009082732,0.0062536215,0.009968357,0.013041737,0.007657072,0.01840007,0.02764891
6.11941e-10,0.00867908,0.0065069813,0.010189876,0.03799538,0.012370811,0.008997001,0.014525968
2.861023e-10,0.015579823,0.0096780155,0.012848103,0.16351925,0.025350647,0.021798218,0.015681913
2.3563702e-09,0.008039407,0.006320159,0.010411393,0.024835872,0.01679157,0.00638878,0.012079055
5.8015187e-10,0.013068871,0.009121801,0.01351266,0.06335825,0.014254194,0.02649189,0.037808273
9.854635e-10,0.010832139,0.008100812,0.012958864,0.13548534,0.041343946,0.015941821,0.018984234
-1.446406e-09,0.018661074,0.010260402,0.012986552,0.040078577,0.014449808,0.011810295,0.013569285
-3.1789144e-11,0.012920731,0.009126367,0.013623418,0.17123331,0.03620053,0.01744683,0.018607896
7.867813e-10,0.010641215,0.0080132475,0.012515826,0.07101878,0.02524653,0.012386574,0.018524304
-1.2556712e-09,0.013791346,0.009180427,0.013512658,0.281512,0.022583997,0.022827134,0.029124249
-8.5830687e-10,0.015524285,0.011387543,0.016946204,0.2941285,0.05173171,0.022770073,0.015970781
-1.748403e-10,0.016611107,0.010353202,0.013955699,0.081419796,0.02401766,0.016036684,0.050106034
-1.0490417e-09,0.013956246,0.010096641,0.015174054,0.29097235,0.031305715,0.021112746,0.024743998
7.947286e-11,0.014348111,0.010531848,0.01564478,0.111292884,0.04462586,0.02382904,0.01630612
-3.6557515e-10,0.012267424,0.009599774,0.01594937,0.13243753,0.046548717,0.022636438,0.015805824
7.311503e-10,0.013444223,0.009951174,0.015063291,0.18935345,0.03428376,0.033266246,0.026030513
-2.6226044e-10,0.010921454,0.008354064,0.013512662,0.08683501,0.04207169,0.019622693,0.023654481
-6.67572e-10,0.015840268,0.011204049,0.015506329,0.099601485,0.038909364,0.016969956,0.020830411
-1.3033549e-09,0.01101067,0.00861645,0.014066458,0.09282415,0.03190685,0.018237751,0.015651619
3.6557515e-10,0.01515991,0.011384003,0.01819225,0.13143395,0.054517545,0.017440232,0.015197272
-1.7801921e-09,0.013913393,0.010306605,0.015949368,0.29059267,0.04496924,0.028375702,0.02013082
-2.2252401e-10,0.018571319,0.012146119,0.01639241,0.18886189,0.054328505,0.017964095,0.012409364
-1.8278757e-09,0.036866333,0.023682296,0.02528086,0.2652158,0.03737829,0.063120365,0.15024856
1.2000402e-09,0.015664702,0.01003854,0.013291143,0.014475899,0.010769827,0.04745773,0.024203923
-2.5431315e-10,0.03281396,0.01996798,0.021044306,0.04628528,0.0119365845,0.13270289,0.031410106
-5.880992e-10,0.022954708,0.012747447,0.015174054,0.10159158,0.024258818,0.1832893,0.13886069
8.503596e-10,0.0102372635,0.0077700187,0.012072789,0.013367155,0.009511875,0.05339201,0.032783594
-4.768372e-10,0.02399385,0.01668253,0.022594942,0.90330905,0.008092425,0.04544621,0.021922912
-8.3446505e-10,0.0076587144,0.0060177804,0.009968357,0.02018631,0.0053246515,0.02067099,0.017195111
9.417533e-10,0.011105754,0.008297553,0.012626585,0.012017293,0.004438189,0.12772232,0.021124225
-3.8146972e-10,0.013354136,0.0101395305,0.01617089,0.016706938,0.008334802,0.1436601,0.027601533
-3.139178e-10,0.012526778,0.010015157,0.016946206,0.0116958385,0.00615364,0.17115548,0.027742393
7.0730843e-10,0.0145526575,0.011029084,0.01797073,0.011685674,0.0056724176,0.1956835,0.022807868
-9.536743e-11,0.011397596,0.008959784,0.014731014,0.0085337935,0.006755341,0.103912614,0.015076411
1.748403e-10,0.013677936,0.010332517,0.016724685,0.017464811,0.006134224,0.16930835,0.020676203
7.311503e-10,0.01789312,0.012549557,0.017278483,0.01485081,0.0076908492,0.16687159,0.022298845
8.980433e-10,0.011057981,0.0085204225,0.013429591,0.010212752,0.0060859793,0.14895499,0.02273394
-9.695689e-10,0.016061299,0.0114641925,0.017943041,0.026122639,0.010567548,0.16202286,0.04196954
-9.536743e-11,0.01697884,0.011168404,0.016835446,0.24330004,0.04938088,0.14630146,0.040247638
2.7179718e-09,0.011057279,0.008283019,0.012958862,0.012212133,0.0052043786,0.09871682,0.016570574
-5.880992e-10,0.016338889,0.012077005,0.018496837,0.08106856,0.0085026845,0.17733313,0.02209948
9.934108e-10,0.010897632,0.0084744925,0.0137341805,0.01784823,0.008576607,0.1075822,0.028966174
-4.7683715e-11,0.011499597,0.008267194,0.011962028,0.016246445,0.0053203017,0.053070825,0.012151816
4.2120615e-10,0.010694916,0.008178905,0.013180383,0.017716402,0.0058991746,0.113137476,0.021786671
-5.880992e-10,0.01036335,0.007778428,0.012072787,0.01480089,0.005222033,0.09306615,0.024056498
5.086263e-10,0.011476022,0.008329359,0.011851268,0.020347342,0.004266578,0.041626148,0.015042288
9.218852e-10,0.009605138,0.007376649,0.011851268,0.019903336,0.005694746,0.057149924,0.019481298
1.0967255e-09,0.011740219,0.009044746,0.014287977,0.023081316,0.0061994675,0.104353346,0.020273644
5.086263e-10,0.024459688,0.015169923,0.017500002,0.057609096,0.005159086,0.10862184,0.019386906
-1.1444092e-09,0.012904314,0.009704709,0.015063293,0.015033648,0.0068734083,0.08843002,0.016931543
-1.4305115e-10,0.009685308,0.007667506,0.012848103,0.018597066,0.0051236376,0.08200662,0.024312053
-1.1444092e-09,0.010889376,0.008061131,0.012405066,0.025729643,0.0055071795,0.086491026,0.023645302
9.536743e-11,0.011440276,0.008482791,0.012765033,0.048415814,0.0060507557,0.034512687,0.028274072
8.2651774e-10,0.008586722,0.0065915245,0.010632914,0.012250635,0.008949191,0.08957646,0.015727103
-5.4041543e-10,0.0065816585,0.0051699993,0.008528482,0.0055778567,0.0057674996,0.02037023,0.015760425
1.613299e-09,0.0069077862,0.005467735,0.008971522,0.013824555,0.011093367,0.01627577,0.017762868
1.970927e-09,0.0070868134,0.0056195967,0.009303801,0.015020201,0.015491551,0.0072167153,0.01134285
-9.2983243e-10,0.008486412,0.006501879,0.010632912,0.015924947,0.0052188793,0.008125981,0.024564115
-4.4504803e-10,0.008394432,0.0065459423,0.010660604,0.017068908,0.005695414,0.015364603,0.030425046
3.8146972e-10,0.007372843,0.005682983,0.009303801,0.01075891,0.0062709386,0.015812362,0.015900135
1.0093053e-09,0.006840059,0.005406734,0.00908228,0.01133267,0.010088007,0.025497159,0.01630294
-1.5894572e-09,0.007786443,0.0059959493,0.009636076,0.018141339,0.014168454,0.011762761,0.017099945
-3.973643e-10,0.013778346,0.008105684,0.010411395,0.05978857,0.007794692,0.014341057,0.017081797
1.0808309e-09,0.0066963015,0.0052841,0.008750001,0.0152579695,0.010280692,0.013696587,0.014975578
1.6689301e-09,0.007990519,0.0062568197,0.010300636,0.021920905,0.010955313,0.022702869,0.016255012
-9.934108e-10,0.008240389,0.006421603,0.010411393,0.021247204,0.011448623,0.011323145,0.017897427
2.5431315e-10,0.008855989,0.0068597156,0.0111867115,0.03240253,0.022567073,0.009112655,0.014393521
-1.970927e-09,0.00890438,0.0068229036,0.010522155,0.02767054,0.02084261,0.015156433,0.016306765
-1.6212464e-09,0.012465607,0.008658748,0.012072789,0.14647868,0.028165285,0.013179817,0.013526803
7.6293943e-10,0.014749176,0.010768173,0.015949368,0.35236773,0.056099106,0.03330507,0.02523825
7.947286e-11,0.011926816,0.0092918705,0.014952533,0.12407963,0.028073322,0.020692073,0.018504726
-7.1525574e-10,0.016647082,0.011287363,0.01572785,0.13991845,0.024373638,0.013407145,0.014410856
1.5815099e-09,0.017831018,0.013009598,0.019742882,0.37094742,0.04381693,0.01896662,0.019100549
-1.2715658e-10,0.015469701,0.010248821,0.014287975,0.21115175,0.033154234,0.017954143,0.016056856
-1.4702479e-09,0.014924596,0.011121892,0.016724685,0.1104496,0.038730264,0.013652165,0.012855855
-1.5894572e-09,0.013080219,0.010054036,0.01606013,0.10224351,0.04322981,0.012019028,0.010501346
-1.7801921e-09,0.013709108,0.010423491,0.016170891,0.1023016,0.042275183,0.022041207,0.016919207
-1.3510386e-09,0.016871467,0.011320189,0.01594937,0.215013,0.032046586,0.014922491,0.010035352
7.7883405e-10,0.017100522,0.012225191,0.01783228,0.11457359,0.032035165,0.021920586,0.016360128
1.0649364e-09,0.019251335,0.0134953195,0.018496837,0.28542095,0.059028227,0.021217695,0.013628005
5.4836274e-10,0.014361699,0.011348448,0.019078325,0.1944965,0.052634295,0.024297832,0.019803887
-7.4704487e-10,0.017710455,0.013294607,0.020268992,0.23235992,0.053072535,0.018159341,0.012496727
0.0,0.01506725,0.011496578,0.017610764,0.26216036,0.05509748,0.043528236,0.018231682
3.1789144e-11,0.022629278,0.01609383,0.021930384,0.23583658,0.05210884,0.026974177,0.014632293
-3.33786e-10,0.018659107,0.013607473,0.020379752,0.14491305,0.04911335,0.023809593,0.01100145
-3.8941703e-10,0.019218994,0.014033691,0.021819623,0.22280538,0.05357415,0.0361028,0.021419307
1.0331471e-09,0.01935586,0.014850333,0.023481019,0.21590224,0.08640723,0.024705786,0.010725173
5.880992e-10,0.015249028,0.011948932,0.019382915,0.17550386,0.059526235,0.031076765,0.017435791
1.7007192e-09,0.017145209,0.013236416,0.020712027,0.18735568,0.059291877,0.033563014,0.017648768
1.9391377e-09,0.017730098,0.013419918,0.021044308,0.3185388,0.058120873,0.048717946,0.012930039
-2.5431315e-10,0.019821048,0.01545422,0.02503165,0.46980834,0.05769733,0.029458819,0.010231782
-3.8146972e-10,0.019488432,0.015103373,0.024256334,0.38306865,0.061388087,0.036451932,0.015299086
-4.609426e-10,0.018406289,0.014119497,0.02226266,0.25946826,0.062159523,0.045224592,0.0106343925
6.993612e-10,0.015564078,0.012416057,0.020822786,0.1983101,0.040518567,0.024204802,0.008330606
1.7166137e-09,0.025228046,0.019472213,0.030929592,0.9619409,0.057299305,0.036072973,0.013111375
-9.218852e-10,0.015614804,0.012060563,0.019493675,0.12345284,0.05474844,0.022017349,0.010618735
-4.768372e-10,0.017504135,0.013650884,0.021708863,0.2453779,0.039478198,0.029365774,0.013168546
1.335144e-09,0.01936636,0.014319164,0.022041144,0.30414414,0.043957807,0.03306848,0.010857896
1.0808309e-09,0.027553458,0.019847304,0.027579118,1.0461434,0.045268707,0.024368325,0.00858612
1.8596649e-09,0.018626245,0.014221723,0.023259494,0.50492793,0.047709756,0.023165483,0.011459844
-1.8278757e-09,0.020481436,0.015983988,0.026028484,0.62013805,0.0678928,0.030154418,0.014377448
-8.7420143e-10,0.024555702,0.018264739,0.028354432,0.95085806,0.04965379,0.017943602,0.0080114165
5.086263e-10,0.022665763,0.016942771,0.024920892,0.5772928,0.04628718,0.01776489,0.009349659
-8.34465e-11,0.01708864,0.013330529,0.022151902,0.32620704,0.04944636,0.021248935,0.008552928
0.0,0.01984146,0.015067208,0.023702536,0.37594032,0.052818164,0.023020878,0.008656195
7.947286e-10,0.021981291,0.016844058,0.025474688,0.68505013,0.029014677,0.018039694,0.0074657397
-2.384186e-10,0.021806426,0.016616113,0.025363926,0.4568414,0.0535402,0.039981347,0.01170489
-7.311503e-10,0.019270029,0.015044836,0.024256332,0.30426013,0.07105384,0.029862326,0.0077808527
6.0399374e-10,0.019152176,0.015170073,0.025363926,0.32351595,0.052714393,0.030058993,0.016699761
3.496806e-10,0.022504847,0.016846953,0.025585447,0.6174562,0.059632555,0.02314968,0.009164748
-5.4041543e-10,0.023772059,0.018507868,0.030126587,0.7155109,0.055329043,0.024764964,0.008021601
-4.768372e-10,0.020740317,0.015712269,0.024699371,0.43501136,0.052367087,0.030728735,0.010064024
-1.5417735e-09,0.017065423,0.013553212,0.02303798,0.312244,0.048790354,0.02111808,0.009368172
5.722046e-10,0.018960023,0.014194111,0.022151902,0.32159197,0.0655846,0.036233094,0.014691934
1.4305115e-10,0.026249716,0.020704847,0.03444621,0.90366334,0.079769485,0.036985505,0.012340276
-1.5417735e-09,0.020023048,0.015144544,0.023702536,0.38646907,0.05509442,0.02441062,0.008685917
-4.4504803e-10,0.028682072,0.021724459,0.03455697,0.51821524,0.081202134,0.021672305,0.008496997
6.357829e-11,0.02292834,0.017267061,0.027025321,0.67829823,0.056974202,0.01973653,0.007122898
9.059906e-10,0.021425832,0.016202105,0.024920892,0.5048063,0.06714451,0.0189088,0.008790512
1.0172526e-09,0.020640956,0.016376588,0.027800638,0.3576693,0.063124284,0.028337069,0.009367292
3.496806e-10,0.020141447,0.01591216,0.026914561,0.26490825,0.067981504,0.022392364,0.0073163817
7.6293943e-10,0.020964187,0.016582977,0.028022159,0.62867534,0.037944835,0.021381328,0.008082958
2.2888185e-09,0.02258836,0.017213587,0.027025321,0.95703846,0.05457656,0.015114227,0.009996633
3.1789144e-10,0.019845776,0.015090719,0.023037978,0.49178538,0.04781549,0.026562981,0.00800932
-2.1298727e-09,0.021563118,0.016350808,0.025834657,0.42355356,0.06963203,0.026891846,0.00996679
-1.1444092e-09,0.017820118,0.014048269,0.02303798,0.35088322,0.047507633,0.019216571,0.0100017935
2.861023e-10,0.027374262,0.021070462,0.034916937,0.9233752,0.06599629,0.024152543,0.008049083
-8.5830687e-10,0.0172267,0.0135192005,0.021708863,0.22158165,0.060360543,0.025010657,0.0087263575
6.198883e-10,0.026067626,0.019540047,0.028797472,0.8810378,0.048912633,0.022166532,0.010303622
1.0728836e-09,0.01374417,0.010706531,0.017278485,0.12536034,0.044453815,0.018499084,0.009802944
1.6689301e-09,0.02105179,0.016375728,0.026803803,0.47466823,0.05923039,0.022466898,0.00977305
-1.2079875e-09,0.021069199,0.016386982,0.027025321,0.49218193,0.05358568,0.026481843,0.008072312
1.7960866e-09,0.01994072,0.014818589,0.022927217,0.22311942,0.066531695,0.025148103,0.007819046
-1.5258789e-09,0.027386947,0.020718727,0.031455703,0.8504673,0.0432755,0.010991975,0.008328537
-1.2954076e-09,0.016267117,0.0128818005,0.021265827,0.26848102,0.071956694,0.020247038,0.010027844
-1.0649364e-09,0.017074103,0.013463723,0.022373423,0.23748909,0.032673307,0.017199816,0.006874876
-8.2651774e-10,0.025376901,0.02000254,0.032812506,0.74310637,0.042899113,0.011501132,0.007996004
-1.0490417e-09,0.017148148,0.01339563,0.022151902,0.21617824,0.064072765,0.017453253,0.009890561
-1.5258789e-09,0.018113563,0.014015006,0.022705702,0.23966643,0.051765405,0.027878247,0.0076576495
4.2915344e-10,0.026202347,0.01921824,0.028382124,0.5826845,0.03400249,0.025112601,0.0069136503
-2.415975e-09,0.02848971,0.022624655,0.03821203,0.9863262,0.048826996,0.018690972,0.009307483
-2.002716e-09,0.015293478,0.012136493,0.019964403,0.16415629,0.06444483,0.023688288,0.012326284
1.9232431e-09,0.02145951,0.016501857,0.025585447,0.4135406,0.05118948,0.02866246,0.0105349375
-7.947286e-10,0.02524694,0.01982113,0.033227853,0.59359455,0.050629724,0.023264553,0.008373337
-1.0490417e-09,0.01938169,0.01492359,0.023924055,0.1913845,0.07291251,0.0157052,0.0070755314
4.4504803e-10,0.019081295,0.014822622,0.023924056,0.16870934,0.04656012,0.02674048,0.009571553
1.2397766e-09,0.024073526,0.017838728,0.02702532,0.4289799,0.04966633,0.015505459,0.0078049204
1.8596649e-09,0.023891203,0.018621456,0.029794307,0.52887756,0.060927372,0.041065164,0.012733207
1.9073486e-10,0.023913069,0.018560262,0.029905066,0.41995344,0.047425866,0.022861991,0.00825633
-1.7484029e-09,0.022326538,0.017671736,0.029351272,0.3899968,0.064226136,0.026880797,0.006964676
-1.2715658e-10,0.025458045,0.019963205,0.032452535,0.45471016,0.061725017,0.020312948,0.007295134
-7.1525574e-10,0.022969188,0.01769382,0.029240511,0.41951457,0.045542274,0.019478453,0.008039144
1.9073486e-10,0.028513797,0.021992948,0.035110764,1.1717176,0.039892204,0.019704416,0.011594204
2.22524e-09,0.019449072,0.014478544,0.022041142,0.18429518,0.055731848,0.020648215,0.011330973
3.1789144e-11,0.025079086,0.018245012,0.026166935,0.6179269,0.08305292,0.033510476,0.016608931
-4.2120615e-10,0.01756495,0.013557178,0.021708865,0.24557433,0.053412434,0.013895638,0.0081859855
-2.0742417e-09,0.02131897,0.016069261,0.024256334,0.3566233,0.04675725,0.020967763,0.009924262
-3.1789144e-11,0.026610386,0.02129644,0.036772154,0.8937149,0.028439794,0.023575993,0.011805287
-9.218852e-10,0.016164048,0.011839033,0.017749213,0.20669676,0.04517836,0.018313423,0.010869404
6.357829e-11,0.02509019,0.019300053,0.030126585,0.59306866,0.040313553,0.024709601,0.011236646
8.7420143e-10,0.014505555,0.011281309,0.017832283,0.15369019,0.051371265,0.02126279,0.009419297
3.1789144e-10,0.018277418,0.014126774,0.0232595,0.21838547,0.06122296,0.023091808,0.00834235
-1.2874604e-09,0.021463454,0.01625609,0.025170099,0.5266803,0.03522405,0.0096665565,0.008132473
-2.861023e-10,0.023173595,0.017054584,0.025474686,0.4612086,0.05430994,0.025437126,0.010196764
-1.1444092e-09,0.016113631,0.012501633,0.019825952,0.10431579,0.05487286,0.023000196,0.0110940635
1.2079875e-09,0.01919589,0.0147747295,0.02259494,0.48046562,0.05948716,0.021916704,0.009461112
4.4504803e-10,0.022979328,0.017249376,0.02691456,0.4418442,0.048534617,0.018180769,0.00794821
5.00679e-10,0.021355512,0.014896082,0.020601267,0.15264678,0.04438224,0.014859142,0.008066112
-4.529953e-10,0.020412486,0.015714424,0.025059339,0.33190024,0.042572316,0.0172378,0.01047384
-2.2252401e-10,0.025830649,0.019707108,0.030569624,0.6999793,0.040761545,0.018310638,0.01107289
-1.2715658e-10,0.015101728,0.011807534,0.019161394,0.21443167,0.055250395,0.039867688,0.013272281
1.2715658e-10,0.021572962,0.016837187,0.02713608,0.7402957,0.03406096,0.023864482,0.01021965
-1.8119812e-09,0.023768904,0.015905168,0.021155069,0.28616673,0.041205376,0.03367614,0.011583938
0.0,0.023998886,0.018203137,0.028022155,0.6614545,0.04066332,0.015489615,0.008556384
-2.1775564e-09,0.022189481,0.016816355,0.026582286,0.3649407,0.049999136,0.02017609,0.00834265
-4.2915344e-10,0.020598115,0.015718337,0.024588611,0.6210924,0.050095115,0.02023357,0.008317819
-4.8478443e-10,0.021727484,0.015600554,0.022816457,0.51466924,0.042608812,0.02777451,0.014229572
1.1603037e-09,0.015822295,0.012120455,0.019382913,0.31171227,0.048216246,0.029976754,0.012388761
1.891454e-09,0.027072983,0.019928355,0.030348105,0.5271903,0.04325033,0.027179979,0.009135142
-1.5576681e-09,0.026262723,0.019190704,0.02771757,0.72254336,0.059810054,0.028202001,0.011733788
-2.861023e-10,0.01710696,0.013519199,0.022594942,0.35305202,0.03715375,0.019512372,0.010358526
2.22524e-09,0.028514158,0.021016521,0.029822,0.9804837,0.042096384,0.017683435,0.010091513
-8.9009605e-10,0.019184334,0.014931783,0.024284024,0.44456866,0.04499758,0.017317772,0.013251414
-7.6293943e-10,0.023066847,0.017450077,0.026471524,0.6491841,0.046655685,0.042191643,0.017422855
3.8146974e-09,0.01618809,0.012298828,0.019161396,0.13291822,0.05460385,0.03310317,0.013072514
1.0172526e-09,0.02395434,0.017429993,0.026139246,0.47767875,0.044285085,0.02259168,0.009541542
-1.6530355e-09,0.021447442,0.015782537,0.024062507,0.18001539,0.052660953,0.014922159,0.009847504
-3.973643e-11,0.01771225,0.013668479,0.022373421,0.22602084,0.04438345,0.030603819,0.012683074
-1.3987224e-09,0.02076155,0.015772479,0.02505934,0.52111185,0.045602445,0.019684799,0.007518889
-2.5431315e-10,0.031439923,0.024216907,0.03879352,0.9489775,0.046406068,0.018003609,0.009168636
-7.6293943e-10,0.018990103,0.014163391,0.021598104,0.23524044,0.05182227,0.021828782,0.0109607065
-1.5894572e-09,0.019311044,0.014586122,0.022068832,0.40034097,0.043773,0.021647204,0.0103791
-3.8146972e-10,0.027169866,0.019462159,0.028575953,0.99041855,0.041012727,0.013584592,0.012455878
4.2915344e-10,0.01847028,0.013380027,0.020822788,0.54715693,0.05578146,0.018261267,0.010258419
2.1616617e-09,0.020758893,0.015585283,0.02447785,0.34917825,0.043198004,0.01771892,0.0115710655
4.768372e-10,0.025304485,0.018968973,0.028797472,0.76391304,0.053845886,0.015179095,0.008525636
1.0808309e-09,0.02075148,0.014972164,0.021930385,0.39451176,0.04724964,0.023013225,0.012422239
-1.001358e-09,0.016069843,0.01241869,0.019825952,0.24311233,0.045922793,0.028990448,0.013767083
1.9073486e-10,0.019766727,0.014298387,0.020601269,0.15441792,0.059541736,0.016063308,0.007874673
-7.6293943e-10,0.017550733,0.013610026,0.02292722,0.28996128,0.055220094,0.024692435,0.011149781
4.4504803e-10,0.021628479,0.016715162,0.026471525,0.47145706,0.04798499,0.022276673,0.016306136
-1.3430913e-09,0.018453566,0.013559538,0.020601267,0.59685624,0.04934269,0.020213202,0.015776165
-1.5258789e-09,0.026800076,0.019918038,0.029351272,0.5221358,0.06705299,0.018281175,0.0077435304
1.1444092e-09,0.018836675,0.0143652,0.023481017,0.20938428,0.062553816,0.018663144,0.012162777
-9.377797e-10,0.018348308,0.013694887,0.021708863,0.19301796,0.033264533,0.016108941,0.0077959583
-1.4305115e-09,0.019571753,0.015271358,0.02528086,0.2727506,0.039468724,0.016465284,0.009206472
2.6543936e-09,0.020327635,0.015000491,0.022816457,0.17586716,0.049639,0.017745713,0.0090209795
0.0,0.018788317,0.014277347,0.022373421,0.39641982,0.057744373,0.02502167,0.01112098
-2.384186e-10,0.02360168,0.017598636,0.026942253,0.553706,0.047602624,0.017754065,0.013307418
2.0345052e-09,0.021425271,0.015784826,0.023370259,0.3705938,0.041233473,0.017497463,0.008171307
1.0172526e-09,0.017944947,0.013912443,0.021708861,0.25525516,0.046730235,0.017075963,0.009043225
-2.3206075e-09,0.027832426,0.020946573,0.03189874,1.2546145,0.044600427,0.023032349,0.014346633
-2.336502e-09,0.01921086,0.013045368,0.019493675,0.14222895,0.05668519,0.023499772,0.01126984
1.1285146e-09,0.016570598,0.012234517,0.019272154,0.33278546,0.042254608,0.018850982,0.008377581
-4.0133794e-10,0.023082694,0.017060764,0.024311712,0.80952287,0.03333805,0.024422323,0.019038428
2.249082e-09,0.013512322,0.010302594,0.016170887,0.10712203,0.03592351,0.011474929,0.008814504
-8.424123e-10,0.017364485,0.013118531,0.020296682,0.2977135,0.05296861,0.0155831175,0.007665409
9.536743e-11,0.015869126,0.0124027785,0.020047473,0.18109493,0.049784087,0.024013633,0.012086179
-1.1444092e-09,0.024790915,0.018149633,0.02713608,0.39599562,0.03381184,0.022423133,0.00783133
1.3669332e-09,0.018792503,0.014096772,0.021487346,0.22535443,0.057598874,0.016779335,0.008810783
7.6293943e-10,0.023592032,0.017713247,0.025945414,0.44328442,0.043336626,0.023671286,0.007106074
-5.722046e-10,0.016207015,0.012416178,0.02004747,0.16432664,0.04365499,0.021063138,0.009986628
2.1457671e-09,0.022231685,0.016447559,0.024367094,0.28106746,0.051974833,0.01908606,0.007495333
4.2915344e-10,0.023028715,0.016959481,0.025474688,0.33827898,0.06363084,0.025240364,0.0091950735
-1.7166137e-09,0.023344513,0.017431544,0.026139246,0.48971528,0.04515182,0.011590903,0.00643259
2.384186e-10,0.01672285,0.012795736,0.02071203,0.18302236,0.047005557,0.015259113,0.009910815
-1.3828277e-09,0.026628483,0.019977678,0.030818835,0.75046104,0.03856248,0.019257817,0.008919036
1.9073487e-09,0.022865167,0.016304782,0.02558545,0.7918261,0.04179926,0.022711007,0.010380514
2.6226044e-10,0.012855275,0.009884674,0.015949368,0.17022024,0.041930176,0.019181041,0.008353557
3.496806e-10,0.022150645,0.016762363,0.025806965,0.31358024,0.037915546,0.018448774,0.009111276
-1.3828277e-09,0.024142977,0.016603075,0.02281646,0.24034435,0.051449288,0.020174349,0.00870361
3.0199687e-10,0.018395018,0.013435543,0.019715194,0.14428836,0.04163334,0.01590362,0.00994634
7.6293943e-10,0.016216256,0.012380786,0.019382915,0.3279493,0.054507498,0.031515352,0.0126201045
1.0649364e-09,0.026193844,0.019542566,0.02893592,0.7720681,0.04586299,0.020625576,0.010428319
1.8596649e-09,0.020404927,0.014465107,0.021155065,0.58727765,0.040700823,0.01726006,0.01247039
-2.2729238e-09,0.023561507,0.016861476,0.023481019,0.2096501,0.06166874,0.014531594,0.008624527
2.2252401e-10,0.017457789,0.013042116,0.02015823,0.14046948,0.05413318,0.014793509,0.008756462
-3.1789144e-10,0.022999892,0.016383825,0.023591775,0.68328714,0.044425018,0.026963392,0.01257973
-1.1444092e-09,0.022209272,0.016123364,0.023951743,0.5037965,0.059282668,0.058642928,0.027893605
1.2556712e-09,0.017010896,0.011207208,0.015284812,0.19001763,0.038981058,0.02315093,0.014888178
-7.4704487e-10,0.008108127,0.0058404207,0.00897152,0.014770799,0.004241567,0.01385954,0.014696711
2.1775564e-09,0.009442936,0.0069187437,0.010300633,0.017595755,0.003249774,0.0125635695,0.01323484
4.4504803e-10,0.012345973,0.008959454,0.013180383,0.045381047,0.005985902,0.007885997,0.022461979
-1.6570091e-09,0.008766645,0.006802117,0.010965193,0.045402873,0.005187301,0.010465161,0.016081914
-1.7007192e-09,0.009610332,0.0073015667,0.011518991,0.04733487,0.008871833,0.0064511076,0.014761846
1.5099844e-10,0.007540322,0.005834863,0.009525318,0.030182889,0.009122272,0.00909333,0.01373792
6.3578287e-10,0.010955845,0.008523077,0.013512662,0.05156831,0.007803075,0.009774942,0.012878052
-1.7325084e-09,0.015646946,0.009240608,0.01118671,0.1471157,0.009728071,0.009465118,0.014732852
-1.1603037e-09,0.011972195,0.009162089,0.014398735,0.10674485,0.011727055,0.008670405,0.01592212
-1.4305115e-10,0.009338101,0.0074087703,0.0122943055,0.037045628,0.009951622,0.0059158606,0.011866637
-8.424123e-10,0.008138094,0.006400049,0.010522153,0.02047307,0.0049348134,0.007455299,0.012329672
-4.7683715e-11,0.008614834,0.0066812476,0.010632912,0.023885407,0.006687282,0.011971048,0.013230179
6.000201e-10,0.008186892,0.0060390118,0.009442248,0.02209329,0.0077205733,0.005366185,0.012427968
-3.1789144e-10,0.019428132,0.012687875,0.01606013,0.22327727,0.008486613,0.021959387,0.020949835
3.1789144e-10,0.012128855,0.0086670555,0.012737343,0.040722795,0.0067922594,0.033908267,0.018800722
-1.2397766e-09,0.011370599,0.008761806,0.014177216,0.06265314,0.0063595637,0.017288467,0.017358031
1.9073486e-10,0.020665431,0.015550702,0.024034813,0.095079936,0.010007817,0.074497394,0.028686455
1.1444092e-09,0.010701108,0.007675008,0.011740508,0.029992398,0.009784226,0.008709022,0.013020721
-3.6557515e-10,0.018025817,0.01251772,0.014731014,0.07454256,0.008412489,0.009626731,0.01738284
-1.8119812e-09,0.012145679,0.009243184,0.014177218,0.0472529,0.007634698,0.12114905,0.017791132
7.6293943e-10,0.028266637,0.017497022,0.018829117,0.13409224,0.007697921,0.10348503,0.014625936
-8.9009605e-10,0.014341461,0.010375032,0.01572785,0.019405648,0.0060650283,0.07983349,0.010581587
-4.4504803e-10,0.018207455,0.014251475,0.023481015,0.10860891,0.010846791,0.06315745,0.014846395
-1.2715657e-09,0.03111753,0.017424539,0.02004747,0.038393967,0.0057509495,0.10172352,0.012810078
5.086263e-10,0.022965018,0.0144597795,0.017943041,0.033926893,0.006340222,0.120000556,0.014063226
-1.0172526e-09,0.01580516,0.012254708,0.01993671,0.16796671,0.008218908,0.19875006,0.021427203
1.1603037e-09,0.012183975,0.009502201,0.015395571,0.01696454,0.007397591,0.16215795,0.0195655
-5.6823096e-10,0.011456015,0.00886686,0.014398735,0.016434353,0.004575719,0.10108807,0.017586617
6.5962474e-10,0.011461902,0.009080365,0.015063293,0.012026327,0.007764623,0.17159651,0.016201023
-1.0331472e-10,0.021492722,0.0143836625,0.02015823,0.08601002,0.009135003,0.14495833,0.016139498
-1.0331472e-10,0.013699856,0.010884963,0.018386079,0.015124927,0.009446512,0.20829348,0.02301526
-1.223882e-09,0.010913502,0.0085371975,0.014177216,0.014711342,0.006199289,0.09100385,0.012194466
-2.3444494e-10,0.010162962,0.008057849,0.01351266,0.011413416,0.0051956726,0.10714232,0.014224632
7.112821e-10,0.010628961,0.008324318,0.013512662,0.009841523,0.005678734,0.1253285,0.015912943
2.3762385e-09,0.01084029,0.008559263,0.014177216,0.009869859,0.0059641125,0.11316504,0.02128506
-1.0331472e-10,0.010710959,0.0082503995,0.013069624,0.014403745,0.006154361,0.14015882,0.025206806
-2.4239222e-10,0.010076437,0.007966878,0.013291141,0.010046494,0.006523484,0.093003705,0.019207543
2.662341e-10,0.009269169,0.0073753996,0.012405066,0.010465358,0.006323971,0.06865465,0.015113784
5.880992e-10,0.008970754,0.007081351,0.011851268,0.00926107,0.0055153864,0.070208736,0.018570576
9.536743e-11,0.007798685,0.0061795614,0.010439083,0.010301238,0.0056726653,0.033205196,0.0153126875
-8.106232e-10,0.006733981,0.0053719077,0.009303801,0.009295841,0.006247912,0.020675756,0.013982635
-1.7881393e-09,0.008074938,0.0063844365,0.010632914,0.011186391,0.006101495,0.02976528,0.010677098
-6.635984e-10,0.008919455,0.0066542053,0.010189876,0.012399164,0.006692875,0.05217189,0.02560443
-7.23203e-10,0.0069338507,0.005422879,0.008860763,0.011495121,0.0063811406,0.028166743,0.013624863
-3.2782554e-11,0.0068305833,0.0053709913,0.008860761,0.008126144,0.005440755,0.0351047,0.018331233
5.0465265e-10,0.007943429,0.006301396,0.010411393,0.008426906,0.0050145136,0.049984924,0.016529746
-8.9009605e-10,0.010807767,0.007677105,0.012072789,0.009715196,0.004729811,0.064042106,0.016517485
1.1285146e-09,0.007584614,0.0059720688,0.009968355,0.006483273,0.004459746,0.056711182,0.015698161
-1.1126201e-10,0.006579435,0.0051395204,0.008306965,0.006628432,0.0064859246,0.019515602,0.01452776
-3.33786e-10,0.010762681,0.006984486,0.010300634,0.015806133,0.008221507,0.051434483,0.03354753
1.3311704e-09,0.0075702295,0.005964116,0.009968357,0.00989308,0.006046811,0.0500321,0.012254249
-6.67572e-10,0.0069043934,0.0054353354,0.00897152,0.008568016,0.008129381,0.023659334,0.017065428
-2.861023e-10,0.007003723,0.0053085918,0.008417722,0.007733422,0.006044405,0.031110529,0.01329156
7.7883405e-10,0.006599004,0.005141675,0.0083069615,0.007859593,0.00835664,0.030283732,0.012633195
8.424123e-10,0.005800707,0.0046100006,0.007863926,0.007864594,0.0052674836,0.021489965,0.010664881
-6.0399374e-10,0.008257306,0.0060377717,0.009636076,0.020761726,0.007100615,0.023627542,0.018498005
-9.377797e-10,0.007171911,0.0055958773,0.009303801,0.008720722,0.0047127376,0.050351955,0.014082006
4.1325887e-10,0.006100707,0.00475294,0.007974686,0.008033226,0.009796359,0.017950498,0.011125579
-4.9273174e-10,0.006202827,0.0048951516,0.008196203,0.0075248023,0.004516451,0.017941222,0.011648675
-8.424123e-10,0.0065170275,0.0050652903,0.008196201,0.0077710515,0.0060572485,0.03432124,0.015539936
-2.662341e-10,0.006801487,0.0054325825,0.00919304,0.010450486,0.010255984,0.020557815,0.0100879045
8.106232e-10,0.008990728,0.0062115644,0.00952532,0.01039634,0.0069669536,0.031075379,0.02746021
-6.834666e-10,0.00704051,0.005602609,0.009303799,0.009098411,0.00525646,0.029263804,0.013339803
1.3033549e-09,0.018401595,0.013892246,0.02093355,0.06681833,0.00897034,0.051840164,0.03356216
-1.8278758e-10,0.008719335,0.006915639,0.011629749,0.00888039,0.004993498,0.069919586,0.02018922
-5.086263e-10,0.00983364,0.007607082,0.012072787,0.0138304625,0.006838726,0.048630826,0.01105429
4.1325887e-10,0.007992096,0.0062241373,0.010411393,0.006882929,0.0053156265,0.049245745,0.015856205
6.198883e-10,0.008282513,0.006582517,0.011075951,0.0064540743,0.0057658027,0.06215405,0.011997438
2.1616617e-09,0.007351037,0.0057532704,0.009414557,0.0075692367,0.0052056555,0.027679564,0.011089389
9.616216e-10,0.0075076954,0.0058018775,0.009525318,0.011671985,0.015075416,0.022084959,0.012985297
1.0967255e-09,0.0061776894,0.0048852116,0.008085445,0.008510759,0.009870111,0.011707305,0.01122967
-1.1126201e-10,0.006746241,0.0052388604,0.008417722,0.016743008,0.017778648,0.010088714,0.012823714
1.001358e-09,0.006670077,0.005268762,0.008750001,0.012035775,0.009501253,0.013080483,0.011906283
1.5894572e-11,0.0063076206,0.004973841,0.0083069615,0.012891478,0.008504465,0.008535748,0.011169662
-6.3578287e-10,0.0064574005,0.0051186793,0.0086392425,0.010599588,0.009282058,0.015589988,0.016301446
-1.1841456e-09,0.0065426948,0.005172923,0.0086392425,0.011477375,0.009944442,0.009046154,0.01179634
4.1325887e-10,0.0057439003,0.004526669,0.007642405,0.009080276,0.0060176356,0.009706281,0.010215366
5.00679e-10,0.007392069,0.005819951,0.0097468365,0.02068955,0.01236298,0.01803574,0.013581977
-6.635984e-10,0.0068283626,0.005250613,0.0086392425,0.009361833,0.008712161,0.024458088,0.017825909
5.722046e-10,0.006825379,0.005311777,0.008750001,0.010976713,0.009277921,0.024300423,0.017119719
2.0662944e-10,0.0065512247,0.005190448,0.008639241,0.01607169,0.009457169,0.013552914,0.016427435
1.3987224e-09,0.0068472694,0.0054197824,0.00919304,0.023845265,0.012907605,0.007305771,0.010504852
-4.7683715e-11,0.009013622,0.0066405684,0.010411393,0.05394227,0.01445592,0.013622084,0.0140318405
1.5894572e-11,0.009774022,0.0072905803,0.011103641,0.020138713,0.012087043,0.024694704,0.019703692
-8.106232e-10,0.00858556,0.00665391,0.010743672,0.03688194,0.02339845,0.012165896,0.011494401
-6.357829e-11,0.01037062,0.0076728323,0.011851266,0.053114984,0.012653068,0.016966566,0.012851859
-2.3841857e-11,0.0100508,0.0072223423,0.011518989,0.12468693,0.017227588,0.02808017,0.026041131
-1.748403e-10,0.0134292245,0.009524809,0.013512662,0.19754857,0.029740695,0.023298658,0.013941471
-1.223882e-09,0.007970804,0.006205616,0.010189876,0.024179278,0.014611054,0.012038678,0.010961119
-6.67572e-10,0.010161622,0.0072571095,0.0100791175,0.071566865,0.01553915,0.011158278,0.013717539
3.496806e-10,0.005631622,0.0041736406,0.006756332,0.005952149,0.0033461463,0.008756273,0.010255307
-4.053116e-10,0.0069155083,0.0052241813,0.008417722,0.010202746,0.00432728,0.013624704,0.006649989
-1.1841456e-09,0.011506687,0.008172953,0.012515824,0.00826267,0.0046306476,0.11368773,0.012084392
-9.338061e-10,0.011581603,0.008432936,0.013180383,0.048245996,0.009247414,0.059548702,0.050905854
2.2252401e-10,0.013519577,0.009801534,0.0153125,0.056668628,0.010012233,0.12615764,0.032367833
-3.6557515e-10,0.0123273805,0.008744432,0.01351266,0.052663,0.0076032844,0.11507386,0.034397703
4.609426e-10,0.017927388,0.0111313565,0.01594937,0.08890243,0.0101089645,0.15089044,0.043122236
-1.2874604e-09,0.02376123,0.013522349,0.016503168,0.021704776,0.0051140054,0.09022437,0.016292937
1.0649364e-09,0.014403314,0.009312667,0.014177216,0.02258719,0.005613281,0.091623396,0.012225868
-1.0808309e-09,0.021469718,0.012645375,0.01628165,0.05494086,0.0064055547,0.13894792,0.030760583
1.8437704e-09,0.023993962,0.01429072,0.018967565,0.022953566,0.0071344427,0.11647851,0.018139124
9.536743e-11,0.018770084,0.011873608,0.017278485,0.16194938,0.009001428,0.14804684,0.10613948
-2.5431315e-10,0.034917917,0.020966677,0.023481015,0.09166909,0.011369309,0.12593648,0.11196687
2.670288e-09,0.027694535,0.01712218,0.02259494,0.09793512,0.013201711,0.16430621,0.11339306
4.609426e-10,0.020130694,0.012832299,0.0180538,0.097255215,0.012585128,0.14487411,0.08389282
-1.9073486e-10,0.032185737,0.020388648,0.024810132,0.14067936,0.013109698,0.0899894,0.07587508
1.9391377e-09,0.018755909,0.012803022,0.018718358,0.11762739,0.01041577,0.1004824,0.069731764
-8.2651774e-10,0.018688064,0.012361206,0.017610762,0.08061338,0.0072195246,0.08262217,0.046279397
-3.8146972e-10,0.025690591,0.016238855,0.020601267,0.03534265,0.007899755,0.07452752,0.04990797
-2.0662944e-10,0.022812363,0.014636677,0.02004747,0.0878587,0.008892803,0.17697164,0.046651006
1.3033549e-09,0.01602859,0.011683892,0.017527694,0.03187351,0.0065390887,0.15391292,0.030424783
-5.642573e-10,0.028553115,0.017177632,0.0221519,0.18597028,0.012460596,0.14774391,0.15109622
-2.0980835e-09,0.0139468955,0.009392789,0.01406646,0.05907672,0.008986538,0.074351005,0.045231767
-8.5830687e-10,0.024033658,0.01415081,0.018496837,0.111266814,0.014679508,0.1459619,0.120399535
8.5830687e-10,0.018591005,0.011471083,0.016392408,0.16657099,0.017802844,0.14032413,0.084042154
-6.11941e-10,0.01755217,0.012083971,0.018192248,0.090591565,0.015673183,0.14379293,0.09730617
1.8755595e-09,0.02237968,0.012727227,0.01628165,0.13283469,0.01647646,0.12112603,0.12019006
8.5830687e-10,0.021491658,0.0125638,0.016835447,0.14135405,0.015054062,0.13915117,0.15787432
1.2715658e-10,0.02121592,0.012406579,0.016392408,0.14479235,0.017081216,0.1905214,0.10942168
-1.1126201e-10,0.019481085,0.011423565,0.015063291,0.12187668,0.012929642,0.09381586,0.09054237
-6.834666e-10,0.021169795,0.012733132,0.017278485,0.111844465,0.011217821,0.10184394,0.10741455
-1.970927e-09,0.019882223,0.011640024,0.015506333,0.03535415,0.0089030545,0.11289188,0.04515125
5.880992e-10,0.022824379,0.013843229,0.018386079,0.12443257,0.009968261,0.10493598,0.06779591
1.5815099e-09,0.01751571,0.0105369305,0.014398735,0.076670095,0.012523794,0.054456715,0.076622315
3.1789144e-11,0.01787978,0.010402204,0.014398735,0.023025561,0.007606852,0.106452405,0.033687826
-1.1285146e-09,0.009224613,0.0071172784,0.011629749,0.034023505,0.005864574,0.06957394,0.020402255
7.1525574e-10,0.017019672,0.010512668,0.0148417745,0.119640686,0.014363794,0.12722869,0.095606945
-6.67572e-10,0.018018337,0.010051817,0.012737343,0.0725518,0.012825637,0.071703486,0.08648911
2.384186e-10,0.01419801,0.01022643,0.015174052,0.044089418,0.0093106,0.067080535,0.052422956
-1.7404557e-09,0.008882155,0.006989685,0.011851268,0.0092543345,0.005317886,0.074093826,0.02492515
2.4239222e-10,0.010373036,0.008112985,0.013291141,0.015363641,0.0056485496,0.1191794,0.021584341
4.609426e-10,0.017882962,0.010162604,0.013512662,0.014528434,0.0061144945,0.083367035,0.016155612
1.4940897e-09,0.020709172,0.010527976,0.012405066,0.011004288,0.0035392074,0.026193345,0.0150970435
3.2583872e-10,0.0169815,0.008898864,0.011075951,0.020452937,0.005685425,0.03824284,0.018887999
9.536743e-11,0.008856606,0.006928152,0.011518989,0.0111444425,0.0043423544,0.054909777,0.021135848
-2.2411346e-09,0.019253066,0.010574915,0.013069622,0.01089668,0.005040975,0.060490154,0.02229177
-1.335144e-09,0.0093967095,0.007196257,0.01129747,0.010862712,0.004502382,0.03541896,0.012536379
2.3961066e-09,0.020521984,0.010614597,0.013069622,0.014108042,0.004178544,0.061773706,0.022072759
-1.9629796e-09,0.009793294,0.0075744265,0.0122943055,0.009139661,0.006193835,0.065696314,0.020086374
-1.1603037e-09,0.018993521,0.009923869,0.012737343,0.08639661,0.013406194,0.049729723,0.08701515
2.3841857e-11,0.010233113,0.008016089,0.013180383,0.008501919,0.0043856497,0.047252778,0.021390785
7.6293943e-10,0.017146882,0.012452839,0.0180538,0.07216805,0.0066032056,0.068214715,0.029403884
1.1722247e-09,0.0209347,0.012167408,0.015506333,0.08126334,0.019227553,0.07911716,0.121880114
1.335144e-09,0.011226036,0.008683854,0.014287977,0.009172948,0.0053903097,0.06507437,0.026792139
-4.3710072e-10,0.013081117,0.010279856,0.017056964,0.0099493135,0.0070930077,0.09627088,0.036436778
1.1126201e-10,0.0123463515,0.009503694,0.015284812,0.014391328,0.005375524,0.105628975,0.021720827
5.086263e-10,0.012807321,0.009946261,0.016060127,0.01386325,0.007237734,0.09310743,0.04082556
-5.4041543e-10,0.02179086,0.015758298,0.023370259,0.042316537,0.017583499,0.09078086,0.15806486
6.0399374e-10,0.01378879,0.0102523565,0.015617089,0.011872373,0.0067460677,0.04666433,0.029955393
7.6293943e-10,0.016139602,0.0122519955,0.019742882,0.016664805,0.011498829,0.08586493,0.048796624
-2.0662942e-09,0.008687255,0.0067718117,0.01118671,0.013576831,0.0051914896,0.0256703,0.013120233
1.748403e-10,0.010748221,0.008290874,0.013208071,0.014242044,0.0058515063,0.05739383,0.02326369
-1.4781952e-09,0.011016497,0.008587436,0.01417722,0.011430571,0.0055526565,0.052202396,0.019673292
3.496806e-10,0.010822152,0.008214124,0.012958862,0.029129649,0.007119871,0.043072194,0.024512632
-1.4543533e-09,0.0116424,0.0090917675,0.014952533,0.010620325,0.0062860604,0.054279372,0.028771318
5.722046e-10,0.011974767,0.009273503,0.014869465,0.011562891,0.0059120813,0.059988312,0.026543008
-6.67572e-10,0.0126201855,0.009850206,0.01594937,0.020418603,0.006068278,0.08854839,0.027865518
-8.503596e-10,0.012412761,0.009272556,0.014731014,0.025016053,0.0072183455,0.034511726,0.024132753
1.8278757e-09,0.0117290635,0.0090807555,0.014731016,0.011825436,0.0062669697,0.06629585,0.025280466
2.249082e-09,0.011809614,0.009087365,0.014398737,0.013902816,0.0062889657,0.040976502,0.02746839
7.6293943e-10,0.007770328,0.0060668383,0.009968357,0.0062935,0.004433619,0.022019256,0.018313013
6.5962474e-10,0.007678798,0.005968302,0.009746838,0.010552285,0.004560764,0.041039135,0.019286254
-3.0994415e-10,0.007404348,0.005758563,0.009303801,0.012002975,0.0062921653,0.018251212,0.013536673
-1.1920929e-09,0.007290389,0.0057790396,0.009636078,0.011451172,0.005063534,0.02135393,0.015367244
-4.768372e-10,0.007219605,0.0056424034,0.009303801,0.020750359,0.003917136,0.015908768,0.013616019
5.364418e-10,0.006821842,0.0054068994,0.008971522,0.01385882,0.004624536,0.012865718,0.014288287
-3.0199687e-10,0.006644194,0.005162197,0.008528482,0.011412176,0.0036147633,0.012449581,0.013001887
1.192093e-10,0.0072898283,0.005756426,0.009525318,0.018897552,0.0053430717,0.019194396,0.012274584
4.7683715e-11,0.0066147386,0.005163037,0.008417722,0.0082768435,0.0038903805,0.01749027,0.010121721
3.695488e-10,0.0067561744,0.0053011985,0.008860763,0.009621804,0.005299827,0.025698721,0.007981248
-1.1205673e-09,0.013207559,0.0071394453,0.009636076,0.01519802,0.0038010317,0.017485479,0.00904613
2.5431315e-10,0.006857532,0.005334224,0.008860761,0.00845357,0.0046987454,0.023240374,0.007443106
-2.662341e-10,0.008539488,0.006623741,0.01074367,0.0077497587,0.0046176855,0.07862833,0.02038388
8.7420143e-10,0.00889065,0.0067924205,0.010743674,0.009252325,0.005297255,0.05277744,0.015766772
-6.198883e-10,0.012911188,0.009192962,0.014066456,0.006930576,0.0057932492,0.060679834,0.021431496
-3.973643e-10,0.010452258,0.008084459,0.012848103,0.016888335,0.0053177746,0.07809796,0.018497473
-4.2915344e-10,0.009763325,0.0077017243,0.012737343,0.0084766345,0.0048883576,0.09118934,0.017450083
-5.443891e-10,0.008204108,0.0064397873,0.010411395,0.00849066,0.0049638613,0.038294423,0.013279397
-1.2715658e-10,0.00934125,0.00719866,0.011408232,0.009178256,0.0046935542,0.06771249,0.015096009
-7.867813e-10,0.015650157,0.009619952,0.013844937,0.043463927,0.007578529,0.10495291,0.033298485
1.0331471e-09,0.009853902,0.0075931866,0.012183545,0.013564405,0.005003514,0.08294987,0.015490268
4.3710072e-10,0.019342544,0.012694187,0.016835444,0.05328811,0.0049375957,0.067756385,0.022792198
-5.4041543e-10,0.01339247,0.010233944,0.016835446,0.017155422,0.007480843,0.05417746,0.023430992
-6.198883e-10,0.011568645,0.008579261,0.013512662,0.015392552,0.006907099,0.08371581,0.013623608
-4.2120615e-10,0.01199854,0.009355066,0.015174052,0.009367046,0.0054547284,0.11991252,0.022333594
-1.748403e-10,0.011828975,0.009164317,0.014620256,0.018356828,0.0074059996,0.075516105,0.02387356
-3.1789144e-10,0.016659595,0.012336671,0.019050635,0.02953989,0.00969682,0.120905384,0.056482393
-2.4239222e-10,0.01325988,0.009803324,0.015063293,0.017972358,0.0074923234,0.06386041,0.020488312
9.059906e-10,0.0111606205,0.008755639,0.014287977,0.009057418,0.007669493,0.11541958,0.01902419
7.311503e-10,0.0336513,0.020533744,0.024837822,0.08302865,0.0066482155,0.11530857,0.048321716
-1.0172526e-09,0.022834634,0.014187017,0.017832283,0.015796695,0.006572574,0.14470048,0.023160966
-1.0172526e-09,0.050246913,0.02747744,0.025474686,1.5767481,0.00957935,0.07498551,0.020075504
3.1789144e-11,0.013757413,0.010648991,0.017167725,0.015035374,0.005674335,0.111970514,0.028902039
1.4623006e-09,0.025325833,0.018157814,0.026360765,0.029764794,0.010608447,0.13915123,0.05570177
-4.529953e-10,0.013551924,0.01056188,0.017278485,0.009156467,0.006155541,0.099361904,0.02460522
1.9272168e-09,0.013507848,0.010581497,0.017389243,0.01501294,0.0052081193,0.075174235,0.023990093
3.5762787e-10,0.014991602,0.011472732,0.018607596,0.01369917,0.007723637,0.07579911,0.036144555
1.6371409e-09,0.014018334,0.010743402,0.017056964,0.011032988,0.0057331333,0.07775043,0.03136401
4.3710072e-10,0.012090311,0.009225838,0.014177216,0.019257355,0.004003188,0.059259128,0.024136048
-6.3578287e-10,0.0178312,0.009497332,0.012183547,0.007297755,0.0032729455,0.056083243,0.023160366
1.0172526e-09,0.018114695,0.013343088,0.02049051,0.014892776,0.006791188,0.07249713,0.035700087
0.0,0.011895996,0.009194851,0.014731016,0.007820995,0.007181632,0.05857027,0.03219597
-1.4146169e-09,0.011414793,0.008862353,0.014177216,0.010359562,0.005151937,0.048999235,0.027662829
9.059906e-10,0.011337886,0.008596074,0.013291141,0.010575076,0.0075134975,0.029452264,0.025941426
1.3113022e-09,0.011386249,0.008094472,0.011962026,0.011489556,0.0056285565,0.01013197,0.025555203
3.1789144e-11,0.013239485,0.009825913,0.014509497,0.044382017,0.008085242,0.03864635,0.028249245
4.2120615e-10,0.011471274,0.008757025,0.013761871,0.009027852,0.0055067013,0.033866327,0.027792301
1.168251e-09,0.01241049,0.009356789,0.014287977,0.011223916,0.008117367,0.01579492,0.02471437
-7.867813e-10,0.012212972,0.009263017,0.014509497,0.018256923,0.0066222367,0.011696369,0.024115695
1.8199285e-09,0.011551212,0.00868525,0.013291141,0.010550592,0.004820104,0.010872345,0.02325995
1.446406e-09,0.010779318,0.007744069,0.011518991,0.014176156,0.00859661,0.025840811,0.026313411
-9.45727e-10,0.0074306936,0.0058615822,0.009746838,0.00907776,0.007066382,0.008876729,0.012328311
1.2079875e-09,0.008144907,0.006388903,0.010522153,0.013936168,0.013419625,0.009491087,0.01190459
-2.7020772e-10,0.0067352857,0.0052245655,0.008417722,0.008503581,0.004241762,0.006055253,0.010112229
9.695689e-10,0.0074332305,0.0057891505,0.00952532,0.013765265,0.01687382,0.021567676,0.013884926
2.861023e-10,0.007523219,0.0059761773,0.009968357,0.012235455,0.012159384,0.018664557,0.0129112685
-5.642573e-10,0.007326937,0.0057933773,0.009857597,0.0116095785,0.009394362,0.017328827,0.017861415
-1.6689301e-09,0.008221367,0.006440275,0.010632914,0.027550763,0.013940487,0.009191269,0.013119664
2.5431315e-09,0.009308771,0.0069225645,0.01118671,0.016485976,0.0132001825,0.010622219,0.015245838
-2.2252401e-10,0.008129585,0.0064990744,0.011075949,0.024940012,0.01666097,0.0075701196,0.012541759
2.861023e-10,0.008355967,0.005318798,0.0077531654,0.010561165,0.004488842,0.0065840846,0.009977377
2.861023e-10,0.0074844398,0.0059179547,0.009968357,0.013364455,0.008183012,0.0085935,0.011180866
-2.7020772e-10,0.008441274,0.006645527,0.011075951,0.018794255,0.010810713,0.0122475,0.017043915
-1.748403e-10,0.009420763,0.0073388945,0.011962028,0.028638285,0.018321877,0.012153536,0.01950903
3.8941703e-10,0.009328044,0.0071040965,0.0111867115,0.03931829,0.01976685,0.014904198,0.017423186
2.0662942e-09,0.020968746,0.010943208,0.012405064,0.22852564,0.007939525,0.015690183,0.015679214
-2.5431315e-10,0.02091663,0.011551454,0.013651108,0.019813308,0.008235252,0.012152162,0.030614838
-6.9141387e-10,0.012259638,0.0084714,0.011962026,0.016239583,0.004855738,0.017262632,0.016311448
-3.2583872e-10,0.008730568,0.0066794637,0.010632914,0.010846762,0.0053268806,0.025654038,0.014242477
5.523364e-10,0.009190055,0.006862205,0.010743674,0.0062141228,0.006097671,0.06252546,0.017386356
-1.1761984e-09,0.007549974,0.005949899,0.009746835,0.013305004,0.0037059055,0.033367768,0.00990054
-2.670288e-09,0.0072722007,0.005773297,0.00963608,0.015034374,0.014362561,0.014394577,0.0106110955
1.3987224e-09,0.009381439,0.0067877993,0.010522153,0.0097938385,0.010029328,0.05637466,0.020320503
1.5815099e-09,0.007017049,0.00555447,0.009303799,0.018008038,0.012073955,0.015672458,0.0144527415
6.67572e-10,0.0073375073,0.005731826,0.009303797,0.011254688,0.0060500037,0.021253068,0.012522167
6.198883e-10,0.008252462,0.0064034606,0.010549845,0.021159785,0.012183152,0.0119843315,0.014034365
9.536743e-11,0.017615315,0.00942105,0.011518989,0.015307813,0.008342355,0.022395307,0.028455399
1.3828277e-09,0.010732501,0.007670496,0.011297468,0.019594511,0.013617134,0.007202487,0.013287914
-9.377797e-10,0.0069356705,0.00540954,0.008749999,0.009581587,0.004779502,0.022279264,0.015239084
8.7420143e-10,0.007893333,0.0061587696,0.010217566,0.025701381,0.012135055,0.01583754,0.016699072
3.33786e-10,0.008861525,0.007016462,0.011629749,0.032064974,0.021695146,0.013995187,0.0126965875
-4.4504803e-10,0.007826678,0.006183156,0.010411393,0.017904181,0.010918743,0.01371561,0.01766023
1.3510386e-10,0.007383608,0.005849542,0.009857597,0.015675802,0.009573422,0.006590906,0.011244897
5.2452087e-10,0.009353789,0.00719339,0.011629749,0.025318258,0.016294656,0.047868326,0.0201261
-1.1603037e-09,0.009074656,0.0071051326,0.011629749,0.019301923,0.014581092,0.014489296,0.014980888
-7.867813e-10,0.008473242,0.006666892,0.011075953,0.025133811,0.021952728,0.012222104,0.014804632
2.1298727e-09,0.0089485105,0.0070031555,0.011629751,0.043328278,0.015471249,0.008693995,0.012325658
4.2120615e-10,0.008978866,0.006948509,0.0111867115,0.020357687,0.014088918,0.0301721,0.020302203
-1.7166137e-09,0.010123072,0.0079320865,0.013291141,0.04144115,0.021414395,0.012973856,0.024697851
-5.1657356e-10,0.009578495,0.0075278645,0.012737343,0.03620937,0.023662604,0.013285097,0.015731327
6.3578287e-10,0.009505083,0.007462691,0.012405068,0.044228755,0.015017935,0.009346368,0.014994196
2.7974447e-09,0.010201233,0.0077440776,0.012183547,0.035547454,0.013739138,0.073189124,0.029212873
1.4305115e-10,0.009703778,0.0076495796,0.012626585,0.064257026,0.023033315,0.013442118,0.016878879
1.001358e-09,0.010136347,0.007825186,0.012515826,0.076132566,0.023757847,0.010172355,0.013538955
-1.502037e-09,0.013481192,0.010054508,0.015506329,0.2026207,0.03248089,0.020044524,0.018457115
3.496806e-10,0.011965063,0.008774192,0.013180381,0.08809453,0.03193732,0.020671746,0.015045116
3.6557515e-10,0.007382911,0.0057085184,0.009303801,0.0074622435,0.0036896444,0.03935068,0.012378869
-7.947286e-10,0.0067414534,0.0052234703,0.00852848,0.008506519,0.0048151542,0.03133899,0.010292631
-1.446406e-09,0.010201664,0.007093607,0.010743674,0.0093324175,0.0042027608,0.037360743,0.008811955
-9.695689e-10,0.011722693,0.009097621,0.014841776,0.010667018,0.0057658027,0.13080224,0.018621799
-4.1325887e-10,0.02576045,0.014849823,0.018939877,0.009765643,0.0059311134,0.19370346,0.025438884
-2.861023e-10,0.023570023,0.014115886,0.017970731,0.42311373,0.009156917,0.13739195,0.019984258
-1.4623006e-09,0.023751674,0.012770103,0.015063295,0.041570462,0.0063090255,0.086891234,0.034118123
2.002716e-09,0.025164485,0.015627973,0.021487344,0.018655602,0.008949951,0.2273015,0.023416653
-8.106232e-10,0.022290614,0.01371723,0.019161396,0.015077008,0.009527936,0.21655633,0.020824265
-1.5894572e-09,0.020306015,0.015279491,0.024062503,0.20337102,0.00724448,0.18560056,0.018549792
1.1444092e-09,0.032901064,0.021186234,0.025696205,0.21878153,0.03473145,0.17778237,0.12790348
1.3987224e-09,0.025239006,0.016015582,0.023037978,0.054854434,0.02818801,0.265077,0.1263052
2.384186e-10,0.022706566,0.013179374,0.017500002,0.069114365,0.015708726,0.1840892,0.15355203
1.9073486e-10,0.013299518,0.01019233,0.01594937,0.03463307,0.007872711,0.19834788,0.02267908
-6.3578287e-10,0.021918701,0.013859269,0.019715194,0.09122395,0.012981349,0.24037476,0.10815287
-3.5365422e-10,0.022634417,0.012850273,0.015395572,0.012758199,0.007133315,0.12159204,0.017514493
3.496806e-10,0.021784449,0.013242185,0.0180538,0.12378741,0.017867802,0.19639623,0.13333976
-9.854635e-10,0.027992452,0.016929885,0.021487344,0.12128161,0.014763514,0.1551988,0.08407378
1.4305115e-10,0.026725078,0.017633768,0.024367094,0.23367158,0.008086236,0.19292429,0.034378897
1.6530355e-09,0.03632193,0.022112492,0.02505934,1.557526,0.02159495,0.120555915,0.10133071
-9.377797e-10,0.011955064,0.009494354,0.01597706,0.01316943,0.0078102355,0.12507494,0.017219737
4.609426e-10,0.018845946,0.011991268,0.016946206,0.059013568,0.009709483,0.08598504,0.051074736
2.0662944e-10,0.012679869,0.010097313,0.017056964,0.015175644,0.005768544,0.15364711,0.017729618
-5.722046e-10,0.021634197,0.0132464925,0.018718358,0.18327098,0.015921831,0.13657187,0.13585353
-1.5298525e-10,0.0132662365,0.010548505,0.017610764,0.012836736,0.007124123,0.16430481,0.021567572
9.536744e-10,0.024220841,0.016162695,0.02303798,0.027116623,0.008159394,0.14640142,0.034721363
-1.9868215e-10,0.021087356,0.015531646,0.02292722,0.14867009,0.011024712,0.066644624,0.040215887
-3.8146972e-10,0.023398131,0.015653826,0.02292722,0.2815357,0.015834216,0.21055338,0.08096229
1.6530355e-09,0.021216871,0.013585749,0.019493673,0.020181337,0.008188952,0.17043048,0.026513454
-8.2651774e-10,0.011458162,0.008852521,0.014177218,0.02001546,0.0052134106,0.13694707,0.024681736
1.9073487e-09,0.039980035,0.023220928,0.02447785,0.16007933,0.0065653874,0.10494104,0.020882778
1.9073487e-09,0.018035345,0.012402299,0.01774921,0.036379322,0.006006485,0.08707306,0.028823711
7.549922e-10,0.012571006,0.010055371,0.016835446,0.010201743,0.008752105,0.17249183,0.020555655
-2.0186106e-09,0.00932049,0.007008576,0.010632914,0.010762538,0.0051829815,0.06436246,0.01649294
-3.0199687e-10,0.010052609,0.007916552,0.013180381,0.0123985205,0.005840548,0.098886535,0.018891556
7.0730843e-10,0.016764617,0.011069233,0.016503166,0.06354897,0.011302928,0.1025763,0.054777157
1.4305115e-09,0.021099439,0.0115499515,0.015395574,0.008189089,0.0054552914,0.11643272,0.017423403
-1.7325084e-09,0.012041951,0.009534758,0.016060129,0.012415146,0.006188772,0.13266602,0.015969558
3.0438105e-09,0.009773552,0.007745813,0.012848102,0.011111673,0.008459024,0.052748173,0.019770073
-1.569589e-10,0.010108196,0.007845666,0.012737343,0.010555449,0.0063040513,0.093030095,0.01710802
2.384186e-10,0.013044002,0.008546877,0.012515826,0.011673454,0.0048563196,0.056562115,0.01279807
-1.8278757e-09,0.020194141,0.011951095,0.016613927,0.029487308,0.006155304,0.15316725,0.03489171
1.5894572e-10,0.0060104956,0.0046294425,0.007495733,0.0095360745,0.008120229,0.0059407232,0.010091954
-5.5631003e-11,0.006271086,0.004824137,0.0077840304,0.010858564,0.006560872,0.007129653,0.011362776
-5.5631003e-11,0.0066164345,0.005129581,0.008360626,0.018452385,0.0066295587,0.006385877,0.010195391
0.0,0.00581113,0.0045265034,0.007438074,0.009861432,0.005598055,0.0054075588,0.0083104735
-1.4305115e-10,0.007215301,0.0053117126,0.008187648,0.028564781,0.0064470065,0.005521197,0.009598311
9.536743e-11,0.0063447724,0.0048102527,0.0076687117,0.010658715,0.008419971,0.0045041954,0.00816083
3.1789144e-11,0.007420464,0.0057593607,0.009398496,0.013747048,0.006275795,0.00557371,0.010014427
9.536743e-11,0.007669883,0.005917622,0.009456156,0.020457577,0.0061116284,0.005547986,0.010647708
9.536743e-11,0.00783461,0.00598032,0.009340837,0.016187826,0.008881517,0.0058379006,0.00878148
7.152558e-11,0.008008216,0.0060639833,0.009456156,0.02558955,0.009531806,0.005483028,0.008596549
-7.947286e-11,0.008424945,0.006466448,0.010378707,0.03921063,0.013227994,0.0065649394,0.010574514
-7.947286e-11,0.007988438,0.006071557,0.009398496,0.020662088,0.009306944,0.008070421,0.010380806
1.1126201e-10,0.008664203,0.0065158964,0.010205729,0.03336718,0.008476404,0.0072992365,0.013842294
-1.192093e-10,0.008805866,0.0067650476,0.010724664,0.027002983,0.0078060688,0.0067190975,0.015715122
1.8278758e-10,0.008677437,0.006603621,0.010508441,0.04122392,0.0107506355,0.009087129,0.017910792
-2.3841857e-11,0.0081310645,0.006191585,0.009917432,0.033969995,0.012831615,0.0097207995,0.02053954
7.947286e-12,0.008217977,0.0062157274,0.009686794,0.034339152,0.010098078,0.008983124,0.017877683
3.973643e-12,0.009060267,0.006998046,0.011358919,0.027171815,0.013231754,0.008085917,0.020983856
-1.1126201e-10,0.009219755,0.0071100444,0.011647217,0.02809579,0.010283406,0.007859158,0.021087585
6.357829e-11,0.009317746,0.0070687234,0.010955302,0.028179975,0.008144881,0.009318765,0.014527472
-1.5099844e-10,0.008342321,0.006330896,0.010090411,0.03034187,0.010400356,0.006010882,0.011052516
-7.947286e-12,0.0088125365,0.006714867,0.0105516855,0.03034886,0.009962278,0.0054973247,0.011849703
-6.357829e-11,0.008813125,0.0067615802,0.010724665,0.053560253,0.011840791,0.006356935,0.013918
6.357829e-11,0.008641501,0.006616781,0.010494026,0.0362712,0.010863776,0.006720786,0.017932296
-3.973643e-11,0.008150931,0.0062907147,0.01009041,0.025987701,0.010544596,0.006913865,0.015724208
7.947286e-12,0.0085203275,0.0065790303,0.0106093455,0.027554156,0.013597187,0.011862431,0.024974415
1.2715658e-10,0.008191626,0.006197838,0.009802112,0.028133657,0.011296473,0.008740096,0.01759392
-4.7683715e-11,0.008733083,0.0066829133,0.010494026,0.03848527,0.012676236,0.006780211,0.017379904
6.357829e-11,0.008516113,0.0065125255,0.010263388,0.03640591,0.011170392,0.00617083,0.021508565
8.34465e-11,0.008920087,0.0069257966,0.011301259,0.045431484,0.017328229,0.009405166,0.017175527
1.5894572e-10,0.008251001,0.0064212824,0.010450782,0.024514558,0.009249061,0.0062077544,0.01693311
3.1789144e-11,0.008264151,0.006308691,0.009975091,0.013247627,0.010214385,0.006913135,0.013771799
7.947286e-12,0.009265013,0.0070043122,0.010667006,0.021540402,0.0066760625,0.006142069,0.0139365345
-4.7683715e-11,0.008895174,0.006808737,0.010724665,0.03919078,0.012002756,0.005593678,0.01396944
1.5894572e-11,0.008457281,0.0064038374,0.009975091,0.042246304,0.008845861,0.007735825,0.017398281
-6.357829e-11,0.008075928,0.006057429,0.009340837,0.027727174,0.007867479,0.006548246,0.011886742
2.3841857e-11,0.0076118205,0.0057361173,0.008821901,0.018513314,0.008860573,0.005697183,0.010767236
7.947286e-11,0.008734519,0.0067087174,0.010724664,0.024410775,0.009179284,0.004593081,0.011441956
2.1457672e-10,0.008380258,0.0063307513,0.009859772,0.038286168,0.008997661,0.0050724363,0.011588987
9.536743e-11,0.0088183535,0.0067839464,0.010839984,0.04614599,0.019173287,0.00922576,0.02165039
7.549922e-11,0.008820726,0.0068156715,0.01112828,0.038150866,0.014065922,0.0060072057,0.0186701
3.1789144e-11,0.009073709,0.006923266,0.011070621,0.04791961,0.015101756,0.008617646,0.019483496
-4.3710074e-11,0.008838962,0.0067892415,0.010839984,0.041638955,0.012506298,0.0076938923,0.020416021
-1.2715658e-10,0.008623264,0.0065873303,0.010321048,0.02538004,0.010461103,0.00857848,0.020556169
7.947286e-11,0.009171239,0.0068202903,0.010321047,0.045985114,0.010241527,0.011689771,0.022293136
1.2715658e-10,0.00909428,0.006910681,0.010854398,0.031505868,0.009956506,0.0066031436,0.017441262
-3.1789144e-11,0.008865592,0.0068918252,0.01118594,0.01611546,0.007963856,0.006105246,0.017154068
2.0662944e-10,0.008494477,0.0063449834,0.0099174315,0.016705314,0.008392244,0.0064319717,0.01340749
-7.152558e-11,0.009359097,0.0071620136,0.011301259,0.028701788,0.008227106,0.0045243115,0.014941175
-4.7683715e-11,0.009352223,0.0073107807,0.012050833,0.036129855,0.010156917,0.004677082,0.014530008
-7.947286e-11,0.00952154,0.007225213,0.011070622,0.023405647,0.0071499017,0.0060727405,0.012019719
-1.748403e-10,0.009343613,0.007183837,0.011589557,0.029539017,0.0087614665,0.0054852082,0.013959429
-7.947286e-11,0.011266694,0.008385718,0.012973385,0.04973634,0.014350624,0.009426314,0.023125207
-1.1920929e-11,0.009692594,0.0074273804,0.0119355135,0.019622458,0.009904616,0.0073191146,0.02238208
-1.5894572e-11,0.008801563,0.00672448,0.010667005,0.057687826,0.01183619,0.0072478675,0.018159369
5.5631003e-11,0.00848641,0.006604024,0.010667006,0.019881925,0.008520033,0.005199268,0.014427604
6.357829e-11,0.008549648,0.00654103,0.010263389,0.03918515,0.012645465,0.007336889,0.01885447
1.5894572e-11,0.008556757,0.006506275,0.010205729,0.040218502,0.013336464,0.008926162,0.022244176
1.5894572e-10,0.008747672,0.0066404627,0.010378707,0.040310126,0.014434305,0.009446666,0.02502299
0.0,0.008792995,0.0066791675,0.010724664,0.027338747,0.012332577,0.009899151,0.02284767
7.947286e-11,0.009036737,0.006915811,0.011012962,0.043688647,0.015846517,0.010154802,0.026182253
0.0,0.0092122005,0.007009562,0.011070621,0.04139162,0.010091509,0.008152491,0.021300389
-3.1789144e-11,0.009420091,0.007157374,0.011358919,0.032587785,0.009418338,0.0063425773,0.016424011
-3.973643e-11,0.009926813,0.0077271615,0.012512108,0.028955517,0.00689201,0.0072562476,0.018079694
1.5894572e-11,0.009077727,0.0069802543,0.01112828,0.02896518,0.0058251065,0.0057179756,0.012826574
0.0,0.0092197405,0.0070524164,0.01118594,0.018849503,0.008955811,0.005926532,0.009910304
3.973643e-11,0.009278284,0.007117556,0.011301259,0.04249492,0.0098852785,0.006202686,0.014372427
9.536743e-11,0.009125008,0.006941519,0.011012962,0.033718627,0.009870811,0.0057264557,0.012914355
5.5631003e-11,0.009375763,0.0070903813,0.010955302,0.0375792,0.008510205,0.006994064,0.013617051
-2.3841857e-11,0.008617901,0.0066126804,0.0106237605,0.010357951,0.0067776944,0.005914461,0.016529439
7.152558e-11,0.007688653,0.005930768,0.009629134,0.023130385,0.010838909,0.007378493,0.017284233
3.1789144e-11,0.008549479,0.0063834493,0.0099318465,0.04485998,0.009147479,0.0054138387,0.018993516
1.1126201e-10,0.0077156136,0.005705433,0.008591264,0.008457806,0.009417057,0.007063198,0.016246626
-2.3841857e-11,0.008213162,0.0062004454,0.009513815,0.012876291,0.013272979,0.007969421,0.021442939
-5.165736e-11,0.008321313,0.0063173724,0.010148069,0.030649856,0.010186021,0.0063372497,0.0208397
-1.5099844e-10,0.0077574034,0.005941617,0.009456156,0.010065751,0.010618254,0.0071052643,0.020299116
1.192093e-10,0.008549359,0.006612492,0.010667005,0.0354712,0.013194757,0.008074516,0.018186841
1.3510386e-10,0.007923664,0.006010191,0.009340837,0.0237809,0.010795367,0.007584521,0.011881546
8.742015e-11,0.0077222013,0.005954572,0.009701209,0.023821069,0.007051535,0.0050795767,0.011408078
4.7683715e-11,0.007807752,0.0059500225,0.009470571,0.019456843,0.008085927,0.004730404,0.010685782
-1.0728836e-10,0.0077841044,0.0059961565,0.009629134,0.020335468,0.011393977,0.0061588543,0.009815928
1.1523565e-10,0.007853709,0.005894036,0.009110198,0.018253721,0.009865145,0.0058145616,0.011134202
7.947286e-12,0.0080364505,0.006281543,0.010321048,0.020020027,0.01119881,0.007291492,0.012575217
-1.1523565e-10,0.007771869,0.005877572,0.0092255175,0.0135902325,0.0073185856,0.0070261504,0.013084454
-2.2252401e-10,0.008464658,0.006553065,0.0105516855,0.020035684,0.007540877,0.0072190445,0.015706083
-7.947286e-11,0.008093383,0.006134282,0.009513815,0.016576394,0.008526859,0.005796135,0.012727947
7.947286e-11,0.009552456,0.0072537446,0.011301259,0.0196454,0.009668879,0.005533858,0.010731955
-2.5431315e-10,0.008751662,0.006856058,0.011416579,0.026263438,0.0067356643,0.0038382043,0.011952748
-1.4305115e-10,0.008952489,0.00691342,0.011070621,0.022869268,0.009610883,0.0057037533,0.013098182
-2.304713e-10,0.009554866,0.007382996,0.011877853,0.03215301,0.008398262,0.0048067532,0.014926107
6.357829e-11,0.009507402,0.007355367,0.0119355135,0.052115504,0.012439543,0.00650283,0.019389153
-1.748403e-10,0.009219012,0.0071969214,0.011762535,0.039411847,0.012383405,0.009101412,0.022824025
3.973643e-11,0.008163203,0.006352201,0.010321048,0.015142577,0.0068055587,0.0056322967,0.016327659
1.1920929e-11,0.008912276,0.0066136466,0.010061581,0.020400936,0.0068731336,0.007931105,0.0161079
1.4305115e-10,0.0085105,0.006582433,0.0105516855,0.014944018,0.0066906726,0.0053394493,0.011596362
-1.5894572e-10,0.008819295,0.006717317,0.0105516855,0.017548153,0.0077581727,0.005792626,0.013688286
0.0,0.008685748,0.0066630067,0.010551686,0.019423319,0.009621148,0.005954691,0.013529164
-6.357829e-11,0.008141623,0.0061793565,0.009686794,0.011150008,0.008306427,0.0054595023,0.013190694
3.1789144e-11,0.008494169,0.006439755,0.010205729,0.025156377,0.009631031,0.0069009396,0.01777289
1.3510386e-10,0.008547969,0.006470667,0.010032751,0.04420719,0.01160355,0.008475596,0.021330494
-3.1789144e-11,0.0077363234,0.0058118766,0.008994879,0.018543774,0.00764002,0.007925672,0.019585397
-1.5894572e-11,0.0078768255,0.005994497,0.009340838,0.0079659615,0.00934382,0.0067400415,0.017081976
6.357829e-11,0.00746,0.005703885,0.009110199,0.015520913,0.00946388,0.005533933,0.016872391
3.1789144e-11,0.009316217,0.0070824586,0.010955302,0.028118486,0.009632319,0.0077727344,0.01977556
9.536743e-11,0.009457541,0.0074648303,0.012569768,0.023496773,0.009345558,0.0071410215,0.01679495
-4.7683715e-11,0.009236938,0.007305632,0.012180567,0.015831392,0.0070657562,0.0058410103,0.012361614
-1.66893e-10,0.0088098375,0.0066126613,0.010205729,0.009453807,0.006797208,0.005145179,0.019899085
-1.2715658e-10,0.009041968,0.0068414,0.0106093455,0.016094988,0.008708611,0.0054657115,0.018158743
-7.947286e-12,0.008321319,0.0064478433,0.010494026,0.021936124,0.007873696,0.007861554,0.012662451
1.5894572e-10,0.0083753355,0.006544084,0.0106093455,0.018700628,0.00583142,0.0053995154,0.013463086
-9.536743e-11,0.008073256,0.006163028,0.009686794,0.025414119,0.008146435,0.00518879,0.009177452
3.973643e-12,0.007830273,0.0059434497,0.009340838,0.019317782,0.008562378,0.0065426175,0.011138911
7.947286e-12,0.008504329,0.006450849,0.009975092,0.014817633,0.0061899032,0.005199442,0.012022672
-4.7683715e-11,0.007989677,0.006208761,0.010277803,0.011933882,0.007238492,0.0069203596,0.0111177005
3.973643e-11,0.010337432,0.007902892,0.012512108,0.017730862,0.0064851264,0.006686536,0.026978947
4.7683715e-11,0.008841902,0.006778327,0.010782324,0.022729438,0.007107621,0.006629164,0.013507452
-2.2252401e-10,0.009054008,0.0069288635,0.011070621,0.019396191,0.0077253776,0.0049555073,0.01404541
1.3510386e-10,0.008770274,0.006463051,0.009802112,0.01657331,0.0070373956,0.0065513006,0.01491195
0.0,0.008021753,0.006145894,0.009686793,0.023043996,0.0076596895,0.0074277776,0.0207822
-1.5894572e-11,0.008474473,0.0063679903,0.009975091,0.015703043,0.0076471996,0.0067637656,0.013812085
0.0,0.008012991,0.0061210655,0.009744453,0.016205093,0.0087794615,0.004045742,0.0117884455
1.2715658e-10,0.009325146,0.0072348444,0.011820195,0.019698767,0.007557955,0.0070309634,0.022964075
1.9073486e-10,0.009150592,0.0070944154,0.011531897,0.022040302,0.0107725365,0.008053929,0.016184768
-1.192093e-10,0.009068925,0.006847809,0.010839984,0.019804636,0.008168151,0.0053906646,0.01417155
4.7683715e-11,0.008861234,0.006671782,0.010378707,0.062434517,0.010897913,0.008755442,0.022234846
-1.2715658e-10,0.009514588,0.007384122,0.0119355135,0.031473324,0.008133807,0.0078106513,0.024400737
9.536743e-11,0.009796581,0.0071110455,0.010551686,0.08207685,0.013418571,0.008298592,0.021905486
1.1126201e-10,0.008264681,0.0062439637,0.009686794,0.032441318,0.0090461355,0.008392343,0.017907947
9.536743e-11,0.008986381,0.0068348246,0.010667005,0.017774748,0.0074915155,0.00667835,0.02239339
1.5894572e-11,0.007776504,0.005740975,0.008764243,0.015752245,0.006467035,0.004331377,0.010907304
7.947286e-11,0.009055591,0.006851471,0.010724664,0.015843667,0.007499617,0.0062553547,0.012596099
7.947286e-12,0.0091804,0.0069654644,0.010782324,0.019205878,0.00738784,0.00659114,0.012495297
2.0662944e-10,0.009159934,0.006854919,0.010436367,0.018614717,0.0072118808,0.0051670056,0.0099247005
7.947286e-12,0.008502806,0.0063745445,0.009629134,0.020754771,0.00821589,0.0049736146,0.010152067
2.3841857e-11,0.008003658,0.0060782623,0.009629134,0.018413762,0.007334077,0.0059638526,0.011744845
-1.1126201e-10,0.008737102,0.00653126,0.009989506,0.023303842,0.007817711,0.005407034,0.011067035
2.5431315e-09,0.050879907,0.038083278,0.050524127,1.9513233,0.055996876,0.012434015,0.014638977
1.9073486e-10,0.00944787,0.006973628,0.010739079,0.04058501,0.010934154,0.008426658,0.020962084
-3.1789144e-11,0.008826177,0.006869884,0.0113012595,0.029073497,0.009678296,0.0073826127,0.021859871
7.947286e-11,0.009551335,0.00724578,0.011142695,0.056251116,0.012307028,0.008782126,0.017280567
1.2715658e-10,0.009065634,0.0069291648,0.011012962,0.026307598,0.019198125,0.0073334808,0.0164692
7.947286e-11,0.0077806823,0.0059350464,0.009513816,0.01084038,0.0069666575,0.004982642,0.015018545
-6.357829e-11,0.008329016,0.0063633686,0.010148069,0.012838829,0.0048778653,0.0056543346,0.014646006
1.4305115e-10,0.008835462,0.00675694,0.010724665,0.01851653,0.007030087,0.0058053373,0.015798012
0.0,0.009205643,0.006928332,0.010667006,0.019161912,0.0074722017,0.00615842,0.015172747
-2.384186e-10,0.009216697,0.0069281016,0.010782324,0.023080243,0.00665005,0.0044564963,0.013779189
-7.947286e-12,0.010098434,0.007354945,0.010912058,0.0438099,0.008255179,0.006737997,0.012169097
3.0517577e-09,0.032527763,0.019907812,0.015640136,0.16545372,0.011408144,0.005192745,0.010782962
4.7683715e-11,0.008307133,0.0062190695,0.009412911,0.015390995,0.0063806716,0.0060530053,0.013459376
-4.7683715e-11,0.008666215,0.0065026763,0.009917432,0.058880866,0.012605986,0.008088999,0.020589618
-1.8278758e-10,0.00893884,0.006907637,0.011200355,0.040012326,0.012837842,0.0067529334,0.014102256
5.5631003e-11,0.008157931,0.0062531615,0.0099174315,0.021341076,0.009753287,0.0047132103,0.010447604
0.0,0.0086985985,0.0066454913,0.010378707,0.022685029,0.009005679,0.005665393,0.016645003
-3.973643e-11,0.009890633,0.0074813394,0.011877853,0.057172373,0.012208937,0.0072540725,0.018424869
7.947286e-11,0.0060992623,0.004701332,0.0076687112,0.0064077466,0.006254647,0.0055888845,0.010037364
2.3841857e-11,0.0066073937,0.005135545,0.0084327,0.022863097,0.008662481,0.0059739123,0.011421801
1.5894572e-11,0.006477234,0.0049338033,0.00789935,0.027814206,0.008691675,0.005955708,0.008825873
-4.7683715e-11,0.00765553,0.005831092,0.009167858,0.0064983675,0.0055895327,0.006057018,0.017535364
1.4305115e-10,0.008449356,0.006526058,0.010667006,0.030069316,0.011280096,0.0055361157,0.013695934
-1.5894572e-11,0.010796855,0.0076845796,0.010782324,0.012482433,0.005345047,0.005021348,0.0216489
-6.357829e-11,0.009596936,0.007167525,0.010955302,0.0616062,0.014747648,0.005820624,0.01420005
-1.5099844e-10,0.008258299,0.0062584807,0.009758867,0.024069924,0.009362123,0.004939664,0.016189726
-3.1789144e-11,0.011142044,0.007023128,0.009917432,0.028253103,0.009098128,0.006073915,0.012838785
-2.026558e-10,0.008809573,0.00677453,0.010724664,0.021035852,0.007026607,0.004937167,0.017763672
0.0,0.008337853,0.006387444,0.010047166,0.024823876,0.009102043,0.006633602,0.016163137
0.0,0.0068086907,0.005128424,0.00795701,0.02194761,0.01151284,0.005555053,0.009690374
-1.1126201e-10,0.008730955,0.006678155,0.010724665,0.017988274,0.008964319,0.0070599206,0.018738344
-7.152558e-11,0.008813718,0.006751643,0.010782324,0.050654795,0.012544426,0.010728799,0.01752258
0.0,0.007658596,0.005911213,0.009513816,0.02114083,0.011392217,0.0057216818,0.016855923
-2.3841857e-11,0.009007723,0.0069259293,0.01112828,0.033854395,0.013153052,0.009857022,0.023144562
2.3841857e-11,0.00824935,0.006326157,0.009975092,0.022342712,0.010135846,0.005542244,0.012458221
1.5894572e-11,0.00790395,0.005982621,0.0092255175,0.021133749,0.008076489,0.00579633,0.011500127
9.536743e-11,0.00896749,0.006792213,0.010667005,0.04928544,0.015255518,0.0072087073,0.023119383
-3.1789144e-11,0.009434949,0.007265339,0.011531897,0.03541024,0.011352137,0.0073023196,0.01748068
-8.742015e-11,0.007858939,0.0060973587,0.0099174315,0.025128935,0.006689784,0.0057143993,0.012599898
-1.5894572e-10,0.009383588,0.007167322,0.01118594,0.02541609,0.011822201,0.0070577604,0.022696266
9.536743e-11,0.008546012,0.0067328126,0.011358919,0.020632906,0.007441971,0.005436729,0.012979644
-1.4305115e-10,0.009036588,0.0070524914,0.011531897,0.030867381,0.00900067,0.004866201,0.013218278
-9.536743e-11,0.008229314,0.0063158143,0.009975091,0.018145114,0.008790364,0.005556957,0.013271857
6.357829e-11,0.008734458,0.0066365735,0.010436367,0.03196602,0.008075512,0.0083459625,0.024649167
1.1126201e-10,0.009176456,0.0071774027,0.0119355135,0.045757372,0.015027514,0.008654353,0.02096998
1.5894572e-11,0.008980497,0.0068596983,0.010955302,0.024283944,0.010120228,0.0066717556,0.014794394
-3.973643e-11,0.008042462,0.0063269036,0.0106093455,0.029417576,0.011541494,0.005624346,0.011227684
4.7683715e-11,0.00933194,0.0071735606,0.0113012595,0.012539834,0.0075357067,0.005627488,0.017475348
-2.3841857e-11,0.008632847,0.0066588237,0.010782324,0.041017663,0.012013303,0.005350247,0.017320836
-1.1126201e-10,0.008536925,0.0066079805,0.010667006,0.025437396,0.008575846,0.0052606375,0.010667582
-7.947286e-11,0.009349248,0.0071611726,0.011474238,0.024057703,0.009886106,0.007772861,0.01419274
7.152558e-11,0.009664609,0.0073606214,0.011647216,0.04151906,0.011996072,0.008750504,0.020748913
6.357829e-11,0.008886734,0.0068718367,0.010912058,0.026168365,0.009054667,0.0052192565,0.011862593
6.357829e-11,0.008220964,0.006343688,0.010378707,0.021476718,0.0106000835,0.0051734424,0.010520333
-3.1789144e-11,0.009985311,0.0077633243,0.012512108,0.022507878,0.010258597,0.0075626825,0.016386203
6.357829e-11,0.0089384485,0.0067470907,0.0105516855,0.023683576,0.0104318755,0.0070565967,0.019995498
-1.8676122e-10,0.009570514,0.0073853782,0.011762535,0.051285658,0.013043589,0.007966639,0.017531384
1.5894572e-11,0.009488523,0.0072843414,0.011531897,0.034651183,0.011848765,0.0055372114,0.01373914
1.192093e-10,0.009488874,0.0070475526,0.010782324,0.02689009,0.0081662405,0.0053853793,0.010027985
-3.1789144e-11,0.0083104605,0.0064046336,0.010032751,0.022300048,0.007262253,0.006510277,0.013459932
-3.973643e-11,0.0092637455,0.007116369,0.0112436,0.036507115,0.008741725,0.0077682976,0.016676622
2.0662944e-10,0.009530598,0.0073861666,0.012050833,0.043448843,0.010314652,0.00521814,0.019068528
-6.357829e-11,0.009581748,0.0075046164,0.012281471,0.03976332,0.013540159,0.0075224093,0.016898982
-1.3510386e-10,0.008733379,0.0066707744,0.010782324,0.022326883,0.009219946,0.0050029354,0.0129353665
-4.7683715e-11,0.009086786,0.0069029746,0.010796739,0.044441584,0.008913178,0.0055316174,0.011413053
7.947286e-11,0.009479993,0.007333763,0.011935514,0.017708443,0.009211049,0.0066894554,0.014219076
-2.0662944e-10,0.010834965,0.008229429,0.012973385,0.014834991,0.005228669,0.009218593,0.016561624
2.384186e-10,0.020430617,0.015308287,0.0224872,0.01832701,0.0072545577,0.015632907,0.036117237
1.3510386e-10,0.006256676,0.0047374503,0.0076110526,0.0066576246,0.0039745932,0.0033313609,0.007825016
3.973643e-11,0.006583748,0.005055617,0.008029084,0.0088348575,0.0052565285,0.00606458,0.012996504
1.5894572e-11,0.008615101,0.006653398,0.010724665,0.04499499,0.007429339,0.0058973357,0.014463023
1.4305115e-10,0.007942709,0.0061920593,0.010205729,0.03167323,0.010495569,0.005064511,0.010829026
-5.5631003e-11,0.009134452,0.0070794984,0.011416579,0.020997614,0.0059859487,0.007968259,0.019695148
4.7683715e-11,0.01449422,0.010178494,0.013780617,0.040300004,0.009555764,0.0067362012,0.024917742
-3.6557515e-10,0.009877759,0.007665711,0.012512109,0.04369146,0.008642743,0.004758754,0.01509599
1.5894572e-11,0.008519304,0.0066807424,0.010897643,0.026501063,0.0094304485,0.0056742863,0.009773437
-1.5894572e-11,0.00865166,0.0067683,0.01112828,0.019138109,0.006743693,0.0047842013,0.012808195
-7.947286e-11,0.009301603,0.007238624,0.011762535,0.02789941,0.0074818823,0.0049292212,0.012237163
6.357829e-11,0.008123652,0.0062673767,0.010047166,0.018357156,0.008798131,0.0042323293,0.009380993
-6.357829e-11,0.016003108,0.010930879,0.014184234,0.02330815,0.0060943207,0.004555301,0.010147396
6.357829e-11,0.00974561,0.007780106,0.013434661,0.028860686,0.006797325,0.0075385873,0.018276893
6.357829e-11,0.008579885,0.00665597,0.010839984,0.03411657,0.009295712,0.00650144,0.019474378
3.1789144e-11,0.009170945,0.0071833986,0.011704875,0.016366921,0.008369551,0.005261341,0.015385114
0.0,0.008965338,0.0070392224,0.011762535,0.01757406,0.0068518124,0.006625206,0.02104971
-2.2252401e-10,0.010634628,0.0081009185,0.01287248,0.056173723,0.009329275,0.0053651826,0.014143703
2.2649765e-10,0.009624103,0.0074675614,0.011993173,0.020169709,0.009196452,0.0047326353,0.01297868
1.9073486e-10,0.008970794,0.0070696697,0.011647216,0.032545306,0.0068431213,0.0056016943,0.010725395
-6.357829e-11,0.009531546,0.0074309097,0.012194982,0.017042473,0.0068102432,0.0046733906,0.010450278
-1.4305115e-10,0.010122542,0.007925087,0.013031044,0.030067163,0.0075653256,0.0049827574,0.014142788
1.5894572e-10,0.009816656,0.0076293843,0.012454449,0.015877841,0.0061091497,0.00429866,0.01123283
-7.947286e-11,0.009102277,0.006963348,0.010897643,0.040181298,0.0056879926,0.0048189857,0.010371567
-1.5894572e-11,0.011092593,0.0085158115,0.013434661,0.0398357,0.010354838,0.005658421,0.014868761
1.9073486e-10,0.010831232,0.008680656,0.014703169,0.041152354,0.008435296,0.0057154084,0.019005572
-2.5431315e-09,0.054595567,0.040109105,0.049255617,1.4488255,0.05761983,0.019100823,0.025267527
-1.2715658e-10,0.009719188,0.007553232,0.01233913,0.037923325,0.008783006,0.00646308,0.019361624
0.0,0.009030585,0.007026141,0.011373334,0.02764543,0.005113457,0.0037049528,0.009686278
7.947286e-11,0.009029327,0.0068580024,0.010782324,0.012825961,0.005018396,0.0028106486,0.007594595
6.357829e-11,0.008269369,0.0064713615,0.0105516855,0.014846173,0.003321045,0.002071192,0.0074484968
7.947286e-11,0.0091367075,0.0072059897,0.0119355135,0.026332818,0.005269426,0.0033562449,0.011361436
-4.7683715e-11,0.009401119,0.007188044,0.011531898,0.01955702,0.0048362366,0.0023663398,0.007784624
1.4305115e-10,0.0075012306,0.0058425507,0.009398497,0.017250134,0.0055532646,0.0038800915,0.0076940856
3.973643e-11,0.01244084,0.009603669,0.015568061,0.012146042,0.0036823137,0.008892346,0.03209949
-7.947286e-11,0.0072020045,0.0055875448,0.008994879,0.0050288006,0.0025820006,0.004314527,0.012295323
7.152558e-11,0.006160098,0.0049173045,0.008245306,0.009560943,0.0021381828,0.0033779435,0.006763715
-4.7683715e-11,0.0060649454,0.004712834,0.0077263713,0.008304243,0.00368038,0.0045429044,0.0078036627
1.5894572e-10,0.014108644,0.008550916,0.009585889,0.0051534395,0.0022018244,0.00628746,0.0073445854
-1.1126201e-10,0.008769098,0.006882529,0.0112436,0.03641611,0.0060964385,0.005377437,0.008656672
-1.748403e-10,0.008710406,0.0066121267,0.010436367,0.083006226,0.0049906923,0.004460555,0.010612385
7.947286e-11,0.007891918,0.006135678,0.010032751,0.03333403,0.0042560683,0.0054695755,0.015985655
7.947286e-11,0.006584522,0.0050943745,0.008187647,0.017916624,0.0050319163,0.003292533,0.006582907
1.9868215e-11,0.009123438,0.0069851456,0.011301259,0.055976216,0.005392552,0.004942196,0.013059851
-1.1126201e-10,0.0073399744,0.00582539,0.009701209,0.019799275,0.006761165,0.0038735704,0.0100895725
9.735426e-11,0.008015767,0.006032066,0.009340837,0.0111404415,0.0040502464,0.0039786785,0.012390374
8.742015e-11,0.007814706,0.005905949,0.009398496,0.01643175,0.0051525976,0.00397053,0.009612763
7.947286e-11,0.008167503,0.0065594255,0.011358919,0.035228744,0.005390583,0.00365497,0.009824502
0.0,0.008544971,0.006678572,0.011070621,0.0477989,0.007575921,0.0039432663,0.008803224
-1.0331472e-10,0.008251113,0.006340171,0.010148069,0.048861135,0.008438201,0.0061095236,0.0133822635
6.357829e-11,0.009013373,0.0071703442,0.012108492,0.033644892,0.007448227,0.0036276148,0.011399996
6.357829e-11,0.008335149,0.0065390617,0.010839984,0.04420582,0.006603144,0.00485665,0.011356081
9.536743e-11,0.008339885,0.006620587,0.011070621,0.036278907,0.00565639,0.0043610977,0.009154914
-3.1789144e-11,0.009777867,0.00750782,0.0119931735,0.03277091,0.004606787,0.0020572306,0.0074086916
3.1789144e-11,0.008663261,0.006680107,0.010897643,0.027953634,0.0070754853,0.0030562417,0.011559612
0.0,0.008179059,0.0063323667,0.010263389,0.034463517,0.005420092,0.004439655,0.015418726
1.9073486e-10,0.009735177,0.0074823033,0.011892268,0.02883843,0.005152493,0.0032646088,0.007949359
-1.748403e-10,0.0086636655,0.0067229634,0.010955302,0.04214746,0.005913411,0.0048748036,0.015991919
-2.3841857e-11,0.0075646443,0.006013417,0.010090411,0.03433122,0.0057202005,0.0022434017,0.006474747
1.2715658e-10,0.009297146,0.007264547,0.011762535,0.02906371,0.006440636,0.0033998482,0.007912391
-6.357829e-11,0.008881123,0.006747751,0.0106093455,0.051796466,0.0064989636,0.0036211777,0.01128915
6.357829e-11,0.0098042935,0.0076797944,0.012685087,0.053098325,0.0060766493,0.0037647688,0.011660484
-7.947286e-11,0.007914793,0.0061719124,0.009917432,0.042870052,0.0070689833,0.0042802603,0.013986494
-9.536743e-11,0.009753255,0.0076590395,0.012800406,0.050504196,0.00957455,0.004836926,0.01573437
-1.1126201e-10,0.009492307,0.007399642,0.012108492,0.06457701,0.005793679,0.006000659,0.018322784
-1.748403e-10,0.009077784,0.007050191,0.011416578,0.057821576,0.007989239,0.006718705,0.017171005
-3.1789144e-11,0.009944963,0.007915404,0.013261681,0.041135326,0.0058396733,0.0051090107,0.017584149
1.0331472e-10,0.009674914,0.0074717063,0.011877854,0.03941178,0.0060828654,0.003283882,0.010294308
-6.357829e-11,0.009668812,0.0074446574,0.011935514,0.022058934,0.0043373895,0.00557847,0.023227978
8.742015e-11,0.0076449667,0.006057073,0.010263388,0.015044408,0.004312634,0.0021202217,0.0033161612
9.536743e-11,0.009006397,0.007001708,0.011589557,0.03488692,0.005233183,0.0027292497,0.008608133
-7.947286e-11,0.008880351,0.0069298674,0.011301259,0.04266755,0.005114026,0.003476473,0.010451872
-4.7683715e-11,0.008227087,0.006490467,0.010782324,0.02419248,0.007987599,0.004243108,0.0154008325
1.4305115e-10,0.0071802805,0.0056282575,0.009513816,0.024419826,0.00455033,0.0027849828,0.007358706
-1.2715658e-10,0.008366087,0.0066096215,0.010897643,0.027395723,0.0050875815,0.0029919948,0.007834603
1.748403e-10,0.0079980185,0.006425407,0.010969717,0.033290245,0.005006209,0.0028356956,0.0076088947
1.2715658e-10,0.009498829,0.007593978,0.013031044,0.08709469,0.007821718,0.0040151672,0.009210098
-1.5894572e-11,0.00888135,0.0069338186,0.0112435995,0.02808055,0.005124856,0.0027176295,0.007579886
3.1789144e-11,0.008209243,0.00641323,0.010436367,0.038472872,0.006486284,0.002256884,0.006045298
-4.7683715e-11,0.0099400785,0.007859271,0.013045459,0.07216539,0.0066579487,0.0031748908,0.010668419
1.2715658e-10,0.009335416,0.007272331,0.012050833,0.053287633,0.0055669732,0.0059440737,0.012143358
1.5894572e-11,0.008494127,0.006729021,0.0112436,0.06283281,0.006783382,0.002434776,0.0080682505
4.7683715e-11,0.008885666,0.007112053,0.012050833,0.03532344,0.005136286,0.0025356063,0.0065195425
3.0517577e-09,0.05139875,0.036302157,0.038761586,1.1802099,0.06384816,0.020587789,0.03141544
3.8146972e-10,0.011756094,0.008802154,0.013261681,0.050867535,0.0053191455,0.0032536765,0.0066810693
-1.5894572e-10,0.011514678,0.00892044,0.014241893,0.07742904,0.010794732,0.0045362017,0.009498712
7.947286e-11,0.010161423,0.007967712,0.013146363,0.06685651,0.0078469785,0.0047728494,0.013865914
1.5894572e-11,0.010717555,0.008449795,0.01414099,0.057085376,0.009368191,0.005642569,0.013360724
1.5258789e-09,0.029644698,0.019077836,0.020180821,0.32139876,0.01166139,0.008225328,0.0119111845
-1.5894572e-10,0.009946477,0.007937116,0.013449075,0.026867766,0.009465885,0.0044730557,0.009298196
1.1126201e-10,0.010621125,0.008381774,0.0140112545,0.082703136,0.011302256,0.0068046767,0.01810117
4.7683715e-11,0.010613059,0.008386278,0.014299552,0.04738587,0.007918882,0.0046383715,0.01162019
3.1789144e-11,0.008728113,0.0067242817,0.010724664,0.06230894,0.0075733587,0.003159598,0.011322965
-1.4305115e-10,0.009551057,0.007519233,0.012238226,0.02085755,0.005479959,0.0032401823,0.0063052056
-6.357829e-11,0.008728044,0.006788988,0.010897643,0.018965846,0.009689931,0.0059737116,0.011526636
8.742015e-11,0.008784495,0.006675346,0.010681421,0.06427614,0.010505222,0.0049123275,0.010855788
-3.1789144e-11,0.008453418,0.006597173,0.010796739,0.022052724,0.0064022043,0.0035328583,0.010002602
-1.5894572e-10,0.009339776,0.0072245426,0.011820195,0.029086258,0.009314292,0.0056464565,0.012798114
9.536743e-11,0.010202109,0.007963154,0.013031043,0.057591867,0.00767784,0.0046306066,0.01360777
-6.357829e-11,0.009894222,0.007841984,0.013088703,0.046826128,0.009098806,0.0052199103,0.011676024
-6.357829e-11,0.011126343,0.008587899,0.013838276,0.019890042,0.005973398,0.0068539972,0.0262595
1.4305115e-10,0.009514268,0.0073642717,0.0119355135,0.033622842,0.006677555,0.00334484,0.0077221002
-2.3841857e-11,0.010890033,0.008536767,0.014241893,0.06536181,0.015139464,0.0064826524,0.0206941
-2.5431315e-10,0.010174644,0.007901068,0.013146362,0.02395707,0.008870511,0.011865785,0.018768229
6.357829e-11,0.009564164,0.007276881,0.011647216,0.011469967,0.004371957,0.01117401,0.020676237
1.5894572e-11,0.010804432,0.0082500195,0.012512108,0.02669912,0.0031734619,0.008509118,0.014193097
1.2715658e-10,0.019358149,0.01159591,0.01135892,0.015439068,0.0030156118,0.0069372277,0.00945664
-1.9073486e-10,0.020981954,0.014608175,0.01908529,0.05247823,0.0036815314,0.009521618,0.01313074
3.8146972e-10,0.019508414,0.01338507,0.016029337,0.023819812,0.0045139296,0.0071006487,0.014921928
2.5431315e-10,0.01307851,0.010009448,0.0157987,0.039716937,0.008028656,0.0030705484,0.0105155045
-9.536743e-11,0.009203442,0.0070684813,0.0112436,0.03431472,0.006540176,0.006692269,0.0097430935
0.0,0.009187379,0.0070206495,0.0112436,0.021079237,0.005840684,0.006103286,0.009137269
3.1789144e-11,0.008391794,0.006578874,0.010897643,0.027913962,0.0050469507,0.0074331267,0.012626567
3.1789144e-11,0.006614562,0.0046604625,0.0069767977,0.003877126,0.007045162,0.006081372,0.008562632
6.357829e-11,0.013825147,0.010487363,0.016029336,0.025405563,0.0052834046,0.006811106,0.0133934375
-1.1126201e-10,0.011794846,0.009136899,0.01453019,0.05832173,0.00583802,0.004986109,0.013034917
6.357829e-11,0.009943137,0.007477843,0.011416579,0.027254652,0.0058898395,0.006947802,0.013584678
3.1789144e-11,0.0081925485,0.0064075114,0.010393122,0.028271189,0.0065793796,0.006139875,0.011310343
-6.357829e-11,0.00927246,0.007053232,0.010955302,0.042685974,0.007199155,0.0045425636,0.012125394
1.2715658e-10,0.01225988,0.009611562,0.015568061,0.036672115,0.0069875205,0.009613128,0.019773485
2.861023e-10,0.012976646,0.009910022,0.015741039,0.04175892,0.0067024995,0.010585984,0.03255792
-4.4504803e-10,0.015194884,0.010892783,0.01562572,0.041879866,0.009846856,0.014070988,0.039955385
-2.5629998e-10,0.010623462,0.007827611,0.011661631,0.073902465,0.0053599197,0.011209209,0.014286934
-1.2715658e-10,0.015864624,0.012154863,0.019388003,0.09391522,0.0072987936,0.011519721,0.03720182
6.357829e-11,0.014177091,0.010781447,0.017009549,0.07559729,0.010823072,0.00896886,0.052789282
-2.7020772e-10,0.012704734,0.009140871,0.0133193415,0.03630688,0.010544903,0.0065060817,0.0109263975
2.2252401e-10,0.011743772,0.009079299,0.014760828,0.03834153,0.006336643,0.013688853,0.030502226
2.2252401e-10,0.009310037,0.0068252226,0.010263389,0.0108646145,0.0041966494,0.0064803697,0.010600623
-6.357829e-11,0.0059417044,0.0045872345,0.007553393,0.006507757,0.0057356623,0.0073562916,0.007315041
3.1789144e-11,0.0075995773,0.0057594087,0.008821901,0.038624402,0.006099135,0.0053747003,0.00760246
1.2715658e-10,0.0058929543,0.004585819,0.007438074,0.0073166233,0.006800709,0.008230515,0.00880254
6.357829e-11,0.005534161,0.004264296,0.0069767977,0.005075917,0.0071208044,0.008809614,0.0096708285
-7.549922e-11,0.006611914,0.0048769186,0.007438074,0.008122425,0.005662713,0.007921236,0.009220906
3.1789144e-11,0.005382879,0.0041918703,0.006861479,0.00550715,0.004982648,0.0059294733,0.0078000245
-1.5894572e-11,0.0062586004,0.004840734,0.0077263713,0.005692088,0.0074478686,0.0090575125,0.008534227
-3.1789144e-11,0.005686571,0.004422807,0.0072650956,0.0055879983,0.008538585,0.008914321,0.008349652
-1.1126201e-10,0.005488849,0.004198499,0.00674616,0.005565132,0.007084887,0.0064379955,0.008458864
4.7683715e-11,0.0068370216,0.005139671,0.007798446,0.018121602,0.0067120576,0.008751255,0.013265257
-4.7683715e-11,0.0051025418,0.0039480045,0.006400203,0.004946413,0.005514556,0.0095427185,0.0073115407
2.3841857e-11,0.0045585646,0.0034448314,0.005376747,0.0059218123,0.005913804,0.004727204,0.005544935
-4.3710074e-11,0.0045415126,0.0034782644,0.005708289,0.004043611,0.0051376303,0.005870691,0.00583831
4.7683715e-11,0.004642625,0.0035071736,0.005492066,0.0044759074,0.005170535,0.0076122675,0.0065811765
0.0,0.0050562606,0.003960722,0.006573181,0.0037994392,0.0050717103,0.007047564,0.0059250714
-5.960465e-11,0.0048190523,0.0037369293,0.006111906,0.0057891007,0.0041558505,0.006293592,0.006899417
-3.973643e-11,0.0047115395,0.0036124613,0.005823608,0.005526814,0.004908093,0.004463462,0.0071647787
-7.549922e-11,0.0050173565,0.003816659,0.006054246,0.005641344,0.00615764,0.0033602302,0.005722387
-1.0331472e-10,0.0048005376,0.003755964,0.006284884,0.0038162402,0.00495045,0.008041235,0.007697187
-6.357829e-11,0.005011928,0.0038235555,0.006054246,0.0052679135,0.0061502936,0.0057899314,0.008552873
-2.3841857e-11,0.005235791,0.0040545813,0.006515522,0.0061444645,0.00466435,0.005121856,0.009405484
-6.357829e-11,0.005601231,0.0043122624,0.0070344578,0.0052652117,0.0058820834,0.0043363115,0.010210388
1.5894572e-11,0.0064316965,0.0048513184,0.0076110526,0.015137983,0.006823407,0.0036995246,0.006289791
4.7683715e-11,0.006461081,0.0047292104,0.0073804148,0.012053078,0.004962063,0.0030419088,0.005959436
6.357829e-11,0.0063252877,0.004866017,0.007784031,0.016747417,0.006921775,0.0034809408,0.00805288
-1.5894572e-11,0.0060232426,0.00464667,0.0074957334,0.018429385,0.007811482,0.0044383937,0.007241207
3.1789144e-11,0.006484832,0.0050317463,0.008072328,0.015959878,0.006293961,0.0036011382,0.0072264005
-3.973643e-11,0.0067277495,0.0052383444,0.008533604,0.01699054,0.006063441,0.004611687,0.010646479
7.152558e-11,0.006434591,0.004970822,0.008014669,0.008851985,0.006659931,0.006416784,0.015035253
0.0,0.0050247363,0.0038504105,0.006284884,0.0075124786,0.004959733,0.0037127682,0.0056832773
-3.576279e-11,0.006031546,0.0046307496,0.007438074,0.009124499,0.007525437,0.0051444154,0.010305772
0.0,0.0071654343,0.005564329,0.008994879,0.007510118,0.0065969075,0.005214191,0.009659649
5.5631003e-11,0.0065335357,0.0049399342,0.007784031,0.019935727,0.0062067495,0.004450133,0.014137444
-3.1789144e-11,0.0051635746,0.0040009543,0.0064578624,0.0073246695,0.0062688384,0.0054366076,0.0068249837
3.576279e-11,0.0071347184,0.0053585824,0.008360626,0.012187241,0.005797716,0.0044221864,0.0093386965
-3.1789144e-11,0.0068127173,0.0051495037,0.008014669,0.013175385,0.0043893754,0.0034016992,0.006825017
0.0,0.006652314,0.0050478047,0.00795701,0.010826815,0.0043675294,0.003294933,0.006435982
1.5894572e-11,0.0065302295,0.005153045,0.008591264,0.017419364,0.008291734,0.0034429822,0.007460896
6.755193e-11,0.0063567613,0.005004242,0.008187647,0.016877431,0.0065415124,0.0030905067,0.006742564
1.2715658e-10,0.009128893,0.0070076142,0.01118594,0.026469575,0.008409278,0.005645045,0.012295048
3.1789144e-11,0.0062716957,0.00483933,0.007784031,0.025309455,0.006764595,0.004318761,0.007483908
1.5894572e-11,0.0064102844,0.004960848,0.008072328,0.030290307,0.006439441,0.0040867403,0.006551778
-1.5099844e-10,0.0077976133,0.0061409394,0.010032751,0.027967706,0.007685532,0.0038338706,0.00704922
3.1789144e-11,0.0083765965,0.0062458217,0.009528231,0.0073939525,0.007979006,0.006494221,0.011393908
0.0,0.0074415007,0.0057868115,0.009456156,0.016775504,0.0048121796,0.00816803,0.009167958
5.960465e-11,0.005999171,0.0046239705,0.007438074,0.0112534575,0.005584961,0.008852296,0.009176239
2.3841857e-11,0.004983171,0.0038057321,0.006111905,0.005169188,0.0047955853,0.004591805,0.0071875476
-7.152558e-11,0.005167705,0.004014308,0.0065731816,0.0069911485,0.00597836,0.007386335,0.008060371
-6.357829e-11,0.0051590297,0.003978463,0.0064722775,0.010268999,0.0060450956,0.0048985924,0.008295851
-3.1789144e-11,0.0059331497,0.0044861827,0.0070344573,0.009644662,0.0062695034,0.0042045293,0.008741073
-1.1523565e-10,0.006237293,0.0048220633,0.0077840313,0.013808899,0.0075198477,0.0055258153,0.012210914
-1.66893e-10,0.006073257,0.0046735075,0.0074957334,0.0066861617,0.006408029,0.0069914614,0.012664993
-6.357829e-11,0.0058591818,0.004494227,0.0070344573,0.012019988,0.0058839666,0.0047484133,0.011344891
2.3841857e-11,0.006537723,0.005032886,0.008029084,0.012659807,0.0070523317,0.0058282134,0.013091822
3.973643e-11,0.0068436754,0.005165024,0.008072328,0.0098177865,0.005078588,0.0058125793,0.01500171
-6.357829e-11,0.006535886,0.0049703014,0.0076831267,0.010118327,0.0056680464,0.005186621,0.012120835
1.2715658e-10,0.007216272,0.0053795767,0.008302966,0.016769875,0.007135297,0.0050991634,0.013476103
6.357829e-11,0.0074795317,0.0055600144,0.00837504,0.014002912,0.007822601,0.0069284094,0.014055127
1.2715658e-10,0.007355331,0.0054615196,0.008360625,0.04440573,0.0108680045,0.008175375,0.015605821
4.7683715e-11,0.0068835407,0.005210428,0.008245306,0.025012784,0.007865525,0.0050285556,0.013880391
-7.947286e-11,0.0060841055,0.0046238243,0.0073227547,0.0132577,0.0057487437,0.0048412597,0.01258389
3.3775965e-11,0.0075458353,0.0055380003,0.008475944,0.03675258,0.0059444983,0.0056503383,0.015295301
-5.5631003e-11,0.006475869,0.0049131378,0.007784031,0.016052814,0.0067801718,0.005913214,0.014274438
-7.152558e-11,0.0067070066,0.0051442645,0.008187647,0.015544902,0.008992405,0.006155405,0.0141674895
-1.5894572e-11,0.007322351,0.0055231987,0.008533604,0.034829255,0.009626557,0.0050975084,0.017266227
-6.755193e-11,0.0064682565,0.004910333,0.0077263713,0.016062474,0.0072328784,0.004827683,0.011807304
-7.947286e-12,0.0072973864,0.0054283054,0.008360625,0.041121915,0.008330816,0.0061398833,0.011884081
1.1126201e-10,0.0072263656,0.005462975,0.008591263,0.02019476,0.010973065,0.0057301642,0.013429121
1.192093e-10,0.009514939,0.0067181885,0.009629134,0.027896425,0.008070182,0.004262016,0.01177772
-4.7683715e-11,0.0076268096,0.0057983343,0.008879561,0.009335685,0.0045772064,0.0034656888,0.008911462
-9.536743e-11,0.007253984,0.0056537488,0.0092399325,0.015044391,0.005939405,0.0037190213,0.011219068
4.7683715e-11,0.007877651,0.006011298,0.009571475,0.014947866,0.0063422937,0.0036880616,0.009464472
-3.1789144e-11,0.007234585,0.005613626,0.009009294,0.016811863,0.0050337096,0.005026167,0.006610722
1.5894572e-11,0.0081034405,0.0060430625,0.009297593,0.014741037,0.0045321607,0.0038086397,0.007908389
4.7683715e-11,0.008320734,0.0061446666,0.009225518,0.01107727,0.00831176,0.006897568,0.015533304
7.152558e-11,0.007611816,0.005863091,0.009456156,0.020882152,0.0064557544,0.003871313,0.007876301
0.0,0.007874974,0.005993571,0.009701209,0.019218564,0.0048173526,0.003253815,0.0076249
3.1789144e-11,0.008720869,0.006609262,0.010321047,0.021830967,0.006133011,0.0035339915,0.008348627
-1.5894572e-11,0.0077838567,0.005669864,0.008648923,0.01953832,0.0053464477,0.0041447575,0.0064027742
0.0,0.008152663,0.0063026245,0.010436367,0.02476463,0.006909869,0.0038684115,0.0077829137
4.7683715e-11,0.007691595,0.005840292,0.009355252,0.020159319,0.004866033,0.003285606,0.008768796
1.5894572e-11,0.007540724,0.005829249,0.009513815,0.018381117,0.007787983,0.0039042018,0.007248731
7.152558e-11,0.0075139836,0.005715021,0.009052539,0.017562944,0.0044820975,0.0025464797,0.007281317
1.5894572e-11,0.0081397,0.0062575415,0.009859772,0.020854427,0.0069626602,0.004776393,0.00858366
2.3841857e-11,0.008336778,0.006359344,0.010090411,0.014632086,0.004690784,0.004167201,0.009646069
-1.2715658e-10,0.008041756,0.006163249,0.009571475,0.020699957,0.0066635744,0.004908879,0.010061623
-1.66893e-10,0.007735054,0.005930233,0.009744453,0.011429854,0.0055685276,0.0039881147,0.009390406
-1.2715658e-10,0.008676065,0.0065936614,0.010494027,0.018957263,0.006507861,0.004530017,0.008847521
-9.934108e-11,0.007559961,0.00565045,0.008591264,0.013141769,0.0058769854,0.004638785,0.010312459
7.152558e-11,0.007989984,0.00618646,0.010090411,0.0142498575,0.0059271064,0.003914918,0.0098706875
-6.357829e-11,0.008822435,0.006655886,0.010494026,0.01989358,0.006304699,0.004123392,0.010913104
1.1126201e-10,0.008940828,0.0068275817,0.010724665,0.015830925,0.0062312232,0.0041563152,0.0080092605
6.357829e-11,0.008725837,0.006548632,0.009975091,0.014382498,0.004474474,0.0037202823,0.0064147254
6.357829e-11,0.008174734,0.0062796804,0.01009041,0.01319081,0.005197575,0.003408903,0.008331991
-4.7683715e-11,0.008948618,0.006944922,0.0112436,0.017452054,0.0061462577,0.0039473902,0.009991325
-1.1126201e-10,0.008744224,0.0065745017,0.010104826,0.016213015,0.005720979,0.003962127,0.009972093
-2.2252401e-10,0.008313696,0.0064183096,0.010321048,0.018384105,0.006151979,0.004341443,0.008586389
-4.7683715e-11,0.0081423,0.00643074,0.010782324,0.024810458,0.004854061,0.003597901,0.007064248
1.5894572e-11,0.00919287,0.007054713,0.01112828,0.021633334,0.0056895125,0.0039066803,0.009531932
4.7683715e-11,0.008830803,0.0067931,0.010955302,0.017601749,0.0053519947,0.00358574,0.008619752
-9.139379e-11,0.009121838,0.006837937,0.010494027,0.02293143,0.0067537073,0.00519495,0.01078166
-7.152558e-11,0.009037041,0.006961625,0.01112828,0.01751526,0.0057830308,0.005413807,0.011195352
6.755193e-11,0.00809162,0.006067672,0.009297593,0.01290613,0.005848477,0.005479115,0.008921738
-3.1789144e-11,0.007574999,0.0059124036,0.009758867,0.015833173,0.006992127,0.0031887945,0.009095404
0.0,0.0076094884,0.0058549144,0.0092255175,0.01084793,0.006269418,0.0040289056,0.008345533
1.5258789e-09,0.031876773,0.019173287,0.012569768,0.04057418,0.013381699,0.00604196,0.011382967
-1.2715658e-10,0.009050477,0.007054141,0.011589557,0.0410009,0.008708469,0.004926181,0.0130837355
1.748403e-10,0.009342493,0.0073933727,0.012454448,0.01761536,0.0054748715,0.0058759106,0.014317895
1.3510386e-10,0.00879511,0.006870406,0.011301259,0.019035006,0.0071593937,0.0054581906,0.014439625
-1.2715658e-10,0.009922036,0.007307133,0.011012962,0.056105435,0.0080508385,0.008888849,0.020399455
-4.7683715e-11,0.008812189,0.0065894006,0.010321048,0.019145146,0.00627078,0.0045373533,0.0113908
-1.4305115e-10,0.009302088,0.0072896495,0.012166152,0.020099765,0.0053728307,0.0036192385,0.010397968
-3.1789144e-11,0.0089912405,0.0067197136,0.010494026,0.014836801,0.0051872237,0.004117264,0.009683753
-1.1126201e-10,0.008844359,0.006731895,0.010839984,0.012731393,0.005284852,0.0039168946,0.0093752
7.947286e-11,0.009054351,0.0070776152,0.01177695,0.021154573,0.006473653,0.0046391515,0.010082047
-3.1789144e-11,0.008916425,0.00670235,0.0105516855,0.0155203855,0.004924344,0.0031448733,0.0076631433
9.536743e-11,0.009677721,0.0073153544,0.011531897,0.014604204,0.00550793,0.0035120454,0.007374021
-3.1789144e-11,0.010303462,0.008158126,0.013722958,0.02038289,0.00669139,0.0041534305,0.007969357
-7.947286e-11,0.0102725215,0.0079592,0.012915725,0.019853787,0.005157642,0.0038104258,0.0068083345
-1.5894572e-11,0.008675741,0.0067478213,0.011070621,0.015598782,0.0059652324,0.0030713603,0.009644389
1.5894572e-11,0.009355091,0.0071491636,0.0112435995,0.01442071,0.005448528,0.0034247937,0.0075904033
2.7020772e-10,0.01601732,0.0087793665,0.011358919,0.017207766,0.0045099296,0.0023953423,0.0062155924
1.0172526e-09,0.027368449,0.016906189,0.015395083,0.014401111,0.00528714,0.0040869396,0.008532259
-1.5894572e-11,0.008743856,0.0068487762,0.01118594,0.019882187,0.0056353067,0.0047853217,0.0073962333
1.2715658e-10,0.0104327025,0.007847155,0.012166152,0.014762378,0.0052182744,0.00258846,0.0067955353
0.0,0.010485152,0.008024696,0.012685087,0.014291198,0.0055425456,0.0037826514,0.0090717375
3.1789144e-11,0.0075963833,0.005708695,0.008879561,0.012281556,0.004628088,0.00391737,0.0081610745
-4.7683715e-11,0.010553027,0.008143028,0.013103118,0.027282571,0.0059210286,0.003497369,0.011466453
4.7683715e-11,0.010391461,0.0078182,0.0119355135,0.022492087,0.009374505,0.004087823,0.010036262
9.536743e-11,0.009178273,0.0067690094,0.0106093455,0.021854978,0.006722938,0.0059071267,0.016214935
2.3841857e-11,0.011268219,0.008156287,0.01177695,0.061579734,0.00979439,0.010760452,0.024088405
3.1789144e-11,0.009478462,0.007311721,0.012050833,0.028714541,0.0071125627,0.0050272816,0.01315146
-3.1789144e-11,0.009181604,0.0066417167,0.009859772,0.03711549,0.0076751136,0.004442297,0.009835012
-3.1789144e-11,0.009276335,0.006935021,0.0105516855,0.022622013,0.0059882663,0.0036833545,0.008300498
-1.5894572e-11,0.008187346,0.006179181,0.0092255175,0.011650776,0.004736914,0.0035201486,0.006705813
3.1789144e-11,0.008195014,0.0062990407,0.010090411,0.015004975,0.0037442439,0.0029707083,0.00950015
-2.384186e-10,0.008261354,0.0063056815,0.009975092,0.015083835,0.005261578,0.0042229616,0.012288692
1.5894572e-10,0.0082591,0.006210834,0.009513815,0.02533625,0.0063702012,0.0055967234,0.017508617
1.1126201e-10,0.009536891,0.007362627,0.011820194,0.032689556,0.006754801,0.0045064553,0.01424172
-4.7683715e-11,0.009764967,0.0073915944,0.011531897,0.029596172,0.0069759823,0.005969376,0.015155974
-3.1789144e-11,0.008243516,0.0061644367,0.009513816,0.053319767,0.008363098,0.0086081,0.01748914
6.357829e-11,0.008308857,0.0063968026,0.010263388,0.022197334,0.007672942,0.00804271,0.016211936
-1.2715658e-10,0.008359402,0.0062602595,0.009802112,0.033732895,0.0063783745,0.0072633526,0.022213152
-4.7683715e-11,0.008623168,0.006443303,0.010263389,0.043630384,0.011839673,0.008568246,0.024361132
3.1789144e-11,0.0086539285,0.0065537742,0.01014807,0.032090046,0.010163143,0.0069016544,0.013456593
5.5631003e-11,0.008276062,0.0062756,0.009686794,0.030828876,0.009329056,0.006748478,0.016310463
4.7683715e-11,0.007908319,0.0060261926,0.009456156,0.028900908,0.009379808,0.0061525363,0.016518503
-1.0331472e-10,0.008438902,0.006239024,0.009571475,0.028466245,0.007336203,0.0066518714,0.0152460355
8.742015e-11,0.009084466,0.0069768187,0.011070621,0.027080236,0.007921942,0.006190924,0.014762714
8.34465e-11,0.00803291,0.006047536,0.009225518,0.016255468,0.005222036,0.0037165536,0.011142128
4.7683715e-11,0.008803017,0.0066443817,0.010436367,0.020392416,0.005510947,0.004514193,0.013301386
9.536743e-11,0.008937028,0.006691377,0.01014807,0.026824443,0.006723269,0.0062920037,0.014495745
-6.357829e-11,0.0073652156,0.0056255837,0.008994879,0.014390961,0.00533413,0.004752399,0.008827513
-1.5894572e-10,0.008397725,0.0064810803,0.010436367,0.014438629,0.0064709685,0.0043907273,0.010678916
0.0,0.007966052,0.006066614,0.009340837,0.01606642,0.005820894,0.0035189192,0.010462063
5.5631003e-11,0.008023149,0.0060128164,0.009066954,0.012689444,0.0075700423,0.0054524415,0.009436737
2.0662944e-10,0.007225288,0.00541242,0.008302966,0.011256379,0.005178749,0.005308594,0.0091195665
7.947286e-12,0.008460091,0.0064071612,0.0099462615,0.014922255,0.00672257,0.006325433,0.013450068
-1.5894572e-11,0.008147173,0.006326574,0.010205729,0.015778031,0.0064113336,0.0050762407,0.022503177
-1.5894572e-11,0.008486624,0.0063848845,0.009802112,0.03740921,0.010237988,0.0063007805,0.025949491
-6.357829e-11,0.0074762423,0.005690522,0.00893722,0.03892474,0.008163132,0.0057468074,0.017981656
1.5894572e-11,0.010102396,0.007621947,0.011820194,0.052776184,0.010277942,0.008650931,0.025599841
-4.7683715e-11,0.008353693,0.0062731183,0.009456156,0.024630008,0.009266379,0.007092178,0.024103757
7.947286e-11,0.00858079,0.0064604636,0.009975091,0.060345076,0.010694208,0.006321594,0.016972223
-7.947286e-12,0.007058213,0.0054275296,0.008764242,0.015751453,0.0059181717,0.0035578073,0.008927892
0.0,0.008466834,0.006425784,0.010148069,0.028327368,0.008901976,0.0071876375,0.017422866
-4.7683715e-11,0.009293466,0.0068786694,0.0106093455,0.077068835,0.0110768415,0.0073572085,0.021154705
1.748403e-10,0.008335073,0.0062556257,0.009456156,0.011972136,0.0071528177,0.005108146,0.011771493
1.9073486e-10,0.009410511,0.0069575463,0.0106093455,0.06174655,0.008386607,0.009444556,0.02042084
-1.5894572e-10,0.008089618,0.0062619234,0.01009041,0.0148848,0.008671802,0.005359576,0.017702214
7.947286e-12,0.007848254,0.0060306853,0.009686794,0.01758373,0.006525684,0.006542914,0.015498022
2.3841857e-11,0.007887225,0.005869209,0.00893722,0.024954814,0.008984077,0.006483956,0.019820547
3.1789144e-11,0.0072747217,0.0055469065,0.008764242,0.01935697,0.009980905,0.005299727,0.017926648
-1.3510386e-10,0.0075090756,0.0057503595,0.009066954,0.014531828,0.005390571,0.0053973547,0.010809386
-7.152558e-11,0.007977252,0.006081717,0.009513816,0.012623359,0.0040826676,0.0044707754,0.008313918
3.1789144e-11,0.007851667,0.005868565,0.008937221,0.013331889,0.00479545,0.0033702427,0.007289171
-3.1789144e-11,0.009171602,0.0070225177,0.011070621,0.024868311,0.0071428213,0.0053990227,0.013339509
-3.1789144e-11,0.009607188,0.007448257,0.012050833,0.04046952,0.009138635,0.0065448773,0.0145461345
0.0,0.008703512,0.0066889813,0.010739079,0.03982814,0.009806275,0.0049277823,0.0156949
-1.66893e-10,0.008348188,0.0063215005,0.009931847,0.03530751,0.009940271,0.008319652,0.024832288
-6.357829e-11,0.00836026,0.006373395,0.010104826,0.027049754,0.015832283,0.008829673,0.02014027
-9.139379e-11,0.00861862,0.006327961,0.009629134,0.015453404,0.007474179,0.0055491515,0.017757252
4.7683715e-11,0.009083026,0.0068893638,0.010782324,0.016362023,0.0071911016,0.004307939,0.011863009
3.1789144e-11,0.009282759,0.0072260313,0.011762535,0.016216185,0.006176046,0.0037170514,0.011382607
0.0,0.010155306,0.007944138,0.013088703,0.02133374,0.0062582456,0.004558221,0.012747141
3.1789144e-11,0.00855333,0.0059745274,0.008821901,0.01432624,0.005416211,0.0073025217,0.026819622
3.973643e-11,0.007764053,0.0060644103,0.010148069,0.022887941,0.008774012,0.00600697,0.01420788
-4.7683715e-11,0.0074005187,0.00565306,0.00899488,0.01117984,0.0038396434,0.004587242,0.00931542
-9.536743e-11,0.007715323,0.0058041792,0.009052539,0.012117864,0.0055953423,0.0061812415,0.013675255
-4.7683715e-11,0.008767305,0.0066901194,0.010667006,0.037205733,0.00820632,0.0070072217,0.022058995
7.947286e-11,0.008249355,0.0061598653,0.009513816,0.024178935,0.00782779,0.006234517,0.019968266
7.947286e-12,0.008311404,0.006119056,0.009110198,0.029162126,0.010444542,0.010829187,0.02291272
1.1126201e-10,0.008091233,0.005836259,0.008548019,0.046699837,0.009071566,0.007914503,0.01600669
-7.947286e-12,0.008028355,0.006009854,0.009283178,0.026978679,0.006471114,0.005371114,0.012270593
-7.947286e-12,0.0071551045,0.0054601277,0.008648923,0.021287298,0.008088445,0.004313583,0.0108755315
4.7683715e-11,0.007228073,0.0054911776,0.008648923,0.020217761,0.007944896,0.004274329,0.011776613
-1.5894572e-11,0.008089403,0.0060552335,0.0092399325,0.04636885,0.0112199625,0.006995341,0.019516475
1.2715658e-10,0.007840209,0.005907104,0.0092255175,0.027425025,0.008564328,0.007755899,0.020361993
3.1789144e-11,0.008136025,0.006263791,0.010104825,0.023354169,0.009011276,0.008151828,0.018517183
7.152558e-11,0.0076623703,0.005835918,0.009340837,0.020676252,0.008234049,0.0068691103,0.017182156
6.357829e-11,0.0081702,0.006203925,0.009802112,0.04562085,0.006716076,0.008242337,0.021100735
9.536743e-11,0.008588542,0.00651463,0.010205729,0.03707075,0.009308667,0.00794825,0.015622914
-3.1789144e-11,0.011488175,0.008247507,0.012569768,0.008826655,0.0047720987,0.013589167,0.018269578
1.9073486e-10,0.01009231,0.007536223,0.011531897,0.02995492,0.0034846924,0.014581634,0.030396087
-3.1789144e-10,0.01166949,0.009573665,0.017023962,0.023255395,0.004933502,0.0053088265,0.00831272
-1.9073486e-10,0.009819619,0.0075260946,0.011647216,0.029375188,0.004241865,0.004537238,0.007887599
1.2715658e-10,0.011318011,0.008550328,0.012800406,0.024722034,0.0077716345,0.00630472,0.011500269
0.0,0.009878299,0.00755649,0.011762535,0.02153659,0.004716732,0.008085742,0.012094981
1.5894572e-11,0.008416804,0.006586478,0.010839984,0.016466975,0.005096244,0.006380133,0.0106027555
-2.2252401e-10,0.009933996,0.0074846777,0.011647217,0.016592097,0.0061457143,0.006412041,0.012121
0.0,0.015028454,0.009698227,0.011474238,0.013024901,0.0058220304,0.006722244,0.010363009
3.1789144e-11,0.0063337176,0.0047752196,0.0073804143,0.0038695086,0.0042812205,0.0059572267,0.0073166066
2.3841857e-11,0.006133648,0.004730179,0.0077263713,0.010429284,0.005867436,0.004151701,0.0116290115
2.3841857e-11,0.0062349765,0.0048244186,0.007784031,0.009078923,0.006289376,0.0065457313,0.013594906
-7.947286e-11,0.007157969,0.0054426137,0.008591264,0.030896382,0.0084942235,0.005290185,0.017196551
-5.5631003e-11,0.007517994,0.005712496,0.008879561,0.022810364,0.009588477,0.004772342,0.015267128
-1.748403e-10,0.0077426853,0.006041547,0.010032751,0.013765263,0.005006472,0.0057624183,0.011805468
6.357829e-11,0.008210133,0.006321617,0.010090411,0.014131411,0.0061899126,0.004652963,0.010921708
-1.192093e-10,0.008741158,0.006714933,0.010724665,0.018231196,0.0064813658,0.004665996,0.010408716
2.384186e-10,0.009272054,0.007327795,0.012050833,0.019005269,0.005303137,0.0033754827,0.0077802576
-1.2715658e-10,0.0102663115,0.008007935,0.0133193415,0.026665362,0.005691154,0.0054432745,0.008439985
-1.5894572e-11,0.009670489,0.007109175,0.011012962,0.017977625,0.0072427513,0.004603067,0.00792282
-3.1789144e-11,0.008331663,0.0065298774,0.010897643,0.016752467,0.005895129,0.0032129409,0.008166214
1.5894572e-11,0.010430481,0.0082201185,0.013607639,0.024272567,0.0047385846,0.0033885073,0.009374407
4.7683715e-11,0.010310564,0.007855779,0.01233913,0.01940116,0.006049042,0.0039102584,0.008948528
3.1789144e-11,0.010402796,0.008200991,0.013607639,0.03288238,0.009207395,0.005636215,0.016321408
-1.4305115e-10,0.009652617,0.007576463,0.012512108,0.021307351,0.0077101523,0.0051754685,0.012449614
4.7683715e-11,0.0111698285,0.008373292,0.012858065,0.024545973,0.005576014,0.004764236,0.009711592
-4.7683715e-11,0.010551294,0.008249511,0.013218436,0.025168931,0.006850242,0.0042244727,0.01080346
-1.0172526e-09,0.055928998,0.04432788,0.07984397,0.19662923,0.008404089,0.0034218144,0.005100131
-3.1789144e-10,0.019570123,0.013418038,0.016951889,0.07200836,0.0068666097,0.002974323,0.00810344
0.0,0.015771627,0.010800702,0.014991466,0.041211598,0.004741061,0.0044893753,0.010640664
-6.357829e-11,0.01830903,0.012388082,0.016375294,0.056188658,0.004668766,0.0025420347,0.008297921
6.357829e-11,0.02696388,0.018397257,0.022833157,0.1863892,0.0072192284,0.0036597354,0.0092345
-1.9073486e-10,0.020590251,0.015252063,0.022833157,0.0662267,0.0060568936,0.002637541,0.00638302
0.0,0.015727015,0.012034707,0.018566355,0.048462223,0.004792455,0.0023801734,0.004725482
7.947286e-11,0.021429738,0.015775274,0.023366507,0.10379298,0.008070287,0.0029073784,0.006751318
-1.2715658e-10,0.024256045,0.016801847,0.022141244,0.18110219,0.0043482063,0.0030388164,0.0066522663
0.0,0.025181133,0.01958127,0.031323515,0.1551379,0.008203833,0.004785877,0.014175312
1.5258789e-09,0.04117699,0.027101457,0.025139537,0.29639927,0.013585767,0.008002925,0.018647442
4.0690105e-09,0.03739345,0.03132203,0.050077263,0.088067025,0.009869596,0.010694285,0.03350434
0.0,0.012983313,0.009703138,0.014818488,0.11282661,0.012977186,0.009210627,0.0297537
6.357829e-11,0.016290829,0.01294253,0.02139167,0.12970713,0.011083745,0.009901898,0.026560713
-1.9073486e-10,0.016935946,0.013367496,0.021795286,0.13161458,0.0107762795,0.009479267,0.023532793
-1.5894572e-10,0.023807012,0.019089106,0.03251995,0.36571947,0.0149520915,0.01191812,0.029951476
1.5894572e-10,0.0144603485,0.011034518,0.01683657,0.12625307,0.011923695,0.013106295,0.03450003
-1.5894572e-11,0.01586969,0.012615699,0.021463744,0.13075657,0.0084806,0.008586295,0.017984716
0.0,0.018699361,0.01505979,0.026811661,0.11341518,0.008029052,0.0092971455,0.021639127
-3.8146972e-10,0.024289029,0.019223288,0.03136676,0.38510162,0.011106842,0.006407738,0.018819993
2.5431315e-10,0.023321021,0.019206554,0.0334425,0.17896698,0.011413184,0.0075557106,0.020098139
1.1444092e-09,0.04708772,0.034480486,0.043359935,0.28835946,0.015381137,0.009133796,0.016606558
5.086263e-10,0.038559247,0.027909158,0.02698464,0.25246388,0.006573647,0.0034694022,0.008894631
1.2715658e-10,0.019458162,0.014120701,0.019604225,0.07666076,0.0057806657,0.0030917763,0.005618512
-1.2715658e-10,0.024736054,0.016416896,0.018681673,0.119274974,0.0066989586,0.003091577,0.0062887715
-4.4504803e-10,0.021981506,0.014810911,0.018004175,0.13805626,0.005781136,0.0023079487,0.004903664
1.5894572e-10,0.032497883,0.023785505,0.032981224,0.29663944,0.006832472,0.0024099029,0.00579283
-3.8146972e-10,0.024342269,0.015837248,0.017297845,0.16741897,0.004380778,0.002348494,0.004562857
-1.5894572e-10,0.03617946,0.027058082,0.03926611,0.37419,0.009980291,0.0044357977,0.010781312
1.2715658e-10,0.03293932,0.023815734,0.030977558,0.13073505,0.006758009,0.0052397936,0.019096995
-6.357829e-11,0.024235563,0.0183516,0.027330596,0.22714284,0.007975103,0.008279648,0.02834321
0.0,0.025833117,0.018308656,0.024908897,0.092059046,0.0053485255,0.0035333994,0.010676418
6.357829e-11,0.028890528,0.020659907,0.029867614,0.16291466,0.006244011,0.0029582737,0.010352443
-6.357829e-11,0.02801879,0.021052321,0.031078463,0.32991478,0.006273455,0.0054298793,0.015305325
-5.086263e-10,0.02339761,0.016464194,0.020584438,0.107521564,0.0059085405,0.0043510413,0.010497621
6.357829e-11,0.02218761,0.014478263,0.013722958,0.040648934,0.0017646105,0.0012000921,0.0018905399
-6.357829e-11,0.022070214,0.015137281,0.018681675,0.1147761,0.004657046,0.0022883164,0.005571894
5.086263e-10,0.028643958,0.019374121,0.02186736,0.31741938,0.005629621,0.002538746,0.0066209985
2.5431315e-10,0.025707731,0.01812879,0.02400076,0.21139981,0.007032208,0.0029772725,0.006857373
-3.8146972e-10,0.024223322,0.0176302,0.024534112,0.07133133,0.005415632,0.0033388531,0.0121865105
6.357829e-11,0.0151142925,0.01162712,0.018335717,0.017055193,0.0035569873,0.0020602879,0.005342386
-6.357829e-11,0.024530137,0.017553503,0.02335209,0.11478713,0.004324409,0.0030538545,0.009078872
-4.4504803e-10,0.029936377,0.02298663,0.036267817,0.19838417,0.006140969,0.0031113266,0.009128413
1.5894572e-10,0.03054268,0.022022896,0.027907193,0.33419904,0.0063605006,0.0037928568,0.011917879
1.5894572e-10,0.019677319,0.01336617,0.016216729,0.11089137,0.004338424,0.0026165496,0.008241164
2.2252401e-10,0.0234034,0.017243026,0.0246206,0.107332245,0.0038105187,0.0025167959,0.008118462
-2.5431315e-10,0.02292483,0.017317697,0.026826076,0.12497619,0.0038647626,0.003180934,0.0082461815
3.1789144e-10,0.027593326,0.021574581,0.03459569,0.13724542,0.004417502,0.0032792334,0.009678971
-3.8146972e-10,0.027707051,0.020985998,0.03142442,0.11598837,0.0065533007,0.004451069,0.010695672
9.536743e-11,0.021931347,0.015952218,0.02352507,0.029838769,0.0043142806,0.002826947,0.008731308
1.5894572e-10,0.021989523,0.016336052,0.024447622,0.065900736,0.0034241918,0.002133586,0.0070687635
6.357829e-11,0.017030967,0.012781163,0.019099705,0.0912609,0.0048393463,0.0032552043,0.011478539
-1.2715658e-10,0.02292176,0.016405396,0.023294432,0.22795591,0.008867352,0.0038445292,0.01144831
-6.357829e-11,0.0276936,0.019131273,0.024908898,0.2528588,0.011867491,0.005098262,0.0127523765
-1.2715658e-10,0.019868815,0.01569433,0.02588911,0.27224824,0.009532204,0.004434527,0.011813572
-2.5431315e-10,0.022627467,0.017786833,0.029406339,0.326368,0.008590101,0.0059322435,0.016084049
-8.9009605e-10,0.02265353,0.017735666,0.028599106,0.47409686,0.015686078,0.0058171353,0.016247543
1.9073486e-10,0.020139027,0.015609343,0.024851238,0.34350052,0.009264999,0.007263091,0.02112848
2.5431315e-10,0.022690605,0.017390292,0.027734213,0.15875213,0.007459519,0.0037940906,0.009310838
-2.2252401e-10,0.019925442,0.014652494,0.021218691,0.38926324,0.0075551257,0.007971795,0.022861296
-2.861023e-10,0.016269717,0.012666081,0.020180821,0.082920484,0.005209912,0.004248315,0.014000039
-2.5431315e-10,0.02605464,0.020914014,0.03459569,0.28288698,0.007171862,0.0060729487,0.016674295
-1.5894572e-10,0.022024168,0.01566396,0.020988053,0.28542304,0.007988238,0.0041073137,0.017980644
0.0,0.024639072,0.018762719,0.02825315,0.2955046,0.0059055383,0.005414294,0.015070312
-3.1789144e-10,0.022972455,0.016526438,0.022833157,0.3039327,0.0059251646,0.005281456,0.01701988
-1.2715658e-10,0.023048278,0.016636373,0.025024217,0.1933069,0.00626751,0.0059285522,0.017837545
1.9073486e-10,0.027369963,0.018996736,0.024289059,0.16844459,0.0069315503,0.002899592,0.007336345
-1.9073486e-10,0.025813548,0.018619195,0.026710756,0.10530419,0.00471562,0.002416979,0.0064425957
5.086263e-10,0.017994761,0.013177833,0.017932102,0.041637633,0.0031821462,0.004454628,0.014460208
5.086263e-10,0.033096198,0.024094699,0.03471101,0.13119924,0.0045033353,0.0052873883,0.013440169
3.1789144e-10,0.025131434,0.0183073,0.025081877,0.08543231,0.0051436853,0.0039948146,0.011565746
-1.5894572e-11,0.026190722,0.01913051,0.02715762,0.1137479,0.0072857337,0.0054724114,0.015228893
-1.2715658e-10,0.023251168,0.01837953,0.029636975,0.23576193,0.008084046,0.0058285254,0.016514376
3.496806e-10,0.025821932,0.018672163,0.025485493,0.17736778,0.0074902964,0.0063811704,0.018582033
-1.2715658e-10,0.023682326,0.017523816,0.025024217,0.6074255,0.0085763065,0.00625469,0.01851166
0.0,0.024754079,0.019122945,0.029982932,0.43875432,0.00925585,0.0065206285,0.018534651
-2.5431315e-10,0.03211757,0.023301683,0.031020805,0.31564164,0.0072643063,0.005818846,0.013754608
-1.2715658e-10,0.025853757,0.01961829,0.02867118,0.11312191,0.0052933707,0.0038289372,0.00978858
3.1789144e-11,0.027275354,0.022011174,0.038689516,0.22050355,0.006949295,0.003318539,0.011397978
5.086263e-10,0.024627063,0.018545194,0.027503576,0.10891226,0.006993536,0.0028430882,0.0054204795
5.086263e-10,0.02509973,0.017226785,0.021910604,0.2573207,0.005395141,0.00489185,0.012417517
-1.2715658e-10,0.027283825,0.021792652,0.03707505,0.21875313,0.0100640915,0.006104305,0.015568712
5.086263e-10,0.028579885,0.020970164,0.031424418,0.12297563,0.00552705,0.0038592159,0.012577412
-1.2715658e-10,0.02478572,0.019449525,0.030573942,0.050540607,0.0037508837,0.0027073584,0.0054197535
3.1789144e-10,0.03193599,0.02410824,0.03453803,0.29298612,0.008547253,0.0029263985,0.007303959
2.2252401e-10,0.024428612,0.016296368,0.017254602,0.2239087,0.0050123413,0.004229316,0.007117445
6.357829e-11,0.027751576,0.020301297,0.02911804,0.43605512,0.008012167,0.007209268,0.022615112
6.357829e-11,0.0211023,0.015225611,0.023294432,0.32906824,0.005994512,0.0059824046,0.018931381
1.2715658e-10,0.022407174,0.018037174,0.030285645,0.19345562,0.007858025,0.006353055,0.016920103
-8.2651774e-10,0.02898489,0.022293916,0.03482633,0.24610263,0.0071028303,0.006353268,0.015203655
-2.5431315e-10,0.023126421,0.017095758,0.024447622,0.35809633,0.0071793315,0.004367178,0.012306995
-3.496806e-10,0.025728926,0.018709859,0.02630714,0.22774899,0.0057701743,0.0044194353,0.010112366
-5.086263e-10,0.025663389,0.019492183,0.029925272,0.1392418,0.0047011976,0.003159722,0.0070932037
1.2715658e-10,0.0239879,0.016833762,0.022732252,0.15262598,0.0039583473,0.003135011,0.004799416
-1.9073486e-10,0.028081995,0.021442281,0.0318857,0.21685275,0.007875498,0.004713249,0.008672716
-3.8146972e-10,0.032250997,0.0231884,0.030227985,0.21182035,0.008212286,0.0036066037,0.008511125
5.4041543e-10,0.029197078,0.02391594,0.041918445,0.30848363,0.0072208527,0.005918336,0.018800704
6.357829e-11,0.022077113,0.015254024,0.018969972,0.45200834,0.008545907,0.0059254593,0.019061012
4.4504803e-10,0.03282511,0.024994712,0.03713271,0.36952335,0.006659821,0.0069067935,0.019025665
-2.5431315e-10,0.024710648,0.01879731,0.030069422,0.28255403,0.008273931,0.0072143283,0.016431408
1.5894572e-10,0.026413294,0.019494949,0.0270423,0.18796924,0.006157752,0.0040072594,0.013460052
1.2715658e-10,0.022605002,0.01660712,0.024216983,0.13868353,0.005512149,0.007250401,0.015842779
-3.8146972e-10,0.025401141,0.018538825,0.025543153,0.16598615,0.0045827734,0.0031143453,0.008616926
-6.357829e-11,0.025348127,0.018810704,0.026999054,0.14989844,0.0058263848,0.0027453818,0.010231325
6.357829e-11,0.021333171,0.01616379,0.02571613,0.13162923,0.0050971643,0.003350845,0.00919755
-1.2715658e-10,0.025384435,0.018771354,0.02692698,0.10765739,0.005215517,0.0023466097,0.004472784
6.357829e-11,0.024967816,0.016074957,0.019373588,0.053659633,0.0043681846,0.00277237,0.0029502488
1.9073486e-10,0.028763369,0.020163786,0.024980973,0.5746548,0.0066404603,0.004835261,0.008540188
0.0,0.029928878,0.021488149,0.028152244,0.9938454,0.009534936,0.0053465473,0.013541266
6.0399374e-10,0.026056698,0.018144174,0.023813367,0.7982912,0.009921382,0.00690184,0.012731433
1.2715658e-10,0.027240064,0.017583622,0.017759122,0.7772955,0.008291665,0.0049311747,0.014785635
3.1789144e-11,0.02334422,0.013010536,0.010032751,0.15027948,0.005321321,0.0028654672,0.0040287147
-6.357829e-11,0.026713224,0.017524322,0.018566355,1.3248186,0.010812985,0.0072605875,0.012128782
2.384186e-10,0.023619432,0.014243775,0.012886895,0.61839163,0.014109102,0.0042943014,0.007071696
1.2715658e-10,0.01981684,0.013180031,0.016548272,0.31570137,0.007184959,0.003954974,0.013646546
2.5431315e-10,0.023854986,0.018102651,0.026523363,0.17282845,0.0045039877,0.004394728,0.014259586
-4.2915344e-10,0.023999713,0.015930668,0.018162739,0.30708298,0.004858513,0.0044418126,0.013824337
1.2715658e-10,0.012919575,0.008964095,0.011531897,0.053499896,0.0033802127,0.0019428022,0.004418384
6.357829e-11,0.023242405,0.014926073,0.015106786,0.8399408,0.010999824,0.005312828,0.014773367
-3.1789144e-10,0.034608066,0.02428066,0.026134163,0.9115149,0.0069057993,0.0031487597,0.010747377
-1.2715658e-10,0.0210876,0.012675753,0.012685087,0.87542963,0.0040053357,0.0034735862,0.005486683
2.5431315e-10,0.036722153,0.025302852,0.029463999,0.64952666,0.007672848,0.004787548,0.009729845
-3.1789144e-10,0.017073913,0.011936133,0.016144656,0.076780565,0.0042273263,0.015002497,0.025097428
-1.1126201e-10,0.0068261456,0.0053658527,0.008764242,0.007511539,0.0019653167,0.0056649,0.0074715097
0.0,0.0056663128,0.004374953,0.006919138,0.008791528,0.0023381496,0.002774946,0.0068051238
6.357829e-11,0.0092950575,0.0069726086,0.010724665,0.02772226,0.003609056,0.0030069777,0.00845401
-6.357829e-11,0.0089764325,0.007138859,0.0120075885,0.018979631,0.0026005392,0.0032684053,0.0077127884
-1.5894572e-11,0.0075787944,0.0056442926,0.008706583,0.015348507,0.0032940293,0.0043452536,0.008269727
9.536743e-11,0.0076945247,0.005995166,0.009686794,0.015335375,0.0029551794,0.0025724014,0.0069790785
1.9073486e-10,0.0104532605,0.008318689,0.014068914,0.030514566,0.0057024434,0.0037121556,0.01336046
-1.2715658e-10,0.0072639924,0.0056038806,0.008764242,0.006724352,0.0029916915,0.0025632493,0.0062031276
3.8146972e-10,0.012151529,0.009284369,0.014371628,0.021154577,0.0043470203,0.003540751,0.008846832
3.1789144e-11,0.016813308,0.012757668,0.019950181,0.022778189,0.0037712369,0.0028855528,0.0073395423
-3.1789144e-10,0.020936266,0.015862795,0.025946768,0.027173186,0.0049002226,0.0025382515,0.0077741793
3.1789144e-11,0.019209934,0.013275723,0.017643802,0.044129442,0.004729454,0.0042167455,0.013378406
1.9073486e-10,0.015288656,0.012318391,0.021117788,0.0522843,0.004335719,0.0034854969,0.013959117
4.1325887e-10,0.017937602,0.01361993,0.021795286,0.03482319,0.006337219,0.00286104,0.0064025624
-6.3578287e-10,0.028988076,0.022689128,0.036282234,0.067007646,0.0068200184,0.0026249425,0.009284137
-3.1789144e-10,0.017189166,0.01182217,0.014524923,0.028422404,0.005184025,0.004075844,0.011051621
-5.722046e-10,0.019819696,0.011903192,0.010319315,0.08768445,0.004838276,0.006030133,0.014372652
-1.0172526e-09,0.034330923,0.027011437,0.041647196,0.40478453,0.0053771134,0.007009205,0.033476405
0.0,0.025158085,0.01691325,0.014719626,0.13522337,0.0058417735,0.0042168717,0.012180118
-7.6293943e-10,0.020147324,0.014812628,0.020521807,0.16014306,0.018137105,0.007303344,0.052807964
-4.4504803e-10,0.014779933,0.010432273,0.014028426,0.04754276,0.0067692096,0.0067464523,0.010183907
4.053116e-10,0.011405698,0.007977481,0.010397196,0.086837105,0.008237751,0.004708652,0.0094714
-6.357829e-11,0.014152203,0.009704614,0.013911605,0.08550975,0.008128353,0.0041224808,0.0141688455
5.086263e-10,0.018085644,0.012006199,0.015070094,0.33046126,0.007918161,0.0100043705,0.03629934
1.2715658e-10,0.016319951,0.010920543,0.014641745,0.07369376,0.007724897,0.0118281925,0.013806265
4.768372e-10,0.010030474,0.0073506967,0.0105919,0.05029527,0.007072554,0.00812501,0.009487739
-6.3578287e-10,0.026253035,0.018812163,0.02402648,0.11127114,0.00920768,0.004519148,0.03536494
0.0,0.012017557,0.008674977,0.012227414,0.01646172,0.004210969,0.0034907102,0.018939964
3.0994415e-10,0.010781789,0.007832463,0.011876947,0.047043502,0.006944978,0.0048651444,0.02296335
-1.5894572e-11,0.013940941,0.009210413,0.011808801,0.02635488,0.005416435,0.0041935365,0.009981311
1.1126201e-10,0.006238213,0.0046649305,0.0070093456,0.010597273,0.0046627023,0.007394605,0.0077370284
-1.192093e-10,0.009908,0.0060321377,0.0070482865,0.021657774,0.0053255465,0.006964448,0.020401929
-1.2715658e-10,0.018116787,0.012352043,0.015819704,0.07657595,0.008768643,0.015278131,0.023402443
-3.33786e-10,0.015976477,0.009009274,0.00957944,0.011415382,0.0057896264,0.010686065,0.010089738
7.947286e-11,0.009860116,0.0069169076,0.010163551,0.019681219,0.009171691,0.011564213,0.021014066
1.748403e-10,0.007031651,0.005167593,0.007827103,0.013744662,0.0061835153,0.0077442974,0.009282601
-3.1789144e-10,0.011411602,0.00804959,0.011838006,0.047036078,0.005092411,0.006950139,0.008589767
-7.947286e-11,0.014548051,0.008928433,0.009735202,0.059289265,0.005800268,0.0062627075,0.008733145
1.2715658e-10,0.013735753,0.00878807,0.011214954,0.109960176,0.0057421145,0.005343572,0.012811084
4.609426e-10,0.0048563895,0.003633552,0.0057242992,0.0026423687,0.004751583,0.0051107896,0.0080544
1.1126201e-10,0.0065566488,0.0048220684,0.007165109,0.032971386,0.004790861,0.006074827,0.007947964
0.0,0.013463128,0.008131987,0.0091121495,0.06206054,0.0048102406,0.006743998,0.011484917
-2.5431315e-10,0.012690124,0.007885517,0.009073209,0.05718875,0.0056293644,0.0104295565,0.010395564
-6.556511e-10,0.005248737,0.0039514415,0.0061623827,0.006431753,0.0050767553,0.0035266448,0.008206372
-1.2715658e-10,0.016007436,0.010658441,0.013045171,0.07259527,0.0072726994,0.0056851287,0.014973982
1.2715658e-10,0.008445649,0.005637945,0.007827103,0.012608989,0.005017171,0.0052754716,0.010684662
-1.8278758e-10,0.006484218,0.004773919,0.00720405,0.011642446,0.004909322,0.0047109816,0.009208538
-1.5258789e-09,0.026355479,0.016734732,0.01367796,0.110373646,0.005044746,0.0041603907,0.009302462
2.304713e-10,0.006158504,0.0046081133,0.007126168,0.005980106,0.004895021,0.010857818,0.0075761853
4.7683715e-11,0.011060816,0.00672412,0.008586448,0.009257096,0.0055586756,0.0054066232,0.008910772
-3.0199687e-10,0.020959858,0.012324957,0.011565421,0.09992702,0.0047997776,0.003834302,0.011520042
-2.5431315e-10,0.016158134,0.010032751,0.010952102,0.01826158,0.005110407,0.01162408,0.009961314
-6.67572e-10,0.020829596,0.013760268,0.014213396,0.041290253,0.0058306316,0.002849902,0.008709667
-7.6293943e-10,0.019632,0.01368812,0.016705608,0.09176924,0.0078120176,0.003785501,0.008477788
-3.496806e-10,0.009809411,0.0070793577,0.0105529595,0.04525451,0.006806203,0.0034373484,0.008263799
5.086263e-10,0.021359367,0.012342725,0.0105529595,0.015650922,0.0037909918,0.0044106203,0.00680572
-3.6557515e-10,0.012534922,0.007739206,0.00813863,0.07898436,0.004263528,0.006937819,0.011147949
2.7020772e-10,0.0053365245,0.004097069,0.0066588786,0.007409253,0.0044316696,0.009818217,0.006788845
-6.357829e-11,0.004955999,0.0037995505,0.0060845017,0.0039376155,0.005970589,0.0100166965,0.008475714
2.7020772e-10,0.005179607,0.00397419,0.006425234,0.0058632325,0.004937593,0.0066547594,0.007993241
1.7881394e-11,0.005140561,0.0039470354,0.0062305294,0.0033313513,0.0051944754,0.012085017,0.007748507
7.947286e-12,0.0051273927,0.003952977,0.0063473517,0.0053723,0.004505167,0.007042936,0.0074774283
-2.3841857e-11,0.005377016,0.004234503,0.0070482865,0.00430466,0.0055330237,0.013112967,0.007915807
3.973643e-11,0.005375448,0.0041470546,0.006697819,0.0060207816,0.0047992305,0.008712711,0.0071641123
-1.9073486e-10,0.0094741685,0.0061573,0.008566978,0.0064243637,0.004236409,0.010732459,0.0074475603
-1.0172526e-09,0.025530128,0.017332952,0.018857086,0.03285965,0.0044329213,0.0077295,0.010239985
-1.5894572e-10,0.011455044,0.0070247427,0.008489097,0.0058485805,0.003937956,0.007814596,0.008717885
4.768372e-10,0.0049492028,0.0038345973,0.006269471,0.0046905093,0.004394019,0.0065443832,0.0076320106
-2.861023e-10,0.0053182626,0.004105523,0.0065907324,0.0050499327,0.004675932,0.008663342,0.008503
1.8278758e-10,0.0050424705,0.003837356,0.006152648,0.0042452146,0.00509406,0.010540084,0.008048937
3.8146972e-10,0.0057963994,0.0042917263,0.006434969,0.0035105848,0.0050439844,0.008538662,0.008325231
-1.2715657e-09,0.03157721,0.023352148,0.030110981,0.25661328,0.010794411,0.0064519397,0.013840939
-1.3987224e-09,0.0370561,0.02755886,0.037052177,0.39656422,0.01012547,0.009589481,0.058775384
3.6557515e-10,0.013540441,0.0077020233,0.008683801,0.0055166325,0.0048091565,0.008650642,0.008328596
1.0728836e-10,0.010057776,0.0062107584,0.00791472,0.0052010803,0.0073755034,0.007979384,0.010599996
2.2252401e-10,0.013374379,0.008015657,0.008839564,0.027275661,0.0064067417,0.01095506,0.01137252
-2.3841857e-11,0.010000798,0.0058377823,0.007174844,0.0064481734,0.006463809,0.008759979,0.0097659705
-4.4504803e-10,0.0057949317,0.0043531586,0.0068925237,0.004446995,0.006057159,0.008107541,0.010188792
1.748403e-10,0.011953047,0.0073782327,0.008372274,0.009868509,0.0051601655,0.008350237,0.011530916
-3.33786e-10,0.011868326,0.008082694,0.010708723,0.052758623,0.007263224,0.0077699614,0.025013937
1.2715658e-10,0.019221228,0.011865051,0.012149533,0.09449054,0.0088174455,0.014186322,0.034884464
-2.5431315e-10,0.014402092,0.009189669,0.011176012,0.092449814,0.009268114,0.012848097,0.056928758
-9.139379e-11,0.0046857907,0.003528895,0.0056074765,0.0037708809,0.0058726952,0.0071658767,0.009203023
-2.304713e-10,0.0053141396,0.004013409,0.006425234,0.0058312225,0.0067392564,0.010620221,0.008800291
-1.6291936e-10,0.0048667626,0.0036604395,0.005724299,0.0046929186,0.0065983543,0.011504329,0.009329162
-3.8146972e-10,0.015792135,0.007611771,0.0061526475,0.0036581242,0.005226677,0.008531174,0.00941229
-1.7801921e-09,0.03345912,0.025407856,0.037461057,0.1436738,0.0060000853,0.0043146773,0.024401432
6.357829e-11,0.021374632,0.015854413,0.023676014,0.26757333,0.00693793,0.0041343244,0.007583388
6.357829e-11,0.016164158,0.010354036,0.011370717,0.042754173,0.0075205555,0.007340821,0.02531578
-5.880992e-10,0.005191085,0.0039237817,0.006269471,0.0044131726,0.006415731,0.0050377534,0.008810827
1.9868215e-11,0.011533474,0.006550995,0.0075934585,0.012052403,0.0065068067,0.008786168,0.015311945
-3.1789144e-11,0.007576805,0.0053274897,0.0077492213,0.032731194,0.005648987,0.008358084,0.011501209
-5.5631e-10,0.005560664,0.0041155736,0.0065031154,0.003767912,0.0055641397,0.007877416,0.008118194
-4.7683715e-11,0.014798899,0.009648351,0.011682243,0.012972883,0.005846757,0.00795817,0.009848181
2.304713e-10,0.02006901,0.012980762,0.014563862,0.076095805,0.01104449,0.00983126,0.040526148
4.7683715e-11,0.0084784115,0.005513895,0.00720405,0.009502629,0.0063291625,0.0048890044,0.009040363
-7.947286e-11,0.005231364,0.0039263945,0.006191589,0.004554976,0.007868248,0.0061423383,0.008754191
5.324682e-10,0.00481281,0.0036102957,0.0056853583,0.005519607,0.0070928847,0.0045029847,0.009331765
-7.947286e-12,0.0057775658,0.004389494,0.0069704056,0.0054380414,0.0069923713,0.0040979525,0.008574897
-2.1060308e-10,0.005849924,0.0046283226,0.007992601,0.00544245,0.006627688,0.0029813605,0.007748918
2.1060308e-10,0.005049989,0.003769094,0.0058021806,0.005647023,0.00743265,0.007583204,0.008362141
-7.152558e-11,0.0050339005,0.0037300326,0.005724299,0.008435999,0.0062488266,0.0043461923,0.007760043
-7.947286e-11,0.0048280335,0.0036084305,0.0057340343,0.006257243,0.006459684,0.0068559893,0.009279784
-4.7683715e-11,0.0055631488,0.0042812857,0.006931464,0.0061231568,0.007818062,0.0031863584,0.008133555
8.742015e-11,0.004805005,0.0035485278,0.005490654,0.0057093767,0.005564366,0.0030612794,0.0070770783
-1.1126201e-10,0.006781994,0.0044136015,0.0062305294,0.0068811513,0.007049066,0.0035933875,0.007873057
-4.768372e-10,0.015657384,0.008794308,0.008683801,0.012453555,0.0044486285,0.0030602487,0.0065151555
-1.9073486e-10,0.0054059587,0.0041591106,0.0066686133,0.0111618675,0.0053462256,0.0050067822,0.007013876
5.4041543e-10,0.0091563035,0.005565889,0.0075545176,0.019531135,0.009741091,0.005705912,0.011354869
-2.0662944e-10,0.0071632857,0.005564762,0.009073209,0.018108794,0.006624687,0.0026112352,0.0060991314
-1.5894572e-11,0.010513072,0.0064377417,0.008654594,0.024583198,0.007086083,0.011127419,0.017952507
-4.053116e-10,0.005695244,0.004390148,0.0072040497,0.0062203454,0.0077656903,0.0031182922,0.008435346
-1.0331472e-10,0.00591843,0.0045147436,0.0072819316,0.016999898,0.0075009405,0.006059602,0.007945886
-2.2252401e-10,0.009861352,0.006469298,0.00919003,0.02560155,0.007426118,0.0044103847,0.014007739
2.5431315e-10,0.0075413585,0.0055400305,0.008489097,0.0172529,0.0063784244,0.0032341809,0.006221975
3.1789144e-11,0.0063108066,0.0048523005,0.007904984,0.0075942804,0.0046728686,0.014291701,0.008366796
-3.33786e-10,0.0058689583,0.0045453673,0.007359813,0.004252888,0.0067538084,0.011629376,0.008494776
0.0,0.0054535754,0.004240227,0.007048287,0.0045091514,0.0048595457,0.0039108205,0.007473028
-1.5894572e-10,0.005474193,0.004291044,0.0072429907,0.009638999,0.006249525,0.0041861003,0.0071183103
-1.66893e-10,0.005977476,0.0046384195,0.0077492213,0.010689856,0.0057097604,0.0050780675,0.0070492374
1.5894572e-11,0.0077450094,0.0060093463,0.009501558,0.02571414,0.008328812,0.0043008067,0.007773953
1.748403e-10,0.006846045,0.005246719,0.008333334,0.037831765,0.007156171,0.00325497,0.007465457
3.973643e-12,0.0067304214,0.0050764484,0.007788162,0.013741715,0.007656494,0.0034111706,0.007840283
7.947286e-12,0.0062711337,0.0046581156,0.0070482865,0.0149672525,0.0064360397,0.0032891668,0.006534019
2.2252401e-10,0.0062028477,0.0046168305,0.0071261683,0.012867695,0.0059591415,0.0047819978,0.007092089
-5.4041543e-10,0.0061269505,0.0048092576,0.0079439245,0.02710907,0.006790454,0.00531251,0.008212548
-6.993612e-10,0.006306771,0.00479168,0.0076713394,0.026113411,0.008270039,0.0045595,0.008502111
2.384186e-10,0.0071010273,0.0052858787,0.008216511,0.038745165,0.00917273,0.004048318,0.00994052
1.1126201e-10,0.006868328,0.0051275673,0.007943925,0.039677326,0.008296071,0.0033058715,0.00934554
-1.5894572e-10,0.011180943,0.0071944403,0.009423676,0.03314088,0.007427566,0.0038517318,0.0077004503
-2.861023e-10,0.008932531,0.0059295706,0.008216511,0.021608394,0.0074647265,0.004247432,0.007942399
-2.6226044e-10,0.009081427,0.0063209278,0.008917445,0.019661918,0.0072178547,0.004797244,0.0066872076
1.0331472e-10,0.0143553205,0.008870415,0.010280374,0.019606153,0.0054859137,0.0027879209,0.0061844224
1.2715658e-10,0.0067380983,0.0051526134,0.008255452,0.025526553,0.007144066,0.004155855,0.007916323
-3.496806e-10,0.012723142,0.008548989,0.012110592,0.05335618,0.010492347,0.007476512,0.014732985
5.5631e-10,0.0065572415,0.004892748,0.0075642522,0.018790148,0.0064140097,0.002747044,0.0065634805
-3.0199687e-10,0.0061196047,0.004747069,0.007827102,0.02028482,0.0070074294,0.0028934884,0.0061185462
0.0,0.008768995,0.0058618416,0.007943925,0.023939503,0.0050982987,0.005137106,0.0069446056
3.496806e-10,0.008282722,0.006197711,0.009696262,0.044206657,0.0066901236,0.005126411,0.0086064255
-3.1789144e-10,0.02055229,0.011639811,0.010007788,0.08618623,0.007564812,0.0039556436,0.009217302
-4.7683715e-11,0.008048637,0.0060901376,0.009501558,0.03440273,0.007759317,0.003992435,0.009159362
1.8278758e-10,0.0061114863,0.0047324384,0.0076421336,0.012627095,0.0060331114,0.0036977478,0.0073794387
3.0199687e-10,0.008325848,0.005988865,0.00864486,0.016731918,0.0058230693,0.004041526,0.00672741
5.722046e-10,0.007668862,0.0055799917,0.008060748,0.0286235,0.0064275693,0.004773149,0.007065804
1.4305115e-10,0.0065691727,0.005074304,0.008255452,0.022617038,0.0057084714,0.003307876,0.011265909
-5.880992e-10,0.017118031,0.010235975,0.011838006,0.13063319,0.011598067,0.006603226,0.010047038
-8.9009605e-10,0.019663211,0.011367562,0.010475078,0.04515296,0.005943847,0.003615033,0.007826285
3.6557515e-10,0.007684512,0.005865921,0.0094723515,0.043381326,0.009527121,0.004841047,0.009667879
-3.1789144e-11,0.008028575,0.0061089825,0.009813084,0.03332439,0.008428566,0.0049851127,0.00997095
-1.2715658e-10,0.0071127093,0.00556073,0.009345794,0.02860083,0.008522954,0.0031743573,0.00851806
3.1789144e-11,0.018255781,0.010755363,0.011799065,0.023226611,0.005870397,0.0051810336,0.02194125
-1.9073486e-10,0.020473197,0.014801389,0.020872274,0.035522472,0.009770167,0.013678954,0.03192753
1.9073486e-10,0.017273653,0.011018359,0.012227414,0.13071077,0.007114765,0.007906298,0.015967283
-2.3841857e-11,0.0051949797,0.003949062,0.0063084112,0.0032228373,0.00656934,0.011652328,0.008864224
-2.1855037e-11,0.0053013316,0.0040782676,0.0065420563,0.0033356107,0.0052096387,0.009271531,0.008459891
-3.1789144e-11,0.005135082,0.0039238436,0.0062305294,0.0036934682,0.0050171874,0.011645921,0.009083198
-7.6293943e-10,0.019202614,0.010802054,0.010007788,0.10902862,0.0069572506,0.00584358,0.01938225
-9.536744e-10,0.025022285,0.014653105,0.009852026,0.027560374,0.0067388844,0.010920026,0.009086731
-3.1789144e-10,0.007037502,0.005180973,0.0075934576,0.00264774,0.0066334573,0.012906344,0.008494027
-7.947286e-11,0.005751148,0.0043795877,0.006892523,0.0051115584,0.0053187427,0.004582315,0.0075580496
-1.5894572e-11,0.005835455,0.0045082574,0.0073208725,0.007347382,0.008667494,0.009125473,0.009417309
-4.4504803e-10,0.0058198306,0.00441513,0.0069314647,0.00958673,0.006162602,0.00452508,0.007606659
-2.4636587e-10,0.0068247183,0.0053083724,0.008605919,0.015057327,0.008007873,0.0038941314,0.007598363
-1.5894572e-10,0.0069481484,0.0052727624,0.008177571,0.008362012,0.005836094,0.0035827658,0.0074908948
-5.4041543e-10,0.010092543,0.006603989,0.008732477,0.060336478,0.0096950075,0.00539159,0.013978286
1.9073486e-10,0.00631298,0.0048761815,0.007827103,0.014444821,0.008504976,0.004594103,0.008957119
-1.1603037e-09,0.02056645,0.009925222,0.0056074765,0.017435148,0.0026144348,0.0032807682,0.00404392
2.3841857e-11,0.005285454,0.004021879,0.0063084112,0.020683985,0.0038858466,0.001791628,0.0026728464
6.357829e-11,0.0045601916,0.003427968,0.0051401868,0.016859883,0.0026578733,0.0016432733,0.0012195631
5.960465e-11,0.0042057717,0.0031742572,0.004945483,0.014520605,0.0031860291,0.0015402491,0.0012204188
2.3841857e-11,0.005342308,0.003964159,0.005919003,0.03672457,0.0038487555,0.002895045,0.0025774692
6.357829e-11,0.0055867825,0.0040732883,0.006191589,0.021952778,0.0033362757,0.002726259,0.0015668881
6.357829e-11,0.0040763128,0.0031496591,0.0050623054,0.01594883,0.0023454987,0.0010126514,0.0010485977
-3.973643e-11,0.005129482,0.0038620625,0.006074766,0.014867011,0.0037517142,0.0018637597,0.002438012
0.0,0.005101645,0.0038871288,0.006191589,0.034132183,0.0034814507,0.0030078974,0.0029308544
-8.145968e-11,0.0048110257,0.0035912888,0.005529595,0.020848468,0.002521205,0.001217774,0.0014365877
2.1855037e-11,0.0038704001,0.0030163315,0.0049065417,0.014047177,0.0027934287,0.0013386995,0.001240242
1.5894572e-11,0.0045757596,0.0034884913,0.0056074765,0.0070190597,0.002864122,0.0018109287,0.001480187
2.7815502e-11,0.0046649743,0.0035751434,0.005724299,0.013907441,0.0025980442,0.0020041824,0.0020854918
-7.152558e-11,0.005815948,0.00428667,0.00673676,0.01715348,0.0032668472,0.0014299032,0.0019541576
-6.357829e-11,0.004543795,0.0034016038,0.00529595,0.02103855,0.0024396423,0.0014648874,0.0013869012
-1.5894572e-11,0.0044537466,0.0034102595,0.005305685,0.021649241,0.002674439,0.003951772,0.0033159049
-1.5894572e-11,0.005225933,0.0039889794,0.006386293,0.020309491,0.0032352188,0.0015481837,0.002509006
-9.536743e-11,0.00487946,0.0038536729,0.006386293,0.019227598,0.003008261,0.003669635,0.0035967994
-3.576279e-11,0.0049071354,0.0036323764,0.00553933,0.015763167,0.0027793774,0.003174436,0.0023025747
9.338061e-11,0.0043121665,0.0033934957,0.0056853583,0.01420786,0.003228604,0.00091198564,0.0012050945
2.3841857e-11,0.0043484936,0.0033245482,0.00529595,0.008910632,0.0031417594,0.0012105487,0.0015404888
4.7683715e-11,0.005681903,0.0042700386,0.006580997,0.030228296,0.0043875813,0.003997276,0.0036696082
1.5894572e-11,0.005155866,0.0038964024,0.006074766,0.023787567,0.0026211264,0.0011941158,0.0017943481
-1.5894572e-11,0.0043657883,0.0032865875,0.0051401868,0.02262094,0.0027117862,0.0013939434,0.0016567948
6.357829e-11,0.013917893,0.008405653,0.009277647,0.15838331,0.0018171228,0.006775075,0.0055746073
-7.947286e-12,0.004625627,0.0036136932,0.005919003,0.015350381,0.002913518,0.0014202802,0.0010337529
7.947286e-12,0.0039474266,0.0031620176,0.005373832,0.008952783,0.002334589,0.0036888549,0.0020444365
-1.5894572e-11,0.0056612734,0.004285335,0.006580997,0.036445495,0.005220276,0.0027074919,0.002607869
-3.973643e-11,0.0050101974,0.0037356445,0.0057632397,0.025021555,0.0034040578,0.0021234455,0.0022149628
3.1789144e-11,0.0045896657,0.0034612264,0.005344626,0.009944622,0.0023195716,0.0011708466,0.0014023058
4.7683715e-11,0.0047638137,0.0036016589,0.0056464174,0.016746854,0.0032349918,0.0025345483,0.0033214139
-4.3710074e-11,0.0045918613,0.0034880245,0.005451713,0.020400578,0.003986668,0.001201929,0.0012798526
0.0,0.0052929735,0.003972887,0.0063084112,0.010079965,0.0025536877,0.0011889985,0.0018538965
-7.947286e-11,0.005366815,0.003981708,0.006074766,0.040418863,0.004150069,0.0061728363,0.002825855
-1.5894572e-11,0.0044524665,0.0033623895,0.0051791277,0.016666615,0.0038289821,0.001518192,0.0016237665
-3.973643e-12,0.004843337,0.0036515575,0.0058800625,0.01634625,0.0031610758,0.0013542081,0.0012610769
4.7683715e-11,0.0050419127,0.0038563313,0.006191589,0.017125344,0.004284425,0.005408926,0.0036896411
-1.5894572e-11,0.005858515,0.004247773,0.0062694703,0.024817461,0.0030138767,0.0018650893,0.0016943066
-2.3841857e-11,0.004151898,0.003230364,0.0052570095,0.011671515,0.003429311,0.0011023466,0.0013219685
8.34465e-11,0.0057240627,0.0042459406,0.0065031154,0.020836059,0.0027110663,0.0039628004,0.0025941376
-2.3841857e-11,0.0053085857,0.0040673595,0.0065420563,0.025896551,0.0038744747,0.0036882174,0.0026359519
-7.947286e-12,0.0043699043,0.0033961846,0.005529595,0.014932041,0.003593036,0.0018399626,0.0019866857
9.139379e-11,0.0052476167,0.0037315192,0.00553933,0.008769244,0.0023543593,0.0056874203,0.0015307175
0.0,0.0051631876,0.003989045,0.006464174,0.024946662,0.0027801695,0.0013077201,0.0020452696
-1.9868215e-11,0.0061326697,0.0046661966,0.0072819316,0.027993167,0.004681256,0.0029079318,0.0033172106
-4.7683715e-11,0.0053662346,0.003995871,0.006074766,0.018408148,0.0037446744,0.0010589472,0.0015448427
-7.549922e-11,0.0046069003,0.0035782212,0.005957944,0.013393353,0.0031493048,0.0012834867,0.0013247626
-4.7683715e-11,0.006014799,0.0045118835,0.0071261683,0.030359555,0.0040025488,0.0052117244,0.0045517446
-7.947286e-12,0.004767543,0.0036228404,0.0056853583,0.024708485,0.0039457395,0.0025656875,0.0023925933
6.357829e-11,0.005636451,0.0042937174,0.006629673,0.027017357,0.0038527104,0.0020045685,0.0019517771
1.1126201e-10,0.005921111,0.0045068553,0.0070872274,0.022483414,0.005575942,0.002717479,0.0025064896
-2.3841857e-11,0.004329599,0.0034646853,0.0058508567,0.008928631,0.003596496,0.0010608976,0.0011229205
1.3907751e-11,0.005650339,0.004250959,0.0065031154,0.010492154,0.0032824434,0.0010459063,0.0018618932
1.5894572e-11,0.007488471,0.005582793,0.008722741,0.054101456,0.00346374,0.002272242,0.0032265512
-7.152558e-11,0.0069618863,0.005141912,0.007749221,0.07756756,0.003425658,0.0017232195,0.0031959338
-2.3841857e-11,0.0060148137,0.0044175475,0.006580997,0.03613166,0.0043137283,0.0022489573,0.0015777528
-3.576279e-11,0.0043657306,0.0033461018,0.005373832,0.01469516,0.0023775036,0.0014896729,0.001322616
-6.357829e-11,0.005313678,0.004021856,0.0062694703,0.022702077,0.0025319487,0.0024412365,0.0018383316
0.0,0.005416916,0.0040827403,0.0063473517,0.032571748,0.004282208,0.005671389,0.003488618
-3.1789144e-11,0.0057506072,0.004160637,0.0060358252,0.009931228,0.0026369807,0.0018509856,0.002139164
-6.357829e-11,0.0054555265,0.004328668,0.007359813,0.015423315,0.0042863125,0.0010146667,0.0014432619
-7.947286e-11,0.0056067426,0.0042202594,0.0064252336,0.012018157,0.0031244212,0.0021636155,0.0018714489
1.5894572e-11,0.005934512,0.0047080535,0.007866044,0.02609033,0.0048646107,0.005315936,0.0047337348
6.357829e-11,0.005272437,0.003970798,0.0063084112,0.014512772,0.003353638,0.0011640819,0.001290008
-2.78155e-10,0.014559758,0.0082338285,0.008177571,0.01866726,0.003629757,0.0014503811,0.0014810057
9.536743e-11,0.006029865,0.0045334534,0.0068925233,0.027404983,0.0038388371,0.003137549,0.002254609
4.7683715e-11,0.0056404215,0.0040408545,0.005919003,0.033441514,0.0049256254,0.002065082,0.002734437
-4.7683715e-11,0.006195296,0.004664484,0.007165109,0.038365383,0.0039035578,0.002487051,0.0016803171
-3.1789144e-11,0.0049665757,0.0037276708,0.005919003,0.015499255,0.0036609706,0.001377845,0.0014428016
7.152558e-11,0.004503445,0.0035569386,0.0058021806,0.011505688,0.0028787716,0.0038674313,0.0015698888
-6.357829e-11,0.0056038387,0.0042103943,0.0066199377,0.011645714,0.0024425846,0.0014390821,0.001035919
3.1789144e-11,0.005891988,0.0046523893,0.007827103,0.024203453,0.0029236441,0.0040647862,0.002930651
-1.1126201e-10,0.0060744165,0.00469274,0.007515576,0.026915587,0.0031692127,0.0020080958,0.0014772582
-1.9868215e-11,0.0040918025,0.0032401287,0.005529595,0.015061736,0.003112576,0.0011740333,0.0011301265
-9.536743e-11,0.013544169,0.008181459,0.009423676,0.028908819,0.0026519855,0.0017641331,0.0016776313
-1.9073486e-10,0.008210238,0.0062528807,0.00957944,0.06964293,0.0039804415,0.0034557455,0.0016395815
-2.3841857e-11,0.0041981647,0.003276266,0.00529595,0.018410102,0.0030753862,0.000817646,0.0011792871
1.66893e-10,0.006604246,0.004807015,0.007087227,0.03668395,0.0032871526,0.0027687901,0.002101749
2.7815502e-11,0.003666784,0.0028480464,0.004595015,0.008996324,0.003444328,0.0010643927,0.0007686905
5.960465e-11,0.0047014076,0.003541684,0.005451713,0.017903328,0.0034068592,0.0025505223,0.0015499669
-1.4305115e-10,0.006405469,0.004494035,0.006386293,0.04026907,0.004659845,0.0030362026,0.0021025876
-7.947286e-11,0.00464472,0.0034624652,0.0052570095,0.01320644,0.003281959,0.001528901,0.001215865
3.1789144e-11,0.0037823285,0.0029963872,0.005101246,0.008046001,0.0024081036,0.0007485646,0.00085247617
3.1789144e-11,0.0050158245,0.0037011583,0.0056074765,0.017163565,0.0028809893,0.0016618691,0.0022321907
1.5894572e-11,0.0053043477,0.004120381,0.006775701,0.029453794,0.0031076022,0.0024574404,0.001560465
3.1789144e-11,0.004386983,0.0032209724,0.004867601,0.019739022,0.0040170215,0.0012452506,0.0010452077
1.5894572e-11,0.0051081977,0.0037956117,0.00576324,0.0154465735,0.00268966,0.0011487436,0.0015083093
3.1789144e-11,0.006088977,0.0047712014,0.007875779,0.017461583,0.0021748685,0.0032370188,0.0034922755
3.973643e-12,0.004303355,0.0032537375,0.0052180686,0.0058640935,0.002950138,0.0026338776,0.001169545
-3.973643e-12,0.0057340832,0.004109284,0.0056853583,0.01613464,0.0026292065,0.0020290094,0.0017956094
-1.1920929e-11,0.0049375757,0.0036063793,0.005490654,0.0021120757,0.0013353556,0.0052220603,0.0017626348
-1.3907751e-11,0.0031292136,0.002443673,0.003933022,0.0043463535,0.0019591718,0.0023784323,0.0011334324
-4.3710074e-11,0.0028089501,0.0022094185,0.0035825544,0.0028671438,0.001821676,0.0018567542,0.0016730954
-1.5894572e-11,0.01643306,0.010026512,0.008566977,0.14584257,0.0043166704,0.0069798264,0.014419817
3.1789144e-11,0.006919172,0.0048510493,0.0065907324,0.00461577,0.00076434994,0.005004043,0.0052180164
6.755193e-11,0.0036553186,0.002818382,0.0045171343,0.0026312228,0.0016029329,0.005750063,0.001669541
9.934107e-12,0.0034476335,0.0026946154,0.0044392524,0.002860445,0.0015315551,0.0059616696,0.0017717788
-7.152558e-11,0.0040805647,0.003199073,0.00529595,0.0059938673,0.0017380259,0.006043982,0.001900154
-6.357829e-11,0.003817029,0.0029443756,0.004711838,0.004144283,0.002304183,0.003832943,0.0010456046
0.0,0.0034408036,0.0026769673,0.0044003115,0.01096297,0.0034484132,0.0016800505,0.0015187605
0.0,0.0038068986,0.0028545784,0.0045171343,0.008828578,0.0021694454,0.00075174094,0.00075615174
-6.953875e-11,0.0034733864,0.002744114,0.0045560747,0.006864574,0.0020163557,0.001136029,0.00087293476
-6.357829e-11,0.007483404,0.004780903,0.006240265,0.00702656,0.002716979,0.0043301256,0.0033789729
-1.5894572e-11,0.0060193227,0.003961994,0.005451713,0.048033543,0.004607249,0.0014214551,0.0010390346
-7.947286e-12,0.0033770707,0.002611083,0.004127726,0.0062565897,0.0019449971,0.00062084117,0.00084733375
7.947286e-12,0.0051520006,0.003938383,0.0060455604,0.034932833,0.00462752,0.0034416663,0.0033979204
-7.947286e-11,0.0044725416,0.0032742529,0.0049162772,0.013403534,0.0029975988,0.0016519519,0.0009967213
-2.3841857e-11,0.004162237,0.0031190175,0.004750779,0.0050718873,0.0023309912,0.0013272623,0.00164068
7.549922e-11,0.0050982856,0.0037782958,0.0057632397,0.025691517,0.0030835017,0.0019507065,0.001642701
1.013279e-10,0.0037309323,0.0028854187,0.00478972,0.011120315,0.0023158025,0.0010100194,0.0008979275
-1.2318294e-10,0.0063959425,0.0045780763,0.006551791,0.038844783,0.005317798,0.0044677835,0.0041165324
-2.7815502e-11,0.0043916786,0.003228268,0.0048286607,0.01723914,0.0030967402,0.0008132154,0.0015235415
3.3775965e-11,0.0036614179,0.0027738053,0.0043613706,0.005626056,0.0022347304,0.0010157552,0.0012577156
4.7683715e-11,0.004080182,0.0031741378,0.0051401868,0.014501081,0.0029351718,0.0033663358,0.0021936917
-2.7815502e-11,0.0040266253,0.003007106,0.004721573,0.008218268,0.002315115,0.000778155,0.0011302921
-2.7815502e-11,0.004544902,0.0033154967,0.0050233644,0.00783104,0.0020434426,0.0010132927,0.0015072561
-1.2715658e-10,0.005045014,0.0037676715,0.005919003,0.028850885,0.0038424085,0.004465817,0.0023734425
-7.748604e-11,0.0039189956,0.0030694492,0.0050623054,0.0141294645,0.002577345,0.0014760449,0.0014806325
-1.5894572e-11,0.007197311,0.005005322,0.00673676,0.016324926,0.004539018,0.009979843,0.00740808
7.947286e-12,0.0041799187,0.0032138932,0.0051791277,0.005192091,0.0016887396,0.0046323272,0.0017299976
-4.7683715e-11,0.0042562964,0.0031249388,0.0049065417,0.004741573,0.0013769937,0.0050783153,0.0017435963
0.0,0.005311338,0.0040360265,0.0063862926,0.02199494,0.0031296215,0.0062886933,0.0033635986
1.9868215e-11,0.003612347,0.0028242166,0.004672897,0.009840203,0.0023145094,0.00067036814,0.0010574582
1.5894572e-11,0.0045897486,0.0033424261,0.0048383954,0.006482619,0.0014862496,0.0043369494,0.0024624355
-4.7683715e-11,0.00414487,0.0030918221,0.004750779,0.010065763,0.0019045845,0.0012264248,0.0011973492
0.0,0.003911665,0.0029553392,0.0046339566,0.0070952806,0.001983948,0.00093604706,0.0008264988
-3.576279e-11,0.004418096,0.0032576222,0.004867601,0.008364347,0.0020565842,0.0011528954,0.0010964972
3.1789144e-11,0.005355439,0.0037778856,0.005568536,0.015831348,0.0031101722,0.0050735953,0.004086053
-5.722046e-10,0.018709004,0.012024178,0.013278816,0.055289906,0.004144186,0.0055854414,0.0110707665
-5.4836274e-10,0.016953895,0.009049639,0.00813863,0.015994944,0.001515087,0.01770923,0.0057826056
-6.357829e-11,0.010365167,0.0072983443,0.010436136,0.0077940556,0.0012635929,0.0074338405,0.0055043125
2.582868e-11,0.0045505925,0.0036161626,0.006074766,0.0023409682,0.0009593226,0.024760393,0.0022671805
-7.947286e-12,0.004092692,0.003191982,0.0051401868,0.0023484014,0.0016495364,0.013336827,0.0023295928
2.9802324e-11,0.0040419223,0.0031438333,0.0050623054,0.002068762,0.0021847682,0.018880477,0.0022467256
-3.1789144e-11,0.004333227,0.0032330272,0.004906542,0.0035956348,0.002735184,0.021970624,0.004037831
3.774961e-11,0.0032808706,0.0025512313,0.0042056073,0.0044402014,0.0022364827,0.0030204137,0.0016118435
-8.742015e-11,0.004542896,0.0035706013,0.0058021806,0.0023847322,0.0016035491,0.029656779,0.0021481458
-4.7683715e-11,0.005045106,0.0036690286,0.0054127723,0.007697894,0.002637328,0.014192779,0.003815534
-6.357829e-11,0.0034998553,0.0027039428,0.0044003115,0.0053192987,0.0015439941,0.0027350977,0.0009142631
7.947286e-12,0.0048242477,0.0035929882,0.0054517137,0.016396865,0.00292208,0.0011330971,0.0009846407
4.7683715e-11,0.0041565564,0.0031346856,0.004750779,0.005670899,0.0048895357,0.011834458,0.0014321525
3.973643e-12,0.005886855,0.0042002974,0.006152648,0.034235265,0.0052459324,0.005577966,0.0027565055
6.357829e-11,0.003920788,0.0028332279,0.0042834887,0.023688897,0.003244482,0.0016669255,0.0009637781
0.0,0.004417027,0.0032606164,0.0049065417,0.008300074,0.003292103,0.0033293667,0.0019155894
-3.1789144e-11,0.0059414585,0.004315861,0.0064252336,0.015291584,0.0026989232,0.0012834655,0.0011382513
9.536743e-11,0.004196861,0.003233223,0.0051791277,0.006837818,0.0020688013,0.0022838684,0.0009442222
2.9802324e-11,0.005254398,0.00389764,0.005919003,0.023524052,0.0030249162,0.0048757126,0.0015417505
-7.947286e-12,0.0036442664,0.0028099616,0.004478193,0.008216432,0.0029108045,0.0012157863,0.00080660137
-3.1789144e-11,0.0053929505,0.0041183005,0.0065517914,0.029155392,0.0034873812,0.0069738775,0.0034869967
1.5894572e-11,0.0040090675,0.0030152155,0.004672897,0.017610524,0.0032812115,0.0010322438,0.0008665972
-2.5431315e-09,0.027966915,0.017773865,0.014485981,0.27388653,0.011466614,0.0056555765,0.0036673464
4.172325e-11,0.0050049545,0.0037646282,0.0058508567,0.028859848,0.004072638,0.0020890576,0.0015302824
7.947286e-12,0.004183627,0.0031491176,0.0049065417,0.014281624,0.0023839811,0.00084605836,0.0012121566
1.1920929e-11,0.004603661,0.0033050263,0.0049844235,0.007616727,0.0027974306,0.0058927033,0.0021196804
3.973643e-11,0.004420999,0.0032978668,0.005101246,0.012844383,0.0026094776,0.0008559009,0.001047344
-4.7683715e-11,0.004283274,0.0031171234,0.004672897,0.005692204,0.0020353505,0.0016611378,0.000769719
0.0,0.0048312563,0.003715162,0.0058800625,0.028904527,0.0040839235,0.0029286647,0.0021618558
0.0,0.004492793,0.0033191524,0.0050233644,0.010303691,0.0027743275,0.001242122,0.001110403
-5.165736e-11,0.0041673267,0.0032115849,0.0051791277,0.007497963,0.00215199,0.0018455641,0.0009782793
2.9802324e-11,0.005430454,0.004154238,0.006590732,0.03013414,0.0027792694,0.0015138185,0.0016622145
1.0331472e-10,0.0042801686,0.0033542535,0.005724299,0.016310375,0.0026416916,0.0021385944,0.0016354001
-3.973643e-11,0.005694129,0.004360081,0.006824377,0.01231398,0.0033408059,0.005849317,0.002930015
3.576279e-11,0.0048334324,0.0036128887,0.005334891,0.014084633,0.003588325,0.001535078,0.0012922458
3.774961e-11,0.004411227,0.003170819,0.004595015,0.009461908,0.0022634687,0.0010948315,0.0010934938
1.5894572e-11,0.0054415227,0.004070484,0.006113707,0.030402364,0.004064931,0.003255676,0.00226144
1.1523565e-10,0.004875736,0.0036710303,0.0056074765,0.020064307,0.0030460174,0.0024032025,0.0017041183
-2.7815502e-11,0.0034357535,0.0026629039,0.0042445483,0.007734946,0.0024748144,0.0011301328,0.0006719798
-3.1789144e-11,0.009974186,0.0064027244,0.006970405,0.023534201,0.0045641293,0.007978528,0.0047543906
-1.5894572e-11,0.004887952,0.0035035543,0.0051401868,0.019663941,0.002860836,0.0014188264,0.0013125059
-3.973643e-11,0.003700074,0.0028971508,0.004750779,0.008845106,0.0026924843,0.0011191084,0.00088101096
7.947286e-12,0.0044823484,0.003428923,0.0054127723,0.015327706,0.0031679377,0.0021449998,0.0018655328
-5.5631003e-11,0.005340618,0.004066487,0.006386293,0.021279212,0.0035653773,0.0017532938,0.0013308385
-2.7815502e-11,0.0041433666,0.0032581575,0.0054127723,0.009442653,0.0026342901,0.0009677868,0.00069260964
-7.947286e-11,0.0054385224,0.004125264,0.006357087,0.03643051,0.0035994842,0.0036282479,0.002047903
5.5631003e-11,0.004318846,0.0033057556,0.0051401868,0.011142526,0.0024984854,0.0014730295,0.0010688656
-8.742015e-11,0.007383391,0.0048475466,0.005919003,0.007022892,0.003039792,0.0071902885,0.003644757
0.0,0.0085430015,0.005525123,0.0070482865,0.018762862,0.0029336868,0.0020054795,0.0015266599
-1.5894572e-10,0.005211915,0.0039314744,0.005841121,0.0082684625,0.0024009282,0.004202524,0.0012293961
0.0,0.005952727,0.0043753795,0.006697819,0.02417643,0.0045256726,0.0019427513,0.0013224166
1.0728836e-10,0.014092687,0.008461475,0.00744743,0.016534038,0.0024736656,0.012143881,0.0037126353
-6.755193e-11,0.004733841,0.0032334318,0.004711838,0.01689999,0.0035751981,0.0055982196,0.0036048926
4.7683715e-11,0.0063821124,0.0043321582,0.0057632397,0.050884537,0.0037748073,0.0021445258,0.001446006
0.0,0.004089651,0.0032007406,0.0052570095,0.01151303,0.002807588,0.0011537517,0.0007988223
1.5894572e-11,0.0046426924,0.0035024877,0.0054517137,0.020439377,0.0037941681,0.0021058472,0.002235413
-2.3841857e-11,0.0066806218,0.0046341605,0.006464174,0.025667002,0.00399509,0.0019312542,0.0012183569
2.7815502e-11,0.004398581,0.0033164509,0.0051401868,0.0065956214,0.0015958791,0.0045791315,0.0008784788
-3.973643e-11,0.006006269,0.004174934,0.0061915885,0.037945624,0.0035075343,0.003527447,0.0017631524
4.7683715e-11,0.003944546,0.0030478777,0.004945483,0.011701746,0.002724766,0.0030927989,0.0017256257
4.172325e-11,0.004284273,0.003268965,0.005218068,0.021429652,0.0033671348,0.0042155227,0.0027194554
1.9868215e-12,0.005273304,0.0037349225,0.005373832,0.02560568,0.004312335,0.0038392919,0.001025448
-2.3841857e-11,0.0044815307,0.0034062623,0.0054127723,0.0076816212,0.0027696656,0.0021891268,0.0013003923
-5.165736e-11,0.005701062,0.004103959,0.006123442,0.04868904,0.005032026,0.002905444,0.002474301
3.973643e-12,0.004323435,0.0030931497,0.0045171343,0.013840593,0.0030899087,0.0010810537,0.00075702
-3.1789144e-11,0.0029424205,0.0022920459,0.0037383176,0.0035072411,0.001436929,0.0012946195,0.0006761846
-2.3841857e-11,0.0030372348,0.0023328683,0.0038551402,0.008602342,0.0025575585,0.0020176733,0.0014083553
-1.1920929e-11,0.0027255523,0.0021229945,0.003465732,0.004139867,0.0016359731,0.0012658274,0.00073787017
1.5894572e-11,0.003394965,0.0026532689,0.0042834887,0.0044364883,0.0021903608,0.0018023951,0.0007840956
-6.357829e-11,0.0033344855,0.002624901,0.00432243,0.005100456,0.0031272087,0.001922689,0.00079973275
0.0,0.005894631,0.0039098533,0.0048286603,0.009001005,0.002121289,0.006351741,0.0034209848
-6.357829e-11,0.003359687,0.0026474926,0.0043613706,0.0060538794,0.0033542137,0.0024393464,0.00095023
7.152558e-11,0.0051609506,0.0038830403,0.0058897976,0.015370088,0.001980532,0.0019623518,0.0019610587
7.947286e-12,0.0031763986,0.0024850052,0.004127726,0.006573887,0.002599718,0.0010487855,0.0005373223
2.7815502e-11,0.003203246,0.0024504256,0.003933022,0.0042773853,0.0015654764,0.000961877,0.0006383964
-3.973643e-12,0.0032386929,0.0025581995,0.0042445483,0.007441976,0.002073436,0.0014238013,0.00074703345
3.973643e-12,0.0037404099,0.0029602218,0.004906542,0.01000072,0.0030333698,0.0016208859,0.0008813804
7.947286e-11,0.005318164,0.0037680916,0.0050233644,0.00681438,0.002895917,0.0035459572,0.0011965542
4.3710074e-11,0.0037229,0.002894386,0.004633956,0.006517604,0.0021361862,0.0013645685,0.0007047561
-5.5631003e-11,0.0040114643,0.003101016,0.004906542,0.012282022,0.0025504737,0.0063966434,0.002169252
-2.7815502e-11,0.0037490476,0.0028395865,0.004478193,0.008194873,0.0022431475,0.0023760507,0.0007663327
5.5631003e-11,0.0037353414,0.0028072058,0.0043613706,0.007191346,0.0028225728,0.005119931,0.0018810534
-2.3841857e-11,0.0032649979,0.0025381732,0.0041764015,0.0044228323,0.0022680182,0.0022480974,0.0006737861
-3.973643e-12,0.0028714472,0.0022550584,0.003660436,0.004275871,0.0038511164,0.0008699323,0.0007698755
0.0,0.003032822,0.0023705985,0.0038940809,0.0054360116,0.0019670478,0.0020708696,0.0015648531
-4.3710074e-11,0.0028634598,0.0022624594,0.0037188474,0.0044688904,0.0020511744,0.0009837152,0.0006709165
-4.7683715e-11,0.0034853253,0.0027281574,0.0045560747,0.009231439,0.002049264,0.001444083,0.0011963685
3.1789144e-11,0.0029090643,0.0022732401,0.0037383176,0.0057587186,0.002107351,0.0010749681,0.0005302493
0.0,0.0035818566,0.002652559,0.003933022,0.010388942,0.002714885,0.0029089688,0.001674864
3.973643e-12,0.0034055733,0.002692536,0.004478193,0.007427955,0.00226088,0.00269037,0.00077706855
1.5894572e-11,0.0036120752,0.0027861441,0.004517134,0.0049837017,0.0023763797,0.0015325644,0.0011136513
-4.7683715e-11,0.0034425342,0.0027244212,0.0045560747,0.0045242296,0.0027715673,0.0019584652,0.0010943545
7.947286e-11,0.011219932,0.0060079987,0.0058800625,0.025899135,0.0024256296,0.011104748,0.002203361
-1.1920929e-11,0.002891623,0.0022828404,0.0037480528,0.004085252,0.0021656696,0.0012211724,0.0005763691
-2.7815502e-11,0.0028927638,0.0021773153,0.003465732,0.0036540464,0.0024810592,0.000816769,0.00066512526
2.483527e-11,0.0027416404,0.0021125881,0.0033489096,0.0054120626,0.0023101987,0.0008777308,0.00063127297
-6.357829e-11,0.0033294582,0.002569403,0.0042445483,0.0034446525,0.0015584903,0.0019125722,0.000965743
0.0,0.0033348873,0.002610644,0.0042445483,0.0045868196,0.0029096692,0.002448005,0.0011416465
3.973643e-12,0.0034987323,0.002746505,0.004633956,0.0048719333,0.0026323143,0.003006324,0.0017879992
-1.7881394e-11,0.0028582485,0.0022904042,0.0038940809,0.005607032,0.0019315196,0.0019460213,0.0007360156
7.947286e-11,0.0050409785,0.0034074183,0.0048286603,0.0051222215,0.0024659326,0.0031347396,0.0013168746
6.357829e-11,0.0037612605,0.0028894593,0.0046436917,0.00514408,0.0018944492,0.0014027893,0.0006646434
5.960465e-11,0.0036217938,0.0028627857,0.004711838,0.004566171,0.0018469198,0.0025886616,0.0008051358
3.1789144e-11,0.00349264,0.002771787,0.004672897,0.0075487015,0.002108996,0.0023186344,0.0013798502
1.1920929e-11,0.0028969992,0.0022774895,0.0037383176,0.0048895194,0.0028097013,0.0011509374,0.0007479154
-1.7881394e-11,0.00395615,0.0031184657,0.0051791277,0.007696446,0.0022144997,0.0061751236,0.0015201622
-2.1855037e-11,0.0033079474,0.0025595494,0.004127726,0.006420109,0.0027515495,0.0014424357,0.0008303687
-4.7683715e-11,0.003640778,0.0028619831,0.004750779,0.005457405,0.0028020586,0.0030402986,0.0012261436
1.2715658e-10,0.0037484823,0.0029860989,0.004867601,0.004766808,0.002210475,0.0009915717,0.0008236037
1.5894572e-11,0.003074153,0.0023965072,0.0038940809,0.004697953,0.0019272966,0.001641062,0.0008568725
5.9604643e-12,0.0033321527,0.002584068,0.0041764015,0.0060621407,0.001803921,0.0007566629,0.00058421254
0.0,0.004539729,0.0034059188,0.0051791277,0.012699058,0.0025442848,0.004734408,0.0019167393
-1.5894572e-11,0.003114875,0.0023775082,0.0037772586,0.008942622,0.003365671,0.001208217,0.0007304233
1.9073486e-10,0.007542116,0.0046272953,0.005101246,0.0103583345,0.0019493987,0.0025193896,0.0018889064
2.582868e-11,0.0043053515,0.0031950525,0.004750779,0.0035468456,0.002238247,0.012686626,0.0026977335
4.7683715e-11,0.003724558,0.0028794552,0.0046436917,0.0035105513,0.003139145,0.005457293,0.001309422
1.1920929e-11,0.0039059408,0.0030199592,0.004750779,0.0033476683,0.0023503113,0.0050861873,0.0014487228
1.5894572e-11,0.004864505,0.0038042364,0.0062305294,0.004786334,0.0030491296,0.017042458,0.0030303623
-4.7683715e-11,0.0037638408,0.0030012084,0.0050233644,0.0027370313,0.0031181036,0.008608664,0.0018718708
0.0,0.003441902,0.0026200297,0.0039719627,0.00382813,0.0026340762,0.010374175,0.0020347207
1.9868215e-11,0.0035340502,0.0026464337,0.004127726,0.0061956705,0.0023735974,0.0014939394,0.00083846593
1.7881394e-11,0.004224018,0.0032500562,0.0052667446,0.0041021914,0.0037085763,0.006567039,0.0015127267
1.9868215e-11,0.003945751,0.0030298573,0.00478972,0.003285236,0.002469851,0.005305182,0.0012549364
3.1789144e-11,0.018278208,0.011571575,0.013123052,0.0155911315,0.0031893535,0.011769792,0.013198677
3.1789144e-11,0.008720093,0.00631122,0.009657321,0.041091993,0.0017261829,0.0030362052,0.0027616196
3.1789144e-11,0.008792733,0.0062290435,0.008917445,0.019264797,0.0025211093,0.0010696059,0.0021179102
-1.5894572e-10,0.006463528,0.004818354,0.007554517,0.041907597,0.0020289866,0.0052669705,0.004178397
3.576279e-11,0.0044384184,0.003368143,0.005218068,0.0154084135,0.0014653394,0.001310362,0.0016508478
-6.357829e-11,0.011145078,0.007146378,0.008800623,0.11230786,0.0021003592,0.007625698,0.002113184
0.0,0.006040981,0.0046540555,0.007515576,0.0058619375,0.0015244929,0.017873641,0.0025057634
-2.3841857e-11,0.00499898,0.00400076,0.006814642,0.009522614,0.0016316465,0.011705096,0.0017858408
7.947286e-12,0.005532063,0.0043117073,0.0070872274,0.006269106,0.0023510207,0.016092665,0.002274458
3.1789144e-11,0.0053171054,0.004137881,0.0066588786,0.0042859213,0.003079229,0.02025493,0.003238467
-7.947286e-12,0.005224573,0.0042165807,0.007281931,0.007099298,0.0031640194,0.0142701715,0.0027533474
-2.1855037e-11,0.00496533,0.00395343,0.0065809973,0.004513924,0.0023324697,0.016861677,0.0020200112
-2.3841857e-11,0.0043926314,0.003525021,0.005996885,0.0025031022,0.0015050146,0.018051822,0.001993843
-1.7881394e-11,0.004915282,0.003987511,0.006931464,0.00196981,0.002425169,0.02357157,0.002937512
1.9868215e-12,0.004668377,0.0037229846,0.0062694703,0.0030736425,0.0019132155,0.012412374,0.0018942485
-6.357829e-11,0.0052302564,0.0042498303,0.007398754,0.0023679475,0.0041464344,0.029407345,0.002582218
-3.1789144e-11,0.00508686,0.004158151,0.007437695,0.0017899782,0.0031307705,0.028688703,0.0027466363
-2.9802324e-11,0.004312244,0.003456452,0.0058021806,0.0021278725,0.0028522008,0.01891761,0.0024954034
-3.1789144e-11,0.0046971235,0.003660294,0.0060358252,0.0047904314,0.002791944,0.010162546,0.0014207095
-8.543333e-11,0.0046416465,0.0037145142,0.0062694703,0.0031460335,0.0034613283,0.022867745,0.002630797
1.1920929e-11,0.0040135584,0.0031619929,0.0051791277,0.0057490286,0.0020725937,0.006420378,0.0011769842
2.7815502e-11,0.0050356146,0.004067362,0.0070482865,0.0018316592,0.0021199258,0.025274334,0.0031867675
2.3841857e-11,0.004489133,0.0035435844,0.005919003,0.0020893929,0.0019484067,0.022649018,0.0024585037
-6.953875e-11,0.004795853,0.0037594796,0.006113707,0.0040979367,0.0023702634,0.01242782,0.0016377766
5.165736e-11,0.004065167,0.00320648,0.00529595,0.0038463846,0.0021787253,0.01206601,0.0014234406
3.1789144e-11,0.004202159,0.0032960277,0.0053738314,0.0054330314,0.0028411904,0.00407531,0.0013277262
3.973643e-12,0.004606272,0.00367721,0.0062305294,0.0038918133,0.0035472484,0.02536982,0.0024075604
-8.34465e-11,0.004052317,0.003121138,0.0050233644,0.0046842773,0.002632163,0.0090989135,0.0015613541
3.973643e-12,0.0037344103,0.0028955187,0.004750779,0.0043372856,0.0017430076,0.0024922965,0.0010718872
3.973643e-11,0.0039319037,0.0028551903,0.0042834887,0.0042293346,0.001574215,0.00266423,0.0009699491
7.947286e-12,0.0038294487,0.0029341143,0.0045560747,0.0029247573,0.00196245,0.012787437,0.0015683862
1.5894572e-11,0.0039318847,0.0030812186,0.005101246,0.0037305367,0.003033392,0.013641749,0.002092832
-3.973643e-11,0.0039474806,0.003030691,0.004760514,0.0022987926,0.0025539617,0.019828679,0.0019002057
-5.960465e-11,0.004261923,0.0033331076,0.005451713,0.0015535924,0.0028285068,0.024377653,0.0024808322
-1.5894572e-11,0.004337093,0.0033438033,0.0052180686,0.003077988,0.0019585798,0.012996732,0.0019342289
0.0,0.003436032,0.0026287872,0.004127726,0.0022821133,0.0023580985,0.0043777884,0.0011745751
-4.3710074e-11,0.0031878222,0.0025129241,0.0041666664,0.0029382312,0.002338291,0.0029412922,0.0013139802
-1.9073486e-10,0.01361403,0.0083474275,0.01008567,0.12177834,0.002703292,0.021728855,0.006813564
4.7683715e-11,0.0041179843,0.0032576695,0.0054225074,0.003076863,0.004117931,0.013298199,0.0017024882
-2.5431315e-10,0.012428966,0.008798107,0.012227414,0.08224742,0.0019791452,0.008993527,0.007962782
-3.1789144e-11,0.009361974,0.006886984,0.010484813,0.015713405,0.0022371698,0.014781886,0.0043521337
3.973643e-12,0.0046240115,0.0036626984,0.006074766,0.0021848339,0.0023033721,0.025464153,0.0025580435
1.1920929e-11,0.005229072,0.004227346,0.0073987544,0.0028185833,0.002650832,0.030334504,0.0023317856
3.1789144e-11,0.005336614,0.0043006027,0.007437695,0.0022046666,0.0016966697,0.02715365,0.0024524818
2.7815502e-11,0.0041950378,0.0032363525,0.005218068,0.0029978815,0.0013603512,0.004685787,0.001033402
-2.3841857e-11,0.0041642874,0.003262415,0.0052570095,0.0035448065,0.0036961157,0.014905989,0.0019331952
5.165736e-11,0.0044024177,0.003409234,0.005451713,0.0047866325,0.002113862,0.0061604637,0.0012430727
-3.973643e-12,0.0045304154,0.003469606,0.005490654,0.010524256,0.002846581,0.00472887,0.0013120408
3.973643e-11,0.004106763,0.003194276,0.0052278037,0.00242741,0.0019563716,0.017406415,0.0020980544
5.960465e-11,0.004095577,0.0031961887,0.0052570095,0.0050539137,0.005312583,0.013890452,0.0017734787
-7.6492625e-11,0.004654533,0.0036897499,0.006269471,0.0014901144,0.0032857338,0.020480473,0.0021447353
-7.947286e-12,0.0029027918,0.002276489,0.0037383176,0.0035960325,0.0018510276,0.0023701622,0.0013000431
-4.967054e-11,0.005392349,0.0043017217,0.00720405,0.0017212698,0.0026261986,0.028512105,0.0023292804
2.7815502e-11,0.0043711374,0.0032747684,0.0049844235,0.006784421,0.0020527954,0.0019589982,0.00061132415
3.973643e-11,0.0055720746,0.004470796,0.007827103,0.0017340523,0.0036178816,0.04549132,0.0027007787
7.152558e-11,0.0043700156,0.0033930044,0.005490654,0.01414062,0.0044287113,0.0069253636,0.001633695
-9.934108e-11,0.0052190176,0.0041666096,0.0070580216,0.001464841,0.0030529092,0.02648028,0.0024731306
2.3841857e-11,0.0046604574,0.0035667703,0.0056853583,0.008361171,0.0022412743,0.0037995228,0.000861705
-3.973643e-11,0.005190969,0.0041362653,0.0068535823,0.0025573787,0.0027593516,0.037301183,0.0026859783
-1.9868215e-11,0.004164228,0.003219656,0.0051401868,0.0050224815,0.0046971026,0.013663556,0.0022129733
3.973643e-12,0.004803228,0.00350838,0.00529595,0.006408309,0.0023364162,0.0041893157,0.0011391857
-1.9868215e-12,0.0046510035,0.003554276,0.005451713,0.005158636,0.0027466654,0.01146455,0.0011098321
7.748604e-11,0.005265751,0.0041681845,0.0068925233,0.0027344686,0.005221705,0.038372397,0.0028240443
-7.947286e-12,0.0042386698,0.0031091557,0.004906542,0.02453648,0.003705893,0.0020072912,0.0015103882
1.9868215e-11,0.0039355583,0.00302247,0.0048773363,0.013955757,0.0029879725,0.0010187678,0.00067867566
-1.9868215e-11,0.0039911736,0.0030784362,0.004945483,0.009448992,0.0037618678,0.0018036179,0.0007718063
-4.967054e-11,0.004041264,0.003062761,0.004750779,0.016932992,0.0026032396,0.0012935568,0.00095824484
-7.947286e-12,0.003535466,0.0027220096,0.0043613706,0.012974719,0.0024410968,0.0013508276,0.0009476188
7.152558e-11,0.004150467,0.003217345,0.00529595,0.013317776,0.002366586,0.0011872243,0.000963741
-3.973643e-11,0.0040708464,0.0031135362,0.004945483,0.010668365,0.002550989,0.001026624,0.00084918196
-7.947286e-12,0.0034876443,0.002759431,0.004672897,0.009550816,0.0024646977,0.0010892891,0.00078812276
-2.3841857e-11,0.0045264866,0.003357085,0.0051401868,0.027332105,0.004845021,0.004413503,0.0014231105
-2.3841857e-11,0.0038819818,0.0029772888,0.0046339566,0.013435691,0.0026378524,0.0010154344,0.0013205451
4.7683715e-11,0.003978975,0.0031227015,0.00529595,0.016130289,0.0031102223,0.0014987809,0.0008160839
-1.7881394e-11,0.0039532743,0.003093505,0.004945483,0.013808567,0.002735542,0.0014490866,0.0010824858
5.960465e-11,0.004422598,0.0034136334,0.005529595,0.019496433,0.0031719378,0.0011754549,0.00082971295
4.7683715e-11,0.0041214237,0.0031565872,0.0049844235,0.014710695,0.0038970353,0.0013949783,0.0007258348
6.357829e-11,0.004996411,0.0039253114,0.0063473517,0.026228374,0.0030138767,0.0019422946,0.0007170488
-3.1789144e-11,0.0043031047,0.0033551853,0.0054127723,0.023042984,0.0027722502,0.0009376239,0.0007216744
-2.3841857e-11,0.004293685,0.003412739,0.005724299,0.021949518,0.0029371441,0.001346764,0.00076035253
-2.7815502e-11,0.004430168,0.0035036758,0.0058021806,0.017110948,0.003418609,0.0017866662,0.0009103127
-1.9868215e-11,0.004556146,0.0035662265,0.0057632397,0.022795718,0.0035161062,0.0011556442,0.0009018135
-1.0728836e-10,0.004197137,0.0033732143,0.0058021806,0.016884668,0.0026912305,0.0013536034,0.0006566422
1.0331472e-10,0.005623943,0.0044788555,0.007554517,0.037309837,0.005809224,0.0012312407,0.0009667352
-3.973643e-11,0.0045718867,0.0034353205,0.005344626,0.021942848,0.0031116249,0.0011194521,0.00059624383
1.5894572e-11,0.005017803,0.0038775124,0.0062305294,0.015897347,0.004116951,0.0015848047,0.00077855214
-5.9604643e-12,0.0049040145,0.0038189352,0.0062305294,0.025026836,0.005306163,0.0010385587,0.00068078906
-2.3841857e-11,0.0050662616,0.00407031,0.007009346,0.024278725,0.0021592232,0.0010150406,0.0007244275
1.192093e-10,0.0049046045,0.0038733974,0.0064641745,0.020046527,0.0043952763,0.0009598237,0.0008306073
-4.7683715e-11,0.0050634476,0.004029599,0.006697819,0.023648776,0.0044586356,0.0015180012,0.001097124
3.973643e-12,0.005346538,0.0043086326,0.007437695,0.030171337,0.0027727024,0.0008459772,0.000494061
3.576279e-11,0.0052274447,0.004151436,0.0069801398,0.027568754,0.0023343994,0.0012835902,0.00091067073
-4.3710074e-11,0.0051532155,0.004070787,0.006814642,0.022798752,0.002684023,0.0010566253,0.000736798
3.1789144e-11,0.005814186,0.0045931633,0.007827102,0.03419427,0.0031993592,0.0007457453,0.00052725984
1.470248e-10,0.0061021606,0.004729105,0.007554517,0.03950097,0.003660395,0.0010998306,0.00051376683
1.5894572e-11,0.0051590186,0.004040733,0.0066199377,0.022056999,0.002891363,0.0011459541,0.0005415306
1.5894572e-11,0.0054053217,0.0042307763,0.0070093456,0.023676183,0.0037374233,0.0007950193,0.0005103483
-5.5631003e-11,0.005601269,0.0043376586,0.0068925237,0.027565934,0.0030000007,0.0008351028,0.0006026553
1.0331472e-10,0.005689428,0.00443286,0.0072819316,0.0241322,0.0031711839,0.0011015707,0.0005063446
7.947286e-12,0.0061699213,0.0048111468,0.0077978973,0.036911316,0.0024504545,0.0010899893,0.0004939741
-7.152558e-11,0.0057445406,0.0046327687,0.007992601,0.03146262,0.0036546711,0.0010758638,0.0005993745
2.7815502e-11,0.0059885127,0.0048237448,0.008294392,0.035306606,0.003878994,0.0010893991,0.0005279821
3.1789144e-11,0.0064536585,0.0050420235,0.00817757,0.03600103,0.0036115667,0.00089648063,0.00054273667
7.947286e-11,0.0068272566,0.005218363,0.008372273,0.043453805,0.004114342,0.0012610977,0.0006238077
-7.947286e-12,0.005861496,0.0045607258,0.007320872,0.041365568,0.0037795105,0.0008197246,0.0004972921
-6.357829e-11,0.0058181477,0.0046492484,0.008021807,0.032186076,0.0038801057,0.0007670609,0.00047907225
3.973643e-12,0.005294549,0.004239175,0.0072916667,0.041520637,0.0026647393,0.0008524101,0.0003965791
7.152558e-11,0.006155626,0.0047702524,0.007982866,0.053788405,0.0038299118,0.0009750949,0.0004665818
-9.536743e-11,0.0052886135,0.0041934657,0.007087228,0.028502813,0.003648496,0.00085519877,0.0005284697
2.7815502e-11,0.006484415,0.005070644,0.008372275,0.045607194,0.0031034334,0.0010697531,0.00047775317
-7.947286e-12,0.0061734966,0.0046836017,0.007437695,0.055902757,0.0028558234,0.00092121295,0.00069201173
7.947286e-11,0.006281703,0.0050239633,0.008566978,0.049353253,0.0028021033,0.00094664376,0.0006711501
1.5099844e-10,0.007252326,0.0055949045,0.00915109,0.05508384,0.0038260124,0.00086203124,0.0004941898
1.1920929e-11,0.0058546104,0.0045808787,0.007749221,0.035470627,0.0026839909,0.00088298926,0.00042834575
5.5631003e-11,0.005669908,0.0044919034,0.0072429907,0.035658292,0.0036739456,0.0009514601,0.00062720093
-7.947286e-11,0.0067887367,0.0053098877,0.008528037,0.053071942,0.0036037231,0.00077111874,0.0004093855
1.5894572e-11,0.0056080655,0.0044841524,0.007515576,0.029576784,0.0034063195,0.0008050016,0.0005121399
8.742015e-11,0.005732763,0.004561593,0.0077102804,0.022018237,0.0030043856,0.0008054529,0.00046717262
8.34465e-11,0.0058130734,0.0046638865,0.008138629,0.036209513,0.0033991125,0.00092916825,0.0005260264
1.5894572e-11,0.0055162883,0.0043051606,0.0069704046,0.037788894,0.0043120715,0.00085524877,0.0004202903
-1.5894572e-11,0.0053057503,0.004044741,0.0065128505,0.03203,0.0025458494,0.0006827321,0.00039445882
4.7683715e-11,0.0051960303,0.004206491,0.007165109,0.023584815,0.0031828037,0.0011898907,0.0005029647
-1.5894572e-11,0.0057653757,0.0045024687,0.007048287,0.036416717,0.0031734495,0.0008450085,0.00056065875
-2.3841857e-11,0.0068437494,0.005154132,0.00813863,0.04409461,0.0030507075,0.0007768972,0.000441822
-7.947286e-12,0.0055927793,0.0044874563,0.0077102804,0.030770494,0.0028569333,0.001148638,0.0005525004
-5.5631003e-11,0.005737042,0.0044482537,0.0070482865,0.03436771,0.0027061824,0.00085277617,0.000567344
-3.1789144e-11,0.005953817,0.0047179796,0.007827103,0.039334998,0.0033878789,0.0010658472,0.0004654178
-3.973643e-11,0.00648897,0.0051468913,0.008722741,0.03968668,0.0035586127,0.00083577266,0.0004619169
9.536743e-11,0.006297064,0.0050158,0.008411216,0.035487067,0.0055888975,0.0011024876,0.00054141926
0.0,0.0054300786,0.004276179,0.0070872274,0.0355087,0.002820255,0.0010994069,0.0005381689
-7.152558e-11,0.005500645,0.004269291,0.006931464,0.03148333,0.0036642218,0.0007081498,0.00040083757
1.2318294e-10,0.005916006,0.0045590377,0.007242991,0.030137222,0.0034563506,0.0008694103,0.000467186
1.5894572e-11,0.005850767,0.004627819,0.007827103,0.036241602,0.0050505945,0.0008676875,0.00055512675
3.973643e-11,0.005533612,0.004485339,0.007749221,0.03174601,0.0027591963,0.0007006178,0.0003988929
-1.9868215e-11,0.005320994,0.0041046897,0.006580997,0.021112407,0.0034738833,0.0009911846,0.00050311926
-1.5894572e-11,0.005671705,0.004396849,0.0070872274,0.021321362,0.0035908713,0.0008967116,0.00061435817
-1.1126201e-10,0.0033382585,0.002615973,0.0042445483,0.009088555,0.001930409,0.0009990138,0.0005232283
-4.7683715e-11,0.0034668236,0.0027314948,0.0045560747,0.0069709793,0.001641072,0.0010051669,0.0008002633
-6.159147e-11,0.004282685,0.0029977392,0.00432243,0.00479724,0.0019163105,0.00082163006,0.00072966097
3.973643e-11,0.004176409,0.0028343368,0.00385514,0.0074795554,0.0028099755,0.003670353,0.0014938465
1.9868215e-11,0.0045386585,0.0032941604,0.0051401868,0.020939976,0.004264051,0.0013776115,0.0007138607
1.9868215e-12,0.0034835734,0.0028127884,0.004867601,0.0070410133,0.0026408432,0.0011477794,0.0005619082
2.3841857e-11,0.003581308,0.0028253368,0.0046047503,0.010350075,0.003191778,0.0015167871,0.0006524466
6.357829e-11,0.0032060512,0.0025332724,0.0042834887,0.0058390885,0.0032911524,0.0018168451,0.0007996234
3.576279e-11,0.0033201643,0.0026467561,0.0044392524,0.0089001125,0.003355713,0.0018578455,0.00073587673
3.576279e-11,0.0029998412,0.0023280426,0.0037383176,0.008081423,0.0020736367,0.001552488,0.00065677677
-7.947286e-12,0.003130655,0.0024230357,0.0038551402,0.005196332,0.0031709997,0.0008882746,0.00060927396
-7.947286e-12,0.0033325388,0.0026083414,0.0041666664,0.0072220047,0.0041125813,0.0015207381,0.0006460304
2.7815502e-11,0.0029771775,0.0023007244,0.0036604363,0.0065095914,0.0023790475,0.0009789901,0.0005301333
2.8808912e-11,0.0028691378,0.002174158,0.0033878505,0.003907353,0.0023814298,0.001021821,0.0006348417
3.1789144e-11,0.003527487,0.002742859,0.004517134,0.0063809957,0.0019312962,0.0011572622,0.0007333716
3.774961e-11,0.0028485148,0.0022007853,0.0035825544,0.0058914023,0.0018800943,0.001074038,0.0005509316
5.165736e-11,0.003660357,0.0029052037,0.004867601,0.0098593375,0.0024240974,0.0013293948,0.0007189303
2.3841857e-11,0.0033301956,0.0025941723,0.0042056073,0.0095769605,0.0028182934,0.0010840402,0.00062166154
1.1920929e-11,0.0028328872,0.002216194,0.0036214953,0.0040136646,0.0015896586,0.00081314734,0.0006447022
7.947286e-12,0.0034602396,0.0025691218,0.0039719627,0.008829401,0.0023458502,0.0044466513,0.00135015
-3.576279e-11,0.0033223182,0.0026228533,0.0042542834,0.0064566173,0.0041975486,0.0014753909,0.00091290777
0.0,0.003021606,0.0023935947,0.0039719627,0.0058146613,0.0022666238,0.0012040581,0.00066009205
1.9868215e-11,0.0025190567,0.0019719356,0.0032320872,0.0040049334,0.0023874794,0.00084841956,0.00047667048
-2.3841857e-11,0.002772704,0.0021777707,0.0035436137,0.006312683,0.0019793147,0.0009567166,0.0007955791
4.3710074e-11,0.0027131801,0.0021336647,0.003465732,0.0058736205,0.0031064467,0.0008743557,0.0006451964
-5.9604643e-12,0.002832746,0.002206399,0.003504673,0.0056794146,0.0024145127,0.0008853355,0.00057998154
2.3841857e-11,0.0064150547,0.0046307566,0.0066978196,0.006396461,0.0045560165,0.012609693,0.0026563844
3.973643e-11,0.0041819983,0.0032087204,0.005101246,0.003784713,0.0033785251,0.0057326616,0.0017057611
-3.973643e-12,0.0033085803,0.0025727274,0.0042056073,0.0037828572,0.0024114074,0.0020758975,0.0010467769
4.3710074e-11,0.0028817519,0.002253508,0.0036701714,0.002926692,0.0025212776,0.001833957,0.0008083496
-5.9604643e-12,0.0033513608,0.0025562155,0.004088785,0.0043168273,0.0033458234,0.0036838932,0.0012970674
1.5894572e-11,0.0034540482,0.0026385682,0.0042834887,0.005515845,0.0044797133,0.0032547126,0.0011554518
-1.5894572e-11,0.0042328318,0.002805678,0.003933022,0.00713267,0.0024046204,0.0009836295,0.0006575848
2.5431315e-10,0.0042213877,0.0037370943,0.006697819,0.002220661,0.0006307132,0.00052117836,0.00031245666
3.8146972e-10,0.0043453844,0.0038478442,0.008372274,0.007141353,0.0017637776,0.0009500827,0.0006093715
-2.582868e-11,0.0042164237,0.002893915,0.0043613706,0.03179596,0.0025367986,0.0013557023,0.0006918363
0.0,0.003581544,0.002792603,0.004478193,0.0070826113,0.0023025342,0.0014308749,0.0006894871
5.9604643e-12,0.003656406,0.002719578,0.0042056073,0.0063663474,0.0023433384,0.0011217783,0.0008113671
-7.947286e-12,0.0032571661,0.0025815328,0.004400312,0.007192496,0.0018851943,0.0011183675,0.000573565
-5.9604643e-12,0.0035547097,0.002666151,0.0042056073,0.008607465,0.0022800674,0.0010329086,0.0007257054
1.5894572e-11,0.004111674,0.0029230006,0.00432243,0.0143942945,0.0030142956,0.0023646997,0.000864484
-5.5631003e-11,0.003335923,0.002574499,0.004088785,0.008139587,0.0036777563,0.0016554721,0.0009984522
-1.9868215e-11,0.003739284,0.0028185768,0.0044781934,0.006839057,0.0011897094,0.0011583265,0.0006896834
-2.7815502e-11,0.0030728865,0.0024503637,0.0042445483,0.0087491395,0.002140387,0.0011224938,0.00070463144
0.0,0.004193287,0.0032810604,0.0054127723,0.017070463,0.004088348,0.002395225,0.0009976621
-4.3710074e-11,0.0034397074,0.0025625569,0.0038161995,0.009201268,0.002066827,0.0006744381,0.0005930653
0.0,0.0028321866,0.0021917012,0.003504673,0.0038255248,0.0019730765,0.0010648039,0.0006947649
2.3841857e-11,0.0027476223,0.002193724,0.003699377,0.0050593363,0.0016841121,0.0010012545,0.00069795497
-7.549922e-11,0.0025504562,0.002050769,0.0035046728,0.0054975324,0.0015816328,0.0007761016,0.0005453579
-7.152558e-11,0.0028725502,0.0022791482,0.0037772586,0.0058022873,0.0025186148,0.0012062622,0.00074310985
-7.947286e-12,0.003062991,0.002415599,0.004010903,0.006499518,0.0023057582,0.0015519157,0.0008593455
-5.960465e-11,0.003204028,0.002489515,0.0041666664,0.008620317,0.0024024306,0.001378172,0.00089238316
-4.172325e-11,0.0028596178,0.0022597273,0.0037383176,0.007215261,0.0020060705,0.0009773176,0.00062096847
-2.3841857e-11,0.0026209818,0.002081816,0.0035436137,0.0047511933,0.0014477739,0.0010147854,0.00070783944
-3.1789144e-11,0.0031015521,0.002434137,0.003933022,0.006862203,0.0019593171,0.0011946661,0.00066207675
-1.9868215e-11,0.0028510382,0.002233804,0.003699377,0.0029282635,0.0014775699,0.0020656984,0.00090829656
-1.8874804e-11,0.0025257599,0.002003403,0.0033878505,0.005202408,0.0013238941,0.0021847582,0.00095303764
3.973643e-12,0.0027252177,0.0021610858,0.003660436,0.004570748,0.0020199048,0.00091124815,0.00070432865
0.0,0.0029579962,0.0023239704,0.0038161993,0.005182226,0.0017278421,0.001135103,0.00051630964
3.973643e-12,0.0026874845,0.0021255973,0.0035436137,0.004670113,0.0017657661,0.0006467331,0.00051160064
-2.3841857e-11,0.0028677133,0.0022623052,0.0037383176,0.003228318,0.0019904266,0.002445182,0.0007808845
3.973643e-11,0.0030112972,0.0023443946,0.0038551402,0.004188889,0.002388485,0.0009311663,0.0006118778
3.973643e-12,0.002987964,0.0022756674,0.0036604363,0.0055536376,0.001737302,0.00072586874,0.000949646
1.5894572e-11,0.0027276787,0.0021777882,0.003699377,0.00427858,0.002230569,0.0010481367,0.0006100556
1.5894572e-11,0.0027652315,0.0021962756,0.0036993767,0.0045013432,0.0019171034,0.00082617725,0.00060313824
3.973643e-11,0.002963252,0.0023440456,0.0038940809,0.0051707826,0.0019436522,0.000868425,0.0005555579
-3.576279e-11,0.002965416,0.0023668404,0.004059579,0.005444313,0.0017141275,0.0011351128,0.00054868136
3.973643e-12,0.0025697548,0.0020021843,0.0033099689,0.0072524617,0.0023771776,0.0011083641,0.0005315074
-1.1920929e-11,0.0023483755,0.0018545164,0.003076324,0.0027169979,0.0012648858,0.0009488119,0.0009192223
-9.934107e-12,0.0023092427,0.0018156525,0.0029984424,0.0035156268,0.001462757,0.001353066,0.0007520464
1.9868215e-11,0.002551603,0.0020073752,0.0033489098,0.004187617,0.0021343539,0.0007804082,0.00072139566
7.947286e-12,0.0041876193,0.003247374,0.0051401868,0.003569699,0.0033312796,0.025453987,0.0027465215
1.9073486e-10,0.013057028,0.0073039606,0.0073208725,0.073557205,0.0074371207,0.017545793,0.041289743
3.973643e-12,0.0031027154,0.002368629,0.0038161995,0.0026288808,0.0038135028,0.0067360476,0.0018049096
1.9868215e-11,0.003279805,0.002519477,0.0040109036,0.003551579,0.0027024345,0.0017363727,0.0013109745
3.576279e-11,0.0031677308,0.002478674,0.004049844,0.0032155162,0.0027816177,0.0027932848,0.0013649294
3.1789144e-11,0.003874768,0.0028983485,0.00432243,0.008884673,0.0049648155,0.0064644716,0.0017004153
1.1920929e-11,0.0044689802,0.0034002278,0.005218068,0.013840938,0.0045957286,0.0068656746,0.0013362402
-7.947286e-11,0.0038753287,0.002875388,0.004478193,0.012455951,0.003003045,0.0016490739,0.0009659697
3.1789144e-11,0.004134872,0.0030495601,0.004400311,0.0029631546,0.007353952,0.016041182,0.0019168498
-1.5894572e-11,0.0030859204,0.0023685766,0.0038551404,0.0060028685,0.002288338,0.0010491561,0.000758961
-2.3841857e-11,0.0051829345,0.0040266565,0.0065420563,0.0030792211,0.0064282636,0.021440962,0.0028829991
-1.9868215e-11,0.003192447,0.002346631,0.003621495,0.0047586123,0.0015902148,0.000870308,0.0006561636
-2.7815502e-11,0.0042180475,0.0031168687,0.00478972,0.00945381,0.0021529368,0.0008237599,0.00081002497
4.3710074e-11,0.0040927986,0.003099381,0.0047897194,0.0025329534,0.004415487,0.010750658,0.0019871818
2.7815502e-11,0.0031808168,0.002484484,0.004088785,0.007171286,0.0019175381,0.0011856565,0.00062282174
-7.152558e-11,0.004657212,0.0036066193,0.0057729753,0.0047822595,0.0064631863,0.017351208,0.0025873717
-3.973643e-12,0.003261616,0.0024854192,0.003933022,0.0023751028,0.0017901809,0.003433525,0.00083786
3.973643e-11,0.0036244523,0.0027745962,0.0043224297,0.014261785,0.0024632101,0.0009576927,0.0008070393
0.0,0.0049419794,0.0038674078,0.0062694703,0.0023677098,0.005019002,0.029310266,0.0027606785
-7.947286e-12,0.0029540271,0.0022473154,0.0035825544,0.0038278764,0.0036147877,0.00394477,0.0011000086
-3.973643e-11,0.003393825,0.002385131,0.003660436,0.007188505,0.0018933248,0.00087516435,0.0006976797
-7.947286e-12,0.0045477753,0.0034844081,0.0056464174,0.0026524593,0.0031461827,0.017250204,0.0020481802
3.973643e-11,0.0038601828,0.0028536331,0.00432243,0.020894714,0.0039409637,0.0015967767,0.0011795043
2.1855037e-11,0.0033724639,0.002630636,0.0043613706,0.0075850557,0.0021137146,0.0009568029,0.0008498532
-3.1789144e-11,0.0055218427,0.0044273464,0.007554517,0.0022971712,0.007372679,0.03939923,0.003701306
7.947286e-12,0.0027820047,0.0021672572,0.0035046728,0.0022305518,0.0019009378,0.0023853066,0.0013074707
3.1789144e-11,0.004193191,0.003124714,0.00478972,0.01521336,0.003127731,0.0019128217,0.0009588149
-2.3841857e-11,0.0041333945,0.0031326802,0.004906542,0.004998819,0.0022199287,0.002903437,0.0009239835
1.1920929e-11,0.0033293145,0.0026373034,0.0043613706,0.0064833937,0.002010011,0.0006406712,0.0007954569
1.2715658e-10,0.005530161,0.00436847,0.0073208725,0.00338518,0.0050272616,0.028356958,0.0029374063
1.9868215e-11,0.0029050934,0.002247681,0.0036214953,0.0048076953,0.0015730873,0.00067712454,0.0006511428
-7.152558e-11,0.0046362826,0.0036130922,0.0058021806,0.009656415,0.004288997,0.007967132,0.0016896361
-1.5894572e-11,0.003231177,0.002467504,0.003816199,0.0038323083,0.0017814566,0.0008224843,0.0005918364
0.0,0.004035222,0.0030345586,0.004672897,0.010995911,0.002691693,0.000862238,0.0010917336
-5.7617824e-11,0.0041206134,0.0031683818,0.0049844235,0.0041402685,0.006387211,0.009979474,0.0017127148
1.9868215e-11,0.0033038585,0.0026279017,0.0044392524,0.0062196297,0.0024363066,0.0008219458,0.0007065495
-6.357829e-11,0.005972365,0.0047181905,0.007642134,0.017535295,0.0066337395,0.025003308,0.0029313841
0.0,0.0037985796,0.0027702302,0.0042834887,0.013525231,0.002263668,0.0011111654,0.00065491145
-1.5894572e-11,0.0038553057,0.0029604742,0.004750779,0.013430587,0.0024788892,0.0007416673,0.00069534837
-2.7815502e-11,0.004887683,0.0038125701,0.006191589,0.0017199854,0.0059822756,0.02581492,0.0025642258
-5.5631003e-11,0.0037377113,0.0028430973,0.0045171343,0.01166848,0.0021491651,0.00085463247,0.0006618693
1.9868215e-11,0.0062910807,0.0046556336,0.0073208725,0.02265334,0.0036550455,0.007826195,0.004239108
-2.3841857e-11,0.0036598525,0.0027459401,0.0042153425,0.0027899165,0.0024615368,0.0046306024,0.0011246614
6.357829e-11,0.0038089233,0.0028772252,0.0043224297,0.007925761,0.002031699,0.00083032757,0.0008303401
4.7683715e-11,0.0032954519,0.0025733006,0.0042056073,0.0058417674,0.0020502466,0.0012483371,0.0006984296
5.960465e-11,0.003038833,0.0024145818,0.0040109036,0.006168107,0.0024168496,0.0006381687,0.00069707667
2.3841857e-11,0.0048520807,0.0036786092,0.005568536,0.0026630189,0.0053186584,0.025539022,0.0025340102
-2.3841857e-11,0.0032740168,0.0025945879,0.0043613706,0.0086704325,0.0022070445,0.0011192617,0.00066094246
7.947286e-12,0.004007061,0.0030807108,0.004906542,0.0075970124,0.006418465,0.0075526293,0.0027093
3.1789144e-11,0.0034292657,0.0026376506,0.0042056073,0.006474725,0.0015144927,0.0008465992,0.0007988428
-3.973643e-12,0.004383306,0.0033120026,0.0049844235,0.01358429,0.0020271097,0.0009918921,0.000791408
-1.5894572e-11,0.004077514,0.0030851308,0.0047897194,0.004158608,0.0031872895,0.0063244896,0.0017945595
9.536743e-11,0.0038833139,0.0031414824,0.005257009,0.0066632177,0.0012808393,0.00054332375,0.0005123923
1.2715658e-10,0.0050224727,0.004285665,0.008722741,0.012184912,0.0035430698,0.008108263,0.001911531
8.9009605e-10,0.0022874153,0.0017031438,0.00035046693,4.5740268e-05,1.570017e-05,7.1873164e-06,5.913843e-06
4.0878853e-10,4.5010616e-05,2.1177466e-05,3.894139e-05,1.108959e-07,1.5435522e-07,6.123778e-08,3.186602e-07
4.768372e-10,0.0025383432,0.0010087235,0.00042834878,0.011953944,0.00030589526,0.0006612306,0.0005635146
-3.5464764e-10,0.00065515656,0.00047820483,0.0006619934,0.00027824703,8.2163235e-05,3.849556e-05,4.3055454e-05
3.774961e-10,0.0008449651,0.0006218376,0.0008956385,0.00035835966,0.00016435442,0.00015213578,0.00015273584
8.742015e-11,0.0010962012,0.0008327403,0.0012461054,0.0006997551,0.00017217259,8.7142245e-05,6.6037246e-05
-1.6291936e-10,0.0012417869,0.0009385807,0.0014018691,0.0008902263,0.0002919687,0.0006191589,0.00020129238
-1.1126201e-10,0.0008968965,0.0005725332,0.00071067037,0.00024466612,8.4652136e-05,3.527457e-05,3.5614772e-05
1.6291936e-10,0.0011353391,0.000848521,0.0012461054,0.0012001642,0.0003561215,0.0002035067,0.00014890042
9.934107e-12,0.00069075753,0.00051157625,0.0007788162,0.00027114348,8.767032e-05,4.0706185e-05,2.9991703e-05
-1.9073486e-10,0.0012140033,0.0008549407,0.001129284,0.0009924218,0.0001868109,0.0001159886,7.044438e-05
9.536743e-11,0.0011054237,0.00079536834,0.0011292836,0.0006045281,0.00021913763,0.000193119,0.0001617137
-1.66893e-10,0.0012560192,0.0009151527,0.0012461059,0.001033714,0.000189303,0.00010090299,5.7903737e-05
4.6690304e-11,0.000989172,0.0007258525,0.0010514022,0.00038594275,0.0001462117,0.0001424373,9.4871044e-05
-1.4305115e-10,0.00086108537,0.0006409698,0.0009345794,0.0007153216,0.00016947111,5.818664e-05,5.2719337e-05
1.3510386e-10,0.0016030848,0.0012571461,0.002024922,0.0007435677,0.0002265173,0.0005965993,0.0001888277
-3.8146972e-10,0.0013183466,0.0010502059,0.0017523365,0.0005469206,0.00023374557,0.00015689562,0.00010176566
-3.0994415e-10,0.0012666583,0.0009451115,0.0014018696,0.0011476759,0.00038912075,0.00028331956,0.00015169506
3.0199687e-10,0.00091675646,0.0007463,0.0013239877,0.00051375385,0.00022895781,9.2937415e-05,7.207473e-05
-3.1789144e-11,0.004902803,0.00395722,0.007087228,0.015160482,0.0024542771,0.0015064176,0.00089448487
-1.5894572e-11,0.0038399962,0.0029620857,0.004750779,0.007777384,0.0043017347,0.004271937,0.0011721445
-2.3841857e-11,0.0032899538,0.0025486476,0.0042056073,0.009770109,0.001611784,0.0007117026,0.00055313046
-5.960465e-11,0.004849184,0.0037978915,0.00623053,0.009751252,0.0027628967,0.008212451,0.0017670407
8.543333e-11,0.0036459586,0.0027293558,0.0042056073,0.007351588,0.0023954709,0.0020201702,0.00080130924
-3.973643e-11,0.0040426655,0.0030300773,0.004672897,0.013439584,0.0027997682,0.0028177255,0.001225262
1.5894572e-11,0.0037134902,0.0028470347,0.004517134,0.0054745027,0.0031103636,0.0037443384,0.0009199693
3.1789144e-11,0.003939605,0.0030209713,0.004750779,0.012418994,0.0026245832,0.0007832456,0.00063378876
-5.7617824e-11,0.0045760684,0.0035513686,0.0056853583,0.0035498913,0.0051334067,0.01781913,0.0017257448
-4.5696894e-11,0.003774197,0.0028433497,0.0044392524,0.004200455,0.0026742334,0.0029471265,0.0008930603
4.172325e-11,0.004235708,0.0029891587,0.0042834887,0.012897447,0.0023476302,0.000760652,0.00071940804
-3.973643e-11,0.0038762153,0.0030241942,0.004945483,0.005003393,0.004085454,0.0028093983,0.002189534
5.5631003e-11,0.0036043231,0.00271542,0.0041666664,0.007902705,0.0015489184,0.0006357942,0.00065596704
7.947286e-12,0.0045437454,0.0035304409,0.005568536,0.002798856,0.003407447,0.020899268,0.0019971149
2.3841857e-11,0.0033900447,0.0025438608,0.004049844,0.007952081,0.002504646,0.0009684625,0.00059670774
3.973643e-11,0.0037811657,0.0028921783,0.0045560747,0.015007358,0.0026052198,0.004097612,0.0017024956
0.0,0.0031848538,0.0024919475,0.004088785,0.0060449624,0.0017525969,0.0017256462,0.00069352053
9.934108e-13,0.0038717974,0.0029884165,0.0047897194,0.010684954,0.0027036448,0.004412746,0.0014343384
2.1855037e-11,0.0031534613,0.002476523,0.004088785,0.0065918597,0.0019317811,0.0005596618,0.0006354181
0.0,0.004018509,0.0031560038,0.0052570095,0.0105919745,0.0017522242,0.0018301903,0.00074539246
1.1920929e-11,0.0033740918,0.0026594966,0.0044003115,0.009721326,0.0015224022,0.00070977316,0.0006320791
-1.1920929e-11,0.0038044765,0.0029628968,0.0047897194,0.012248654,0.0019759748,0.001325253,0.000695379
-1.9868215e-11,0.0039781467,0.0030037847,0.004711838,0.0070878332,0.0026247264,0.0025511892,0.0012452678
-9.536743e-11,0.0035611198,0.0027447224,0.004400311,0.014645419,0.0036665734,0.0007195377,0.00075596466
-7.549922e-11,0.004796188,0.003645763,0.0058021806,0.015580019,0.00562722,0.015361398,0.0025206844
3.973643e-12,0.0042340485,0.0030767177,0.004633956,0.011449074,0.0020670344,0.00063788355,0.0006416905
-3.1789144e-11,0.004467255,0.0035391103,0.0058800625,0.023205195,0.0024762377,0.0029676964,0.0010688538
1.5894572e-11,0.0034622392,0.0026294058,0.004127726,0.010714446,0.0020393834,0.00095195364,0.0006954034
1.1920929e-11,0.004649975,0.00351386,0.0055101244,0.021194236,0.0041244635,0.0043479027,0.0013309987
6.755193e-11,0.003511424,0.0027714223,0.004672897,0.010833989,0.0021874162,0.00086405996,0.00063482055
1.5894572e-11,0.0045594075,0.003503061,0.0057632397,0.018945033,0.0037560768,0.002386307,0.001213781
2.3841857e-11,0.00355057,0.0027255935,0.0042834887,0.0072061103,0.0031138128,0.005414624,0.0012045531
3.973643e-11,0.004669091,0.003516573,0.0054127723,0.034840576,0.004170709,0.0038688497,0.0015602229
-1.5894572e-11,0.003773619,0.0028028972,0.004205608,0.010075172,0.0019737328,0.0011247243,0.0007727582
-3.973643e-11,0.0036464417,0.0028522762,0.004711838,0.011372249,0.0017072594,0.00074175256,0.00074357964
-7.947286e-12,0.00509546,0.0038113429,0.0058021806,0.011852534,0.0021989488,0.0011968691,0.00085632474
2.582868e-11,0.0036398051,0.0027890252,0.0042445483,0.0054894336,0.002272509,0.0010330115,0.0005946287
3.1789144e-11,0.003579052,0.002820983,0.004595015,0.012468146,0.0021605368,0.0009644695,0.0007707609
3.973643e-12,0.004505599,0.0034874605,0.005490654,0.012113323,0.006163924,0.0069736373,0.0018816591
2.7815502e-11,0.0031032746,0.0023983927,0.00385514,0.0066757333,0.0020098528,0.00084063987,0.0006396113
-3.1789144e-11,0.0045059742,0.0035280269,0.0057632397,0.011283538,0.004407489,0.008088181,0.002670208
-1.1920929e-11,0.00356249,0.0027925821,0.004478193,0.01175915,0.00211452,0.0008841019,0.0007666932
4.7683715e-11,0.004539153,0.0035438326,0.00576324,0.0160688,0.0035526503,0.0066666333,0.001468928
1.1920929e-11,0.0032661206,0.002491105,0.0039719623,0.010427871,0.0029093758,0.0011343395,0.00073680276
1.9868215e-11,0.003909964,0.0030997482,0.0050720405,0.012658,0.002221223,0.0011203036,0.0007734376
2.3841857e-11,0.0045905225,0.0035960218,0.0058411215,0.005306142,0.0058102855,0.013703303,0.0021061597
0.0,0.0073714317,0.0043559326,0.005373832,0.004127712,0.0033895848,0.0064279307,0.0028356584
3.576279e-11,0.004033237,0.0030959942,0.004867601,0.008839989,0.0036199659,0.0056076553,0.0014847957
1.9868215e-11,0.0040524183,0.0029291748,0.0042542834,0.012806844,0.002351331,0.0014980589,0.00067474006
9.139379e-11,0.004399364,0.003440175,0.0056464174,0.010184656,0.005630582,0.0023834493,0.0015562044
-1.1920929e-11,0.0036003878,0.002845168,0.004750779,0.011348085,0.002483974,0.00088100386,0.0009058225
-9.139379e-11,0.0039723455,0.003044969,0.0048286603,0.011362751,0.003996708,0.0074355206,0.0024374565
-7.549922e-11,0.0032455097,0.00256531,0.0043613706,0.009758193,0.0018456914,0.0012303662,0.0005416682
7.947286e-12,0.0048405696,0.0038272226,0.0063084112,0.015205709,0.0026220772,0.006635505,0.002435515
1.5894572e-11,0.0033476367,0.0026352326,0.004400311,0.0061103497,0.0020790608,0.0012830845,0.0005951491
-1.1920929e-11,0.0042618387,0.0032453353,0.0051791277,0.012782029,0.001835991,0.00085568737,0.0008781602
-9.934107e-12,0.0036134394,0.0028312914,0.004672897,0.00876128,0.0022157864,0.001592307,0.0007449142
-5.5631003e-11,0.0035961994,0.0027590846,0.0044392524,0.009162438,0.0020405687,0.001105726,0.00070424867
-7.947286e-12,0.0036628882,0.0027494198,0.0042056073,0.0052767727,0.0045125103,0.0029309806,0.0013197262
-7.947286e-12,0.0030616417,0.0023833455,0.0038551402,0.007751453,0.0023565167,0.0020248224,0.0009254278
2.3841857e-11,0.0044699702,0.0033551692,0.005140187,0.014833395,0.0031241488,0.003396889,0.002053992
-1.7881394e-11,0.0030156788,0.002391001,0.004010903,0.005312528,0.002277712,0.00085806556,0.00074568536
-3.973643e-11,0.004942482,0.003742456,0.005841121,0.008097443,0.0046144654,0.014313112,0.0023724986
-1.5894572e-11,0.0035837418,0.0027435292,0.0043224297,0.0068851477,0.0015302686,0.0017428366,0.0006466404
-4.7683715e-11,0.003995547,0.0030650967,0.004867601,0.01300094,0.0026788414,0.0020539006,0.0010380266
0.0,0.0032991655,0.002557008,0.004127726,0.0069549745,0.0016210459,0.0008458157,0.0005986801
9.139379e-11,0.003941292,0.0030105736,0.0047897194,0.009201749,0.0016643706,0.002162695,0.0007134008
9.636084e-11,0.004145474,0.003094599,0.004750779,0.0077476134,0.004705836,0.0026295562,0.0014799056
-6.9538754e-12,0.0035600336,0.0027035186,0.0042445483,0.011278967,0.0027239793,0.0010358484,0.0006289598
7.947286e-12,0.0043433374,0.0033517499,0.005451713,0.009694349,0.0069997148,0.008370122,0.0020687396
6.556511e-11,0.0034372667,0.0026424518,0.004127726,0.009382353,0.0023278517,0.0011992276,0.00074836705
4.7683715e-11,0.004832664,0.0037661719,0.0062305294,0.021878593,0.005068635,0.0075512864,0.0024245686
-7.947286e-12,0.0034789508,0.0026937958,0.004400311,0.009744742,0.0023411345,0.0022554672,0.0006907584
-2.3841857e-11,0.004474784,0.003386072,0.0052570095,0.010683302,0.002812002,0.0017053533,0.0009238967
7.947286e-12,0.0031936557,0.0024834294,0.004049844,0.005371487,0.002087287,0.0011251861,0.0006199622
-3.1789144e-11,0.0041861604,0.0032272583,0.0051791277,0.012354407,0.0015164944,0.0009597194,0.00065326254
1.2715658e-10,0.0045599164,0.0034432705,0.0052180686,0.012385694,0.00407733,0.0015482944,0.0013537216
1.5894572e-11,0.0032047716,0.002475844,0.004049844,0.007826861,0.002111873,0.0010064091,0.00080497004
-5.165736e-11,0.0044209836,0.0034566172,0.0056074765,0.009445035,0.004597191,0.009425587,0.002509692
5.5631003e-11,0.003626748,0.00278815,0.004478193,0.011142145,0.0020620308,0.001488927,0.0008546109
-3.973643e-11,0.0050333203,0.00385723,0.006113707,0.019538911,0.0034082895,0.0059635784,0.001730027
2.7815502e-11,0.004090227,0.0031712158,0.005101246,0.0033136543,0.004069299,0.017377203,0.0016242589
3.576279e-11,0.003985913,0.0030359395,0.0047897194,0.014779431,0.0025991197,0.0008939232,0.0008950311
-1.5894572e-10,0.0123356795,0.0076273945,0.009345794,0.052069295,0.0015362384,0.006803452,0.007190159
1.5894572e-11,0.005378771,0.003936535,0.005724299,0.017650962,0.001377592,0.0029602968,0.003377148
-7.152558e-11,0.005405476,0.0042561204,0.007165109,0.012393781,0.0027006892,0.016149139,0.0022176171
-4.7683715e-11,0.007271627,0.005074356,0.0071261683,0.021454787,0.0018446204,0.0060524526,0.0047005895
5.364418e-11,0.0038213346,0.0029512339,0.004672897,0.012263203,0.0014517792,0.002046673,0.0013959658
1.0331472e-10,0.0062047816,0.004420749,0.0060358252,0.020488298,0.0017529252,0.00527753,0.0032215721
-6.755193e-11,0.005183162,0.0040930756,0.006814642,0.0055944896,0.0034415245,0.023571555,0.0025176865
-5.165736e-11,0.004734963,0.0036757325,0.0058800625,0.004348456,0.0037431153,0.016014183,0.0021212047
2.3841857e-11,0.004807797,0.0037793624,0.0062305294,0.011802717,0.0023357805,0.0061895186,0.002101177
5.5631003e-11,0.004983422,0.003700033,0.0055685355,0.011091284,0.0019350762,0.007477269,0.0021320533
3.576279e-11,0.005107008,0.0038182398,0.0058508567,0.020899536,0.0017168444,0.005435684,0.0029111789
4.7683715e-11,0.0054622227,0.004259431,0.0070482865,0.013080221,0.0012972214,0.0042790244,0.003191874
0.0,0.0085403025,0.00624035,0.009345794,0.013877945,0.0025263762,0.006880479,0.0067853495
-3.1789144e-11,0.00527197,0.0038787716,0.0057632397,0.011276653,0.0017590689,0.0054836543,0.0027948422
7.947286e-11,0.004816221,0.0035794708,0.00529595,0.011231409,0.0013092685,0.0025429765,0.00174806
