record,start_s,end_s,stage,label_2class,EEG_stage,EEG_conf,Sleep_detect,Sleep_W_prob,Final_stage,RuleApplied
slp01a,0.004,30.004,4,Sleep,N3,0.9966666666666667,Sleep,0.3070715089163681,N3,0
slp01a,30.0,60.0,4,Sleep,N3,0.92,Sleep,0.3506398957759211,N3,0
slp01a,60.0,90.0,4,Sleep,N3,0.9566666666666667,Sleep,0.3185068745729184,N3,0
slp01a,90.0,120.0,4,Sleep,N3,0.9733333333333334,W,0.5846316705307862,N3,0
slp01a,120.0,150.0,4,Sleep,N3,1.0,W,0.7089567929395147,N3,0
slp01a,150.0,180.0,4,Sleep,N3,0.9966666666666667,Sleep,0.31543348493991935,N3,0
slp01a,180.0,210.0,4,Sleep,N3,0.9833333333333333,Sleep,0.4096137042168245,N3,0
slp01a,210.0,240.0,4,Sleep,N3,0.9933333333333333,Sleep,0.39213400022124517,N3,0
slp01a,240.0,270.0,4,Sleep,N3,0.9833333333333333,W,0.6103288405090134,N3,0
slp01a,270.0,300.0,4,Sleep,N3,1.0,W,0.659395079292454,N3,0
slp01a,300.0,330.0,4,Sleep,N3,0.9133333333333333,Sleep,0.3327750518007662,N3,0
slp01a,330.0,360.0,4,Sleep,N3,0.85,W,0.5542157231816514,N3,0
slp01a,360.0,390.0,3,Sleep,N3,0.75,Sleep,0.3047680570309495,N3,0
slp01a,390.0,420.0,3,Sleep,N3,0.7866666666666666,Sleep,0.24999011583973166,N3,0
slp01a,420.0,450.0,3,Sleep,N3,0.6566666666666666,Sleep,0.2444112729592428,N3,0
slp01a,450.0,480.0,2,Sleep,2,0.9733333333333334,W,0.7151069188416876,2,0
slp01a,480.0,510.0,2,Sleep,2,0.92,Sleep,0.24286467542824391,2,0
slp01a,510.0,540.0,2,Sleep,2,0.9366666666666666,Sleep,0.23428925766100206,2,0
slp01a,540.0,570.0,3,Sleep,N3,0.9666666666666667,Sleep,0.27562522597064737,N3,0
slp01a,570.0,600.0,3,Sleep,N3,0.7333333333333333,Sleep,0.34369323554861697,N3,0
slp01a,600.0,630.0,3,Sleep,N3,0.7533333333333333,Sleep,0.2400281223218692,N3,0
slp01a,630.0,660.0,3,Sleep,N3,0.96,W,0.59954800638102,N3,0
slp01a,660.0,690.0,3,Sleep,N3,0.9233333333333333,Sleep,0.2832200834353018,N3,0
slp01a,690.0,720.0,3,Sleep,N3,0.9766666666666667,W,0.6711741305222864,N3,0
slp01a,720.0,750.0,3,Sleep,N3,1.0,W,0.6449830077581686,N3,0
slp01a,750.0,780.0,3,Sleep,N3,0.99,Sleep,0.35755720690506215,N3,0
slp01a,780.0,810.0,3,Sleep,N3,0.9966666666666667,W,0.6194009965378345,N3,0
slp01a,810.0,840.0,3,Sleep,N3,0.8333333333333334,W,0.768286771446886,N3,0
slp01a,840.0,870.0,3,Sleep,N3,0.97,W,0.7405203021802212,N3,0
slp01a,870.0,900.0,4,Sleep,N3,0.9966666666666667,Sleep,0.2982076481357351,N3,0
slp01a,900.0,930.0,4,Sleep,N3,1.0,W,0.5736439739398254,N3,0
slp01a,930.0,960.0,4,Sleep,N3,1.0,Sleep,0.3037252989648892,N3,0
slp01a,960.0,990.0,4,Sleep,N3,0.9966666666666667,W,0.5078829447860869,N3,0
slp01a,990.0,1020.0,4,Sleep,N3,1.0,W,0.6590085178322401,N3,0
slp01a,1020.0,1050.0,4,Sleep,N3,1.0,W,0.5767555637087978,N3,0
slp01a,1050.0,1080.0,4,Sleep,N3,0.9966666666666667,W,0.618674692142249,N3,0
slp01a,1080.0,1110.0,4,Sleep,N3,0.9333333333333333,W,0.54744129346557,N3,0
slp01a,1110.0,1140.0,4,Sleep,N3,1.0,Sleep,0.36785606209843597,N3,0
slp01a,1140.0,1170.0,4,Sleep,N3,1.0,Sleep,0.3423595092929916,N3,0
slp01a,1170.0,1200.0,3,Sleep,N3,0.97,Sleep,0.4796308453017625,N3,0
slp01a,1200.0,1230.0,3,Sleep,N3,0.62,W,0.7022824857920609,N3,0
slp01a,1230.0,1260.0,3,Sleep,N3,0.9633333333333334,W,0.7689839763498397,N3,0
slp01a,1260.0,1290.0,3,Sleep,N3,0.7066666666666667,Sleep,0.3445516775048901,N3,0
slp01a,1290.0,1320.0,2,Sleep,2,0.8633333333333333,Sleep,0.38869257155091486,2,0
slp01a,1320.0,1350.0,3,Sleep,N3,0.9033333333333333,W,0.696641380689252,N3,0
slp01a,1350.0,1380.0,2,Sleep,2,0.8533333333333334,W,0.6213480704681505,2,0
slp01a,1380.0,1410.0,2,Sleep,2,0.9266666666666666,W,0.6454849839977472,2,0
slp01a,1410.0,1440.0,2,Sleep,2,0.92,W,0.5938445576234677,2,0
slp01a,1440.0,1470.0,2,Sleep,2,0.9533333333333334,Sleep,0.35084400067562094,2,0
slp01a,1470.0,1500.0,2,Sleep,2,0.9066666666666666,Sleep,0.4915589357939831,2,0
slp01a,1500.0,1530.0,2,Sleep,2,0.94,Sleep,0.35612818437532134,2,0
slp01a,1530.0,1560.0,2,Sleep,2,0.81,Sleep,0.3410118075647699,2,0
slp01a,1560.0,1590.0,2,Sleep,2,0.7566666666666667,W,0.7422811885707096,2,0
slp01a,1590.0,1620.0,2,Sleep,2,0.9266666666666666,W,0.789033372206887,2,0
slp01a,1620.0,1650.0,2,Sleep,2,0.97,Sleep,0.4232035812705361,2,0
slp01a,1650.0,1680.0,2,Sleep,2,0.8666666666666667,Sleep,0.37030718496245646,2,0
slp01a,1680.0,1710.0,2,Sleep,2,0.9733333333333334,Sleep,0.3525640120218103,2,0
slp01a,1710.0,1740.0,2,Sleep,2,0.9433333333333334,W,0.5713271282607397,2,0
slp01a,1740.0,1770.0,2,Sleep,2,0.6433333333333333,W,0.5636510592093154,2,0
slp01a,1770.0,1800.0,2,Sleep,2,0.92,W,0.7171100607174331,2,0
slp01a,1800.0,1830.0,2,Sleep,2,0.83,W,0.7666775755238365,2,0
slp01a,1830.0,1860.0,2,Sleep,2,0.9366666666666666,Sleep,0.3481534803324302,2,0
slp01a,1860.0,1890.0,2,Sleep,2,0.9533333333333334,Sleep,0.43022348872523775,2,0
slp01a,1890.0,1920.0,W,W,2,0.7566666666666667,W,0.6535247711802389,2,0
slp01a,1920.0,1950.0,1,Sleep,1,0.7666666666666667,Sleep,0.39530826198351854,1,0
slp01a,1950.0,1980.0,2,Sleep,2,0.85,Sleep,0.33272191874745116,2,0
slp01a,1980.0,2010.0,2,Sleep,2,0.9666666666666667,W,0.6604092570068998,2,0
slp01a,2010.0,2040.0,2,Sleep,2,0.5633333333333334,W,0.5852440661301601,2,0
slp01a,2040.0,2070.0,2,Sleep,2,0.92,W,0.6516936601988755,2,0
slp01a,2070.0,2100.0,2,Sleep,2,0.7066666666666667,W,0.65931556931998,2,0
slp01a,2100.0,2130.0,2,Sleep,2,0.88,W,0.8502124512885356,2,0
slp01a,2130.0,2160.0,2,Sleep,2,0.86,Sleep,0.4355615571607791,2,0
slp01a,2160.0,2190.0,W,W,W,0.4033333333333333,W,0.613362605970925,W,0
slp01a,2190.0,2220.0,W,W,W,0.7566666666666667,Sleep,0.41377505665551856,W,0
slp01a,2220.0,2250.0,2,Sleep,2,0.7766666666666666,Sleep,0.34754980918300193,2,0
slp01a,2250.0,2280.0,2,Sleep,2,0.9666666666666667,Sleep,0.3882945433776462,2,0
slp01a,2280.0,2310.0,2,Sleep,2,0.97,Sleep,0.31447401624954074,2,0
slp01a,2310.0,2340.0,2,Sleep,2,0.8966666666666666,W,0.6268185217763655,2,0
slp01a,2340.0,2370.0,2,Sleep,2,0.9866666666666667,Sleep,0.4872866169298693,2,0
slp01a,2370.0,2400.0,2,Sleep,2,0.9633333333333334,W,0.5180325598716129,2,0
slp01a,2400.0,2430.0,2,Sleep,2,0.84,W,0.5349338364271714,2,0
slp01a,2430.0,2460.0,2,Sleep,2,0.8666666666666667,W,0.5113971460295036,2,0
slp01a,2460.0,2490.0,2,Sleep,2,0.9533333333333334,W,0.5035213866649928,2,0
slp01a,2490.0,2520.0,2,Sleep,2,0.8966666666666666,W,0.6902230337904564,2,0
slp01a,2520.0,2550.0,2,Sleep,2,0.97,W,0.5143633363284748,2,0
slp01a,2550.0,2580.0,2,Sleep,2,0.8466666666666667,W,0.5049456950741178,2,0
slp01a,2580.0,2610.0,2,Sleep,2,0.8133333333333334,Sleep,0.48157890967997985,2,0
slp01a,2610.0,2640.0,2,Sleep,2,0.9133333333333333,W,0.5961339713516258,2,0
slp01a,2640.0,2670.0,2,Sleep,2,0.96,Sleep,0.4971702832290009,2,0
slp01a,2670.0,2700.0,2,Sleep,2,0.86,W,0.654057082960824,2,0
slp01a,2700.0,2730.0,2,Sleep,2,0.9833333333333333,W,0.5194386073565695,2,0
slp01a,2730.0,2760.0,2,Sleep,2,0.9266666666666666,W,0.6519857553393926,2,0
slp01a,2760.0,2790.0,2,Sleep,2,0.69,W,0.5965829788354775,2,0
slp01a,2790.0,2820.0,3,Sleep,N3,0.76,W,0.6388259823330713,N3,0
slp01a,2820.0,2850.0,3,Sleep,N3,0.9666666666666667,W,0.5678333851508922,N3,0
slp01a,2850.0,2880.0,3,Sleep,N3,0.88,W,0.6683253581102647,N3,0
slp01a,2880.0,2910.0,3,Sleep,N3,0.98,W,0.6443120543865865,N3,0
slp01a,2910.0,2940.0,3,Sleep,N3,0.8866666666666667,W,0.5422689959965166,N3,0
slp01a,2940.0,2970.0,3,Sleep,N3,0.7366666666666667,W,0.843910552461702,N3,0
slp01a,2970.0,3000.0,3,Sleep,N3,0.9766666666666667,W,0.5801179510391096,N3,0
slp01a,3000.0,3030.0,3,Sleep,N3,0.98,W,0.7036019362925039,N3,0
slp01a,3030.0,3060.0,3,Sleep,N3,0.9966666666666667,W,0.7234062662482263,N3,0
slp01a,3060.0,3090.0,3,Sleep,N3,0.8566666666666667,Sleep,0.3533161894979925,N3,0
slp01a,3090.0,3120.0,3,Sleep,N3,0.8933333333333333,Sleep,0.3127384112793519,N3,0
slp01a,3120.0,3150.0,3,Sleep,N3,0.9166666666666666,W,0.7800724347457749,N3,0
slp01a,3150.0,3180.0,3,Sleep,N3,1.0,W,0.7610763697465678,N3,0
slp01a,3180.0,3210.0,3,Sleep,N3,1.0,Sleep,0.34537765846650736,N3,0
slp01a,3210.0,3240.0,3,Sleep,N3,0.9966666666666667,W,0.6319772496454076,N3,0
slp01a,3240.0,3270.0,3,Sleep,N3,1.0,Sleep,0.3714527543570551,N3,0
slp01a,3270.0,3300.0,4,Sleep,N3,0.95,W,0.6302270284535968,N3,0
slp01a,3300.0,3330.0,3,Sleep,N3,0.79,Sleep,0.3077725167027432,N3,0
slp01a,3330.0,3360.0,3,Sleep,N3,0.8866666666666667,Sleep,0.332284544113222,N3,0
slp01a,3360.0,3390.0,3,Sleep,N3,0.9133333333333333,Sleep,0.3224566211980246,N3,0
slp01a,3390.0,3420.0,3,Sleep,N3,0.95,Sleep,0.3643361869233381,N3,0
slp01a,3420.0,3450.0,4,Sleep,N3,0.9966666666666667,W,0.6602587681130976,N3,0
slp01a,3450.0,3480.0,4,Sleep,N3,1.0,W,0.5157728306386449,N3,0
slp01a,3480.0,3510.0,4,Sleep,N3,0.9966666666666667,W,0.7445491242562837,N3,0
slp01a,3510.0,3540.0,4,Sleep,N3,0.9966666666666667,W,0.8217402578910974,N3,0
slp01a,3540.0,3570.0,4,Sleep,N3,1.0,Sleep,0.3138415138804975,N3,0
slp01a,3570.0,3600.0,4,Sleep,N3,0.96,Sleep,0.292161860560347,N3,0
slp01a,3600.0,3630.0,4,Sleep,N3,1.0,W,0.6923227278886133,N3,0
slp01a,3630.0,3660.0,4,Sleep,N3,0.9966666666666667,Sleep,0.3851157314642272,N3,0
slp01a,3660.0,3690.0,4,Sleep,N3,0.9866666666666667,Sleep,0.28797470157115507,N3,0
slp01a,3690.0,3720.0,4,Sleep,N3,1.0,W,0.5388170118508077,N3,0
slp01a,3720.0,3750.0,4,Sleep,N3,0.9833333333333333,W,0.5229941446077041,N3,0
slp01a,3750.0,3780.0,4,Sleep,N3,1.0,W,0.6920260754421156,N3,0
slp01a,3780.0,3810.0,4,Sleep,N3,0.9666666666666667,W,0.6451207170076116,N3,0
slp01a,3810.0,3840.0,4,Sleep,N3,1.0,W,0.596225931508178,N3,0
slp01a,3840.0,3870.0,4,Sleep,N3,1.0,W,0.6960385454663817,N3,0
slp01a,3870.0,3900.0,4,Sleep,N3,0.9966666666666667,W,0.7271592992662532,N3,0
slp01a,3900.0,3930.0,4,Sleep,N3,1.0,W,0.6473814387211745,N3,0
slp01a,3930.0,3960.0,4,Sleep,N3,1.0,W,0.7676925606856906,N3,0
slp01a,3960.0,3990.0,4,Sleep,N3,1.0,W,0.6487218357554927,N3,0
slp01a,3990.0,4020.0,4,Sleep,N3,0.5066666666666667,W,0.604339683407903,N3,0
slp01a,4020.0,4050.0,3,Sleep,N3,0.81,Sleep,0.30709744667032896,N3,0
slp01a,4050.0,4080.0,3,Sleep,N3,0.98,W,0.7047502328059866,N3,0
slp01a,4080.0,4110.0,4,Sleep,N3,0.9333333333333333,W,0.7156534674994942,N3,0
slp01a,4110.0,4140.0,4,Sleep,N3,1.0,W,0.6958066979030053,N3,0
slp01a,4140.0,4170.0,4,Sleep,N3,0.9966666666666667,W,0.7369691077077065,N3,0
slp01a,4170.0,4200.0,4,Sleep,N3,0.99,W,0.6955385426142394,N3,0
slp01a,4200.0,4230.0,4,Sleep,N3,0.9933333333333333,W,0.6901726854067793,N3,0
slp01a,4230.0,4260.0,4,Sleep,N3,0.9866666666666667,W,0.7100461864110248,N3,0
slp01a,4260.0,4290.0,4,Sleep,N3,0.9833333333333333,W,0.7136960609389639,N3,0
slp01a,4290.0,4320.0,4,Sleep,N3,1.0,W,0.5853330469341688,N3,0
slp01a,4320.0,4350.0,4,Sleep,N3,0.99,W,0.6719876935025938,N3,0
slp01a,4350.0,4380.0,4,Sleep,N3,1.0,W,0.5381249935616256,N3,0
slp01a,4380.0,4410.0,4,Sleep,N3,0.95,W,0.7298342235240692,N3,0
slp01a,4410.0,4440.0,4,Sleep,N3,0.9966666666666667,W,0.6128440725353193,N3,0
slp01a,4440.0,4470.0,4,Sleep,N3,0.97,W,0.6199740443704849,N3,0
slp01a,4470.0,4500.0,4,Sleep,N3,0.9866666666666667,W,0.6575140955985193,N3,0
slp01a,4500.0,4530.0,4,Sleep,N3,0.9933333333333333,W,0.6309629797281947,N3,0
slp01a,4530.0,4560.0,4,Sleep,N3,1.0,W,0.6849505960420287,N3,0
slp01a,4560.0,4590.0,4,Sleep,N3,0.9733333333333334,Sleep,0.3133423026453581,N3,0
slp01a,4590.0,4620.0,4,Sleep,N3,0.9033333333333333,Sleep,0.4504095780277757,N3,0
slp01a,4620.0,4650.0,4,Sleep,N3,1.0,W,0.6026782752792901,N3,0
slp01a,4650.0,4680.0,4,Sleep,N3,0.9366666666666666,W,0.7356149923595513,N3,0
slp01a,4680.0,4710.0,4,Sleep,N3,0.9766666666666667,W,0.6434944347930881,N3,0
slp01a,4710.0,4740.0,4,Sleep,N3,0.9166666666666666,W,0.6041041526229736,N3,0
slp01a,4740.0,4770.0,4,Sleep,N3,0.9766666666666667,W,0.5936202400255568,N3,0
slp01a,4770.0,4800.0,3,Sleep,N3,0.9033333333333333,W,0.5680548730829813,N3,0
slp01a,4800.0,4830.0,3,Sleep,N3,0.6833333333333333,Sleep,0.14982138851016663,N3,0
slp01a,4860.0,4890.0,2,Sleep,2,0.9866666666666667,Sleep,0.40229111318714106,2,0
slp01a,4890.0,4920.0,2,Sleep,2,0.9233333333333333,Sleep,0.3213812106617722,2,0
slp01a,4920.0,4950.0,2,Sleep,2,0.6933333333333334,Sleep,0.37733146921934035,2,0
slp01a,4950.0,4980.0,2,Sleep,2,0.8833333333333333,Sleep,0.38992364745405206,2,0
slp01a,4980.0,5010.0,2,Sleep,2,0.98,W,0.63436015534269,2,0
slp01a,5010.0,5040.0,2,Sleep,2,0.98,Sleep,0.32363206520759497,2,0
slp01a,5040.0,5070.0,2,Sleep,2,0.9433333333333334,W,0.5999013915513979,2,0
slp01a,5070.0,5100.0,2,Sleep,2,0.94,Sleep,0.30723983746162503,2,0
slp01a,5100.0,5130.0,2,Sleep,2,0.98,W,0.65934875938128,2,0
slp01a,5130.0,5160.0,2,Sleep,2,0.92,Sleep,0.4072885846386824,2,0
slp01a,5160.0,5190.0,2,Sleep,2,0.7233333333333334,W,0.5739579368248385,2,0
slp01a,5190.0,5220.0,3,Sleep,N3,0.7033333333333334,Sleep,0.44234131951547606,N3,0
slp01a,5220.0,5250.0,2,Sleep,2,0.9533333333333334,W,0.6651646909169986,2,0
slp01a,5250.0,5280.0,2,Sleep,2,0.98,W,0.7023495139666927,2,0
slp01a,5280.0,5310.0,2,Sleep,2,0.9666666666666667,Sleep,0.33226615671177434,2,0
slp01a,5310.0,5340.0,2,Sleep,2,0.9866666666666667,W,0.667979608954049,2,0
slp01a,5340.0,5370.0,2,Sleep,2,0.9766666666666667,Sleep,0.4306212412417559,2,0
slp01a,5370.0,5400.0,2,Sleep,2,0.9133333333333333,W,0.5922876943904225,2,0
slp01a,5400.0,5430.0,2,Sleep,2,0.9766666666666667,W,0.6192960030592262,2,0
slp01a,5430.0,5460.0,2,Sleep,2,0.9,Sleep,0.43610377299042813,2,0
slp01a,5460.0,5490.0,2,Sleep,2,0.95,Sleep,0.3246796833741877,2,0
slp01a,5490.0,5520.0,2,Sleep,2,0.6066666666666667,W,0.7025291994432318,2,0
slp01a,5520.0,5550.0,2,Sleep,2,0.9566666666666667,Sleep,0.4791646047445712,2,0
slp01a,5550.0,5580.0,2,Sleep,2,0.9766666666666667,W,0.6451938314290043,2,0
slp01a,5580.0,5610.0,2,Sleep,2,0.96,W,0.7178991405053288,2,0
slp01a,5610.0,5640.0,2,Sleep,2,0.67,W,0.6903683063600361,2,0
slp01a,5640.0,5670.0,3,Sleep,N3,0.7433333333333333,Sleep,0.41455015121850597,N3,0
slp01a,5670.0,5700.0,3,Sleep,N3,0.7433333333333333,Sleep,0.4398930494774718,N3,0
slp01a,5700.0,5730.0,2,Sleep,2,0.8233333333333334,W,0.6619388617135088,2,0
slp01a,5730.0,5760.0,3,Sleep,N3,0.6966666666666667,Sleep,0.35932537445234053,N3,0
slp01a,5760.0,5790.0,2,Sleep,2,0.8166666666666667,W,0.5173944878207041,2,0
slp01a,5790.0,5820.0,2,Sleep,2,0.84,W,0.7072256625252791,2,0
slp01a,5820.0,5850.0,2,Sleep,2,0.9033333333333333,W,0.5514773031487008,2,0
slp01a,5850.0,5880.0,2,Sleep,2,0.9566666666666667,W,0.5989513947347147,2,0
slp01a,5880.0,5910.0,2,Sleep,2,0.9633333333333334,Sleep,0.47140892070697,2,0
slp01a,5910.0,5940.0,2,Sleep,2,0.9166666666666666,Sleep,0.4392019040122247,2,0
slp01a,5940.0,5970.0,2,Sleep,2,0.9466666666666667,Sleep,0.4501014005306651,2,0
slp01a,5970.0,6000.0,2,Sleep,2,0.94,Sleep,0.42998671585919224,2,0
slp01a,6000.0,6030.0,2,Sleep,2,0.9533333333333334,W,0.6585509146389349,2,0
slp01a,6030.0,6060.0,2,Sleep,2,0.96,W,0.6235170216016024,2,0
slp01a,6060.0,6090.0,2,Sleep,2,0.8233333333333334,W,0.7084961196400279,2,0
slp01a,6090.0,6120.0,2,Sleep,2,0.9833333333333333,Sleep,0.4659093527916722,2,0
slp01a,6120.0,6150.0,2,Sleep,2,0.96,Sleep,0.3558986416125251,2,0
slp01a,6150.0,6180.0,2,Sleep,2,0.9066666666666666,W,0.6399725603185507,2,0
slp01a,6180.0,6210.0,2,Sleep,2,0.8933333333333333,W,0.7097562948553621,2,0
slp01a,6210.0,6240.0,2,Sleep,2,0.7666666666666667,Sleep,0.36849663467225446,2,0
slp01a,6240.0,6270.0,2,Sleep,2,0.9033333333333333,Sleep,0.4431598366480963,2,0
slp01a,6270.0,6300.0,2,Sleep,2,0.8333333333333334,W,0.674854074347054,2,0
slp01a,6300.0,6330.0,2,Sleep,2,0.9133333333333333,W,0.8544817224412055,2,0
slp01a,6330.0,6360.0,2,Sleep,2,0.8866666666666667,Sleep,0.37372154230731797,2,0
slp01a,6360.0,6390.0,2,Sleep,2,0.98,Sleep,0.483838060547517,2,0
slp01a,6390.0,6420.0,R,Sleep,R,0.63,W,0.5774883210267934,R,0
slp01a,6420.0,6450.0,2,Sleep,2,0.91,Sleep,0.4118997202034959,2,0
slp01a,6450.0,6480.0,2,Sleep,2,0.9366666666666666,Sleep,0.3601815848257005,2,0
slp01a,6480.0,6510.0,2,Sleep,2,0.97,Sleep,0.33804663994886486,2,0
slp01a,6510.0,6540.0,2,Sleep,2,0.87,W,0.784364309017028,2,0
slp01a,6540.0,6570.0,2,Sleep,2,0.9666666666666667,Sleep,0.3839424245879062,2,0
slp01a,6570.0,6600.0,R,Sleep,R,0.7033333333333334,W,0.591799415061312,R,0
slp01a,6600.0,6630.0,R,Sleep,2,0.8433333333333334,W,0.6211618073330417,2,0
slp01a,6630.0,6660.0,W,W,W,0.7033333333333334,Sleep,0.3813729197241507,W,0
slp01a,6660.0,6690.0,2,Sleep,2,0.98,Sleep,0.416160833985021,2,0
slp01a,6690.0,6720.0,2,Sleep,2,0.9433333333333334,W,0.54120979483668,2,0
slp01a,6720.0,6750.0,2,Sleep,2,0.9433333333333334,Sleep,0.34715847244153486,2,0
slp01a,6750.0,6780.0,R,Sleep,R,0.7,Sleep,0.4549011898103354,R,0
slp01a,6780.0,6810.0,R,Sleep,R,0.6566666666666666,W,0.616659747228107,R,0
slp01a,6810.0,6840.0,R,Sleep,R,0.69,Sleep,0.3942032468050017,R,0
slp01a,6840.0,6870.0,R,Sleep,R,0.69,Sleep,0.41069896508093334,R,0
slp01a,6870.0,6900.0,R,Sleep,2,0.31666666666666665,W,0.6003963409825588,2,0
slp01a,6900.0,6930.0,R,Sleep,R,0.6266666666666667,Sleep,0.36360960823284016,R,0
slp01a,6930.0,6960.0,R,Sleep,R,0.6633333333333333,Sleep,0.406867146504293,R,0
slp01a,6960.0,6990.0,R,Sleep,R,0.69,Sleep,0.4943516747529191,R,0
slp01a,6990.0,7020.0,R,Sleep,2,0.58,Sleep,0.43990284969080334,2,0
slp01a,7020.0,7050.0,R,Sleep,R,0.7266666666666667,W,0.5819106048307128,R,0
slp01a,7050.0,7080.0,W,W,W,0.7933333333333333,Sleep,0.3406872574749851,W,0
slp01a,7080.0,7110.0,W,W,W,0.64,Sleep,0.42062800170873305,W,0
slp01a,7110.0,7140.0,W,W,W,0.6733333333333333,Sleep,0.4093931567744795,W,0
slp01a,7140.0,7170.0,2,Sleep,2,0.9566666666666667,W,0.9056738505560847,2,0
slp01a,7170.0,7200.0,2,Sleep,2,0.9233333333333333,Sleep,0.39584458471935874,2,0
slp01b,0.004,30.004,2,Sleep,2,0.8533333333333334,W,0.8642002222979085,2,0
slp01b,30.0,60.0,2,Sleep,2,0.9366666666666666,W,0.6009064565438169,2,0
slp01b,60.0,90.0,2,Sleep,2,0.79,W,0.8612640513601881,2,0
slp01b,90.0,120.0,2,Sleep,2,0.96,W,0.8678436207039811,2,0
slp01b,120.0,150.0,2,Sleep,2,0.9066666666666666,W,0.6469225947841044,2,0
slp01b,150.0,180.0,2,Sleep,2,0.9466666666666667,W,0.7503332585760896,2,0
slp01b,180.0,210.0,2,Sleep,2,0.9566666666666667,W,0.5767712917480934,2,0
slp01b,210.0,240.0,2,Sleep,2,0.9766666666666667,W,0.8084482262194737,2,0
slp01b,240.0,270.0,2,Sleep,2,0.88,W,0.8528902053916082,2,0
slp01b,270.0,300.0,W,W,2,0.5833333333333334,W,0.7028362424078878,2,0
slp01b,300.0,330.0,W,W,W,0.6633333333333333,W,0.550158901044157,W,0
slp01b,330.0,360.0,W,W,W,0.5033333333333333,W,0.5690528434831092,W,0
slp01b,360.0,390.0,W,W,W,0.67,W,0.7790704186959435,W,1
slp01b,390.0,420.0,W,W,2,0.5733333333333334,Sleep,0.3819850062805378,2,0
slp01b,420.0,450.0,W,W,W,0.7266666666666667,W,0.614581274053878,W,0
slp01b,450.0,480.0,W,W,W,0.5133333333333333,W,0.8767858564722077,W,1
slp01b,480.0,510.0,W,W,W,0.7833333333333333,W,0.8948284378113309,W,0
slp01b,510.0,540.0,W,W,W,0.73,W,0.8780554594205474,W,1
slp01b,540.0,570.0,W,W,W,0.9266666666666666,W,0.8182887197782994,W,0
slp01b,570.0,600.0,W,W,W,0.8533333333333334,W,0.6842958446135728,W,0
slp01b,600.0,630.0,W,W,W,0.8733333333333333,W,0.7230505062316268,W,0
slp01b,630.0,660.0,W,W,W,0.85,W,0.574240397711735,W,0
slp01b,660.0,690.0,W,W,W,0.6233333333333333,Sleep,0.25356866496518243,W,0
slp01b,690.0,720.0,W,W,W,0.8633333333333333,W,0.6740569708421748,W,0
slp01b,720.0,750.0,W,W,W,0.9633333333333334,W,0.553673314284639,W,0
slp01b,750.0,780.0,W,W,W,0.9933333333333333,W,0.893583799656019,W,0
slp01b,780.0,810.0,W,W,W,0.92,W,0.9030424349781654,W,0
slp01b,810.0,840.0,W,W,W,0.9933333333333333,W,0.7123079545576042,W,0
slp01b,840.0,870.0,W,W,W,0.9833333333333333,W,0.5601907054752713,W,0
slp01b,870.0,900.0,W,W,W,0.8666666666666667,W,0.7388106601169746,W,0
slp01b,900.0,930.0,W,W,W,0.9933333333333333,W,0.7321425428263327,W,0
slp01b,930.0,960.0,W,W,W,0.9566666666666667,W,0.5611010998873893,W,0
slp01b,960.0,990.0,W,W,W,0.98,W,0.6019277392506652,W,0
slp01b,990.0,1020.0,W,W,W,0.9833333333333333,W,0.6696559160581912,W,0
slp01b,1020.0,1050.0,W,W,W,0.91,W,0.6151307228207499,W,0
slp01b,1050.0,1080.0,W,W,W,0.9833333333333333,W,0.7472504890906699,W,0
slp01b,1080.0,1110.0,W,W,W,0.88,Sleep,0.37021060165064285,W,0
slp01b,1110.0,1140.0,W,W,W,0.7866666666666666,W,0.6678167828033188,W,0
slp01b,1140.0,1170.0,W,W,W,0.9966666666666667,Sleep,0.274523012670692,W,0
slp01b,1170.0,1200.0,W,W,W,0.9833333333333333,W,0.8722752558059393,W,0
slp01b,1200.0,1230.0,W,W,W,0.9433333333333334,Sleep,0.2615039351167685,W,0
slp01b,1230.0,1260.0,W,W,W,0.9933333333333333,W,0.5635432062744489,W,0
slp01b,1260.0,1290.0,W,W,W,0.98,Sleep,0.24139311477367945,W,0
slp01b,1290.0,1320.0,W,W,W,0.8666666666666667,Sleep,0.3019580505171861,W,0
slp01b,1320.0,1350.0,W,W,W,1.0,Sleep,0.48887372090318837,W,0
slp01b,1350.0,1380.0,W,W,W,0.9833333333333333,W,0.7720715929286397,W,0
slp01b,1380.0,1410.0,W,W,W,0.9766666666666667,W,0.8898304554037296,W,0
slp01b,1410.0,1440.0,W,W,W,0.9766666666666667,W,0.9000067779889119,W,0
slp01b,1440.0,1470.0,W,W,W,0.9733333333333334,W,0.8485665890488774,W,0
slp01b,1470.0,1500.0,W,W,W,1.0,W,0.8930147411582329,W,0
slp01b,1500.0,1530.0,W,W,W,0.9966666666666667,W,0.7886643698872766,W,0
slp01b,1530.0,1560.0,W,W,W,0.9833333333333333,Sleep,0.3549399217876168,W,0
slp01b,1560.0,1590.0,W,W,W,0.9766666666666667,W,0.8514665722508453,W,0
slp01b,1590.0,1620.0,W,W,W,0.9866666666666667,W,0.6388130903829352,W,0
slp01b,1620.0,1650.0,W,W,W,0.98,Sleep,0.2667094535548719,W,0
slp01b,1650.0,1680.0,W,W,W,0.9733333333333334,W,0.5859832993355699,W,0
slp01b,1680.0,1710.0,W,W,W,1.0,Sleep,0.31563247623377716,W,0
slp01b,1710.0,1740.0,W,W,W,0.8733333333333333,W,0.5730894495310888,W,0
slp01b,1740.0,1770.0,W,W,W,0.99,W,0.7522160361442444,W,0
slp01b,1770.0,1800.0,W,W,W,0.9933333333333333,Sleep,0.42194846619598037,W,0
slp01b,1800.0,1830.0,W,W,W,0.9566666666666667,Sleep,0.4263208896727052,W,0
slp01b,1830.0,1860.0,W,W,W,0.99,W,0.8872686889254059,W,0
slp01b,1860.0,1890.0,W,W,W,0.9933333333333333,W,0.5923598793943573,W,0
slp01b,1890.0,1920.0,W,W,W,0.9833333333333333,W,0.8936562988343987,W,0
slp01b,1920.0,1950.0,W,W,W,0.93,W,0.9230096223511147,W,0
slp01b,1950.0,1980.0,W,W,W,0.9766666666666667,Sleep,0.48779213042835606,W,0
slp01b,1980.0,2010.0,W,W,W,0.99,W,0.6189777688298725,W,0
slp01b,2010.0,2040.0,W,W,W,0.9633333333333334,W,0.9288307269174356,W,0
slp01b,2040.0,2070.0,W,W,W,0.9933333333333333,W,0.5168888912399894,W,0
slp01b,2070.0,2100.0,W,W,W,0.9266666666666666,W,0.5688157478828275,W,0
slp01b,2100.0,2130.0,W,W,W,0.99,W,0.9135065178861549,W,0
slp01b,2130.0,2160.0,W,W,W,0.9666666666666667,W,0.8840554975338758,W,0
slp01b,2160.0,2190.0,W,W,W,0.9566666666666667,W,0.6293628633756969,W,0
slp01b,2190.0,2220.0,W,W,W,0.99,W,0.6047673884679489,W,0
slp01b,2220.0,2250.0,W,W,W,0.99,W,0.5192265858204543,W,0
slp01b,2250.0,2280.0,W,W,W,0.9533333333333334,W,0.9007498868864,W,0
slp01b,2280.0,2310.0,W,W,W,0.99,W,0.9044435295047415,W,0
slp01b,2310.0,2340.0,W,W,W,0.99,W,0.8945215031617534,W,0
slp01b,2340.0,2370.0,W,W,W,0.9933333333333333,Sleep,0.2535219685172973,W,0
slp01b,2370.0,2400.0,W,W,W,0.95,W,0.8111241330489233,W,0
slp01b,2400.0,2430.0,W,W,W,0.9533333333333334,W,0.5251603809254549,W,0
slp01b,2430.0,2460.0,W,W,W,0.9866666666666667,W,0.9270568321715996,W,0
slp01b,2460.0,2490.0,W,W,W,0.98,W,0.8429671508151327,W,0
slp01b,2490.0,2520.0,W,W,W,0.9766666666666667,W,0.9073510578089624,W,0
slp01b,2520.0,2550.0,W,W,W,0.9433333333333334,W,0.6333236215652207,W,0
slp01b,2550.0,2580.0,W,W,W,0.6766666666666666,W,0.5937563905517259,W,0
slp01b,2580.0,2610.0,W,W,W,0.99,Sleep,0.48224819069451647,W,0
slp01b,2610.0,2640.0,W,W,W,0.99,W,0.5016476355440844,W,0
slp01b,2640.0,2670.0,W,W,W,1.0,W,0.9346281637134196,W,0
slp01b,2670.0,2700.0,W,W,W,0.9866666666666667,W,0.9248000580094159,W,0
slp01b,2700.0,2730.0,W,W,W,0.9866666666666667,W,0.9215590061636154,W,0
slp01b,2730.0,2760.0,W,W,W,0.9666666666666667,W,0.8351164822726733,W,0
slp01b,2760.0,2790.0,W,W,W,0.9033333333333333,W,0.7609275901699731,W,0
slp01b,2790.0,2820.0,W,W,W,0.9966666666666667,W,0.5961112231315727,W,0
slp01b,2820.0,2850.0,W,W,W,0.92,W,0.8289845373942051,W,0
slp01b,2850.0,2880.0,W,W,W,0.9466666666666667,W,0.9207805904555459,W,0
slp01b,2880.0,2910.0,W,W,W,0.99,W,0.91181504845692,W,0
slp01b,2910.0,2940.0,W,W,W,0.9766666666666667,W,0.8148251100629199,W,0
slp01b,2940.0,2970.0,W,W,W,1.0,W,0.9108388421737229,W,0
slp01b,2970.0,3000.0,W,W,W,0.9966666666666667,W,0.9267511619069375,W,0
slp01b,3000.0,3030.0,W,W,W,0.9966666666666667,W,0.9248045760222474,W,0
slp01b,3030.0,3060.0,W,W,W,0.9233333333333333,W,0.9230601860296099,W,0
slp01b,3060.0,3090.0,W,W,W,0.9166666666666666,W,0.9157719254537168,W,0
slp01b,3090.0,3120.0,W,W,W,0.9033333333333333,W,0.9041722417251583,W,0
slp01b,3120.0,3150.0,W,W,W,0.9966666666666667,W,0.883793030533538,W,0
slp01b,3150.0,3180.0,W,W,W,0.9,W,0.6142899411900323,W,0
slp01b,3180.0,3210.0,W,W,W,0.9566666666666667,W,0.7679838495684053,W,0
slp01b,3210.0,3240.0,W,W,W,0.8266666666666667,Sleep,0.4355338799216717,W,0
slp01b,3240.0,3270.0,W,W,W,0.9066666666666666,W,0.7177161328371343,W,0
slp01b,3270.0,3300.0,W,W,W,0.9366666666666666,Sleep,0.43234959681170304,W,0
slp01b,3300.0,3330.0,W,W,W,0.8866666666666667,W,0.6521422116850618,W,0
slp01b,3330.0,3360.0,W,W,W,0.92,Sleep,0.4324871849569894,W,0
slp01b,3360.0,3390.0,W,W,W,0.8033333333333333,Sleep,0.3806233966130916,W,0
slp01b,3390.0,3420.0,W,W,W,1.0,Sleep,0.36255674721768294,W,0
slp01b,3420.0,3450.0,W,W,W,0.9933333333333333,W,0.9163564835163854,W,0
slp01b,3450.0,3480.0,W,W,W,0.9566666666666667,W,0.8863472994127731,W,0
slp01b,3480.0,3510.0,W,W,W,0.99,W,0.8211419668047494,W,0
slp01b,3510.0,3540.0,W,W,W,0.99,W,0.8927538628598883,W,0
slp01b,3540.0,3570.0,W,W,W,0.8866666666666667,W,0.9174792629177502,W,0
slp01b,3570.0,3600.0,W,W,W,0.9833333333333333,W,0.8143642803367399,W,0
slp01b,3600.0,3630.0,W,W,W,0.93,W,0.7908091631428315,W,0
slp01b,3630.0,3660.0,W,W,W,1.0,W,0.8954011307693762,W,0
slp01b,3660.0,3690.0,W,W,W,0.8966666666666666,W,0.8985849371504221,W,0
slp01b,3690.0,3720.0,W,W,W,0.87,W,0.5952966194993013,W,0
slp01b,3720.0,3750.0,W,W,W,0.9733333333333334,W,0.9383832354036766,W,0
slp01b,3750.0,3780.0,W,W,W,0.9933333333333333,W,0.886742413866214,W,0
slp01b,3780.0,3810.0,W,W,W,0.9866666666666667,W,0.8845568046402669,W,0
slp01b,3810.0,3840.0,W,W,W,0.9766666666666667,W,0.8077215430313276,W,0
slp01b,3840.0,3870.0,W,W,W,0.99,W,0.8831672348039171,W,0
slp01b,3870.0,3900.0,W,W,W,0.9933333333333333,W,0.9271072231737719,W,0
slp01b,3900.0,3930.0,W,W,W,0.93,W,0.9189404954361186,W,0
slp01b,3930.0,3960.0,W,W,W,0.9666666666666667,W,0.9419313839331259,W,0
slp01b,3960.0,3990.0,W,W,W,0.97,W,0.9008199454107436,W,0
slp01b,3990.0,4020.0,W,W,W,0.9866666666666667,W,0.8695613716144961,W,0
slp01b,4020.0,4050.0,W,W,W,1.0,W,0.6779891316625057,W,0
slp01b,4050.0,4080.0,W,W,W,0.9833333333333333,W,0.8051951620229154,W,0
slp01b,4080.0,4110.0,W,W,W,0.9766666666666667,W,0.7240988197043388,W,0
slp01b,4110.0,4140.0,W,W,W,0.9166666666666666,W,0.6116885577516702,W,0
slp01b,4140.0,4170.0,1,Sleep,W,0.5233333333333333,W,0.6313477645079429,W,0
slp01b,4170.0,4200.0,W,W,W,0.9866666666666667,W,0.829328030813461,W,0
slp01b,4200.0,4230.0,W,W,W,0.9533333333333334,W,0.62675632809532,W,0
slp01b,4230.0,4260.0,W,W,W,0.7533333333333333,Sleep,0.47503757279448355,W,0
slp01b,4260.0,4290.0,1,Sleep,1,0.6966666666666667,Sleep,0.4546433431126287,1,0
slp01b,4290.0,4320.0,2,Sleep,2,0.83,Sleep,0.4611880317720382,2,0
slp01b,4320.0,4350.0,W,W,W,0.9033333333333333,W,0.8413913592257852,W,0
slp01b,4350.0,4380.0,1,Sleep,1,0.7633333333333333,Sleep,0.35820797195010184,1,0
slp01b,4380.0,4410.0,2,Sleep,2,0.8566666666666667,Sleep,0.4522171824072896,2,0
slp01b,4410.0,4440.0,1,Sleep,1,0.63,W,0.6297838765925793,1,0
slp01b,4440.0,4470.0,2,Sleep,2,0.79,Sleep,0.42071728753638743,2,0
slp01b,4470.0,4500.0,2,Sleep,2,0.7533333333333333,W,0.5328658781301091,2,0
slp01b,4500.0,4530.0,2,Sleep,2,0.91,W,0.5546973196317599,2,0
slp01b,4530.0,4560.0,1,Sleep,1,0.67,W,0.5696069795849502,1,0
slp01b,4560.0,4590.0,W,W,W,0.9866666666666667,Sleep,0.3236641628559621,W,0
slp01b,4590.0,4620.0,2,Sleep,2,0.4033333333333333,Sleep,0.4692454331447401,2,0
slp01b,4620.0,4650.0,2,Sleep,2,0.8966666666666666,Sleep,0.4465182307086049,2,0
slp01b,4650.0,4680.0,2,Sleep,2,0.8933333333333333,Sleep,0.4495557908572189,2,0
slp01b,4680.0,4710.0,2,Sleep,2,0.9466666666666667,Sleep,0.38293847626397004,2,0
slp01b,4710.0,4740.0,2,Sleep,2,0.7933333333333333,Sleep,0.47315386523395814,2,0
slp01b,4740.0,4770.0,2,Sleep,2,0.9633333333333334,Sleep,0.4546634902229772,2,0
slp01b,4770.0,4800.0,2,Sleep,2,0.9133333333333333,Sleep,0.4360833529913654,2,0
slp01b,4800.0,4830.0,2,Sleep,2,0.9433333333333334,Sleep,0.3374217031908399,2,0
slp01b,4830.0,4860.0,2,Sleep,2,0.87,Sleep,0.41387166876540366,2,0
slp01b,4860.0,4890.0,2,Sleep,2,0.9266666666666666,Sleep,0.4464266824292223,2,0
slp01b,4890.0,4920.0,2,Sleep,2,0.9766666666666667,Sleep,0.22954542816834775,2,0
slp01b,4920.0,4950.0,2,Sleep,2,0.9133333333333333,Sleep,0.4375308608005701,2,0
slp01b,4950.0,4980.0,2,Sleep,2,0.9066666666666666,Sleep,0.38836947985969333,2,0
slp01b,4980.0,5010.0,2,Sleep,2,0.9266666666666666,Sleep,0.38009640573168263,2,0
slp01b,5010.0,5040.0,2,Sleep,2,0.89,Sleep,0.4498917447044197,2,0
slp01b,5040.0,5070.0,2,Sleep,2,0.9766666666666667,Sleep,0.39001580539403424,2,0
slp01b,5070.0,5100.0,2,Sleep,2,0.7733333333333333,Sleep,0.37487867118639506,2,0
slp01b,5100.0,5130.0,2,Sleep,2,0.85,Sleep,0.43090119278733424,2,0
slp01b,5130.0,5160.0,2,Sleep,2,0.9,W,0.5586671687848376,2,0
slp01b,5160.0,5190.0,2,Sleep,2,0.9766666666666667,Sleep,0.35535279130456365,2,0
slp01b,5190.0,5220.0,2,Sleep,2,0.82,Sleep,0.3860119380611393,2,0
slp01b,5220.0,5250.0,2,Sleep,2,0.8566666666666667,Sleep,0.4086528880663528,2,0
slp01b,5250.0,5280.0,2,Sleep,2,0.9533333333333334,Sleep,0.3469214212692643,2,0
slp01b,5280.0,5310.0,2,Sleep,2,0.9766666666666667,Sleep,0.43770625272451336,2,0
slp01b,5310.0,5340.0,2,Sleep,2,0.7266666666666667,Sleep,0.4349576666558217,2,0
slp01b,5340.0,5370.0,2,Sleep,2,0.9633333333333334,Sleep,0.36408360706414894,2,0
slp01b,5370.0,5400.0,2,Sleep,2,0.8566666666666667,Sleep,0.27033005250312486,2,0
slp01b,5400.0,5430.0,2,Sleep,2,0.9766666666666667,Sleep,0.27143986697519984,2,0
slp01b,5430.0,5460.0,2,Sleep,2,0.8366666666666667,Sleep,0.2789813289607096,2,0
slp01b,5460.0,5490.0,2,Sleep,2,0.9633333333333334,Sleep,0.34161102279186034,2,0
slp01b,5490.0,5520.0,2,Sleep,2,0.7766666666666666,Sleep,0.2997839231914872,2,0
slp01b,5520.0,5550.0,2,Sleep,2,0.45666666666666667,Sleep,0.19636771996120397,2,0
slp01b,5550.0,5580.0,2,Sleep,2,0.8533333333333334,Sleep,0.24644126557127896,2,0
slp01b,5580.0,5610.0,2,Sleep,2,0.74,Sleep,0.2847440535577482,2,0
slp01b,5610.0,5640.0,2,Sleep,2,0.8566666666666667,Sleep,0.3214802605763871,2,0
slp01b,5640.0,5670.0,2,Sleep,2,0.7466666666666667,Sleep,0.3741594059170691,2,0
slp01b,5670.0,5700.0,2,Sleep,2,0.9166666666666666,Sleep,0.22774085211903525,2,0
slp01b,5700.0,5730.0,2,Sleep,2,0.8666666666666667,Sleep,0.3259539480425471,2,0
slp01b,5730.0,5760.0,2,Sleep,2,0.5433333333333333,Sleep,0.39922240058891956,2,0
slp01b,5760.0,5790.0,2,Sleep,2,0.9133333333333333,Sleep,0.3190344459718827,2,0
slp01b,5790.0,5820.0,2,Sleep,W,0.6433333333333333,Sleep,0.41360475718103495,W,0
slp01b,5820.0,5850.0,2,Sleep,2,0.8533333333333334,Sleep,0.3807820130247948,2,0
slp01b,5850.0,5880.0,2,Sleep,2,0.8133333333333334,Sleep,0.44828347210851394,2,0
slp01b,5880.0,5910.0,W,W,W,0.6666666666666666,W,0.6658232836677613,W,1
slp01b,5910.0,5940.0,W,W,W,0.9233333333333333,Sleep,0.37633974316283464,W,0
slp01b,5940.0,5970.0,W,W,W,0.83,W,0.9121531385442885,W,0
slp01b,5970.0,6000.0,W,W,W,0.9,W,0.6727169857772181,W,0
slp01b,6000.0,6030.0,W,W,W,0.8666666666666667,W,0.5169824454059968,W,0
slp01b,6030.0,6060.0,W,W,W,0.8066666666666666,W,0.8352368067682294,W,0
slp01b,6060.0,6090.0,W,W,W,0.8766666666666667,W,0.6185231092956986,W,0
slp01b,6090.0,6120.0,W,W,W,0.8933333333333333,W,0.6045123427548972,W,0
slp01b,6120.0,6150.0,W,W,W,0.9166666666666666,Sleep,0.43429600995548556,W,0
slp01b,6150.0,6180.0,W,W,W,0.69,W,0.6480680829459862,W,0
slp01b,6180.0,6210.0,W,W,W,0.8966666666666666,W,0.6801398600507713,W,0
slp01b,6210.0,6240.0,W,W,W,0.9266666666666666,W,0.7977562163906448,W,0
slp01b,6240.0,6270.0,W,W,W,0.9033333333333333,W,0.6822510176629635,W,0
slp01b,6270.0,6300.0,W,W,W,0.81,W,0.8291353067106235,W,0
slp01b,6300.0,6330.0,W,W,W,0.8566666666666667,W,0.8993750805216872,W,0
slp01b,6330.0,6360.0,W,W,W,0.9966666666666667,W,0.8562295226065578,W,0
slp01b,6360.0,6390.0,W,W,W,0.9833333333333333,W,0.7847436947787763,W,0
slp01b,6390.0,6420.0,W,W,W,0.8933333333333333,W,0.8757280645125189,W,0
slp01b,6420.0,6450.0,W,W,W,0.9066666666666666,W,0.843231748392705,W,0
slp01b,6450.0,6480.0,W,W,W,0.9066666666666666,W,0.8291071519780124,W,0
slp01b,6480.0,6510.0,W,W,W,0.9733333333333334,W,0.8004323124417895,W,0
slp01b,6510.0,6540.0,W,W,W,0.98,W,0.7517924514605292,W,0
slp01b,6540.0,6570.0,W,W,W,0.9933333333333333,W,0.7006170416025617,W,0
slp01b,6570.0,6600.0,W,W,W,0.9733333333333334,W,0.7504110950297933,W,0
slp01b,6600.0,6630.0,W,W,W,0.9633333333333334,W,0.7309153406993787,W,0
slp01b,6630.0,6660.0,W,W,W,0.92,W,0.7421233962469849,W,0
slp01b,6660.0,6690.0,W,W,W,0.9766666666666667,W,0.7541109879514546,W,0
slp01b,6690.0,6720.0,W,W,W,0.8066666666666666,W,0.521435407151399,W,0
slp01b,6720.0,6750.0,W,W,W,0.9133333333333333,W,0.5563223841122624,W,0
slp01b,6750.0,6780.0,1,Sleep,1,0.6766666666666666,W,0.600478895742791,1,0
slp01b,6780.0,6810.0,1,Sleep,1,0.73,W,0.7924747269072995,W,1
slp01b,6810.0,6840.0,W,W,W,0.8766666666666667,W,0.6655891945673414,W,0
slp01b,6840.0,6870.0,1,Sleep,1,0.65,Sleep,0.4618919853261655,1,0
slp01b,6870.0,6900.0,W,W,W,0.98,W,0.743935366076248,W,0
slp01b,6900.0,6930.0,W,W,W,0.7,Sleep,0.4259256791219506,W,0
slp01b,6930.0,6960.0,1,Sleep,1,0.7533333333333333,Sleep,0.49665956934692496,1,0
slp01b,6960.0,6990.0,2,Sleep,2,0.8366666666666667,W,0.6674717135825836,2,0
slp01b,6990.0,7020.0,2,Sleep,2,0.9733333333333334,W,0.7226316216197592,2,0
slp01b,7020.0,7050.0,2,Sleep,2,0.8,W,0.5253723114445602,2,0
slp01b,7050.0,7080.0,W,W,W,0.8333333333333334,Sleep,0.44055219222916103,W,0
slp01b,7080.0,7110.0,1,Sleep,1,0.7166666666666667,W,0.6139319253744101,1,0
slp01b,7110.0,7140.0,2,Sleep,2,0.8266666666666667,W,0.5643120205839617,2,0
slp01b,7140.0,7170.0,2,Sleep,2,0.92,W,0.6689176598134081,2,0
slp01b,7170.0,7200.0,2,Sleep,2,0.96,W,0.5983768975698794,2,0
slp01b,7200.0,7230.0,2,Sleep,2,0.8533333333333334,W,0.542803977576099,2,0
slp01b,7230.0,7260.0,2,Sleep,2,0.8633333333333333,W,0.6111711670366643,2,0
slp01b,7260.0,7290.0,2,Sleep,2,0.7266666666666667,W,0.5898719510564971,2,0
slp01b,7290.0,7320.0,2,Sleep,2,0.97,Sleep,0.42586241676332987,2,0
slp01b,7320.0,7350.0,2,Sleep,2,0.94,W,0.7268262813759792,2,0
slp01b,7350.0,7380.0,2,Sleep,2,0.79,W,0.8425910642767633,2,0
slp01b,7380.0,7410.0,2,Sleep,2,0.86,W,0.7663516681995658,2,0
slp01b,7410.0,7440.0,2,Sleep,2,0.8733333333333333,W,0.8763311084967362,2,0
slp01b,7440.0,7470.0,2,Sleep,2,0.8733333333333333,W,0.7979272613520234,2,0
slp01b,7470.0,7500.0,2,Sleep,2,0.93,W,0.5944770244331804,2,0
slp01b,7500.0,7530.0,2,Sleep,2,0.9733333333333334,W,0.6987333462218821,2,0
slp01b,7530.0,7560.0,2,Sleep,2,0.9566666666666667,W,0.5733295324068874,2,0
slp01b,7560.0,7590.0,2,Sleep,W,0.47333333333333333,W,0.7236530073901329,W,1
slp01b,7590.0,7620.0,W,W,W,0.7133333333333334,W,0.8106328330165852,W,1
slp01b,7620.0,7650.0,W,W,W,0.7866666666666666,W,0.862789249692536,W,0
slp01b,7650.0,7680.0,1,Sleep,1,0.6766666666666666,W,0.6659996781606073,W,1
slp01b,7680.0,7710.0,W,W,W,0.6133333333333333,W,0.8841326568195214,W,1
slp01b,7710.0,7740.0,1,Sleep,1,0.6766666666666666,W,0.5326514863191224,1,0
slp01b,7740.0,7770.0,W,W,2,0.44333333333333336,W,0.5030704050134116,2,0
slp01b,7770.0,7800.0,1,Sleep,2,0.73,W,0.5698203926803025,2,0
slp01b,7800.0,7830.0,2,Sleep,2,0.81,W,0.7302744141552773,2,0
slp01b,7830.0,7860.0,2,Sleep,2,0.9533333333333334,W,0.6177609041510501,2,0
slp01b,7860.0,7890.0,2,Sleep,2,0.8466666666666667,W,0.7096496749283334,2,0
slp01b,7890.0,7920.0,2,Sleep,2,0.9866666666666667,W,0.5911128233209001,2,0
slp01b,7920.0,7950.0,2,Sleep,2,0.8466666666666667,W,0.5267602044134967,2,0
slp01b,7950.0,7980.0,2,Sleep,2,0.78,Sleep,0.32822865049475686,2,0
slp01b,7980.0,8010.0,R,Sleep,R,0.62,W,0.7016404670870747,R,0
slp01b,8010.0,8040.0,R,Sleep,2,0.48,W,0.8353195879021297,2,0
slp01b,8040.0,8070.0,R,Sleep,R,0.7033333333333334,W,0.8573437950937542,R,0
slp01b,8070.0,8100.0,R,Sleep,R,0.6333333333333333,W,0.8296939054583643,R,0
slp01b,8100.0,8130.0,R,Sleep,2,0.44666666666666666,W,0.6991137489056545,2,0
slp01b,8130.0,8160.0,R,Sleep,R,0.6666666666666666,W,0.8336115656475847,R,0
slp01b,8160.0,8190.0,R,Sleep,W,0.43333333333333335,W,0.7831293946783032,W,1
slp01b,8190.0,8220.0,W,W,W,0.9266666666666666,W,0.7209689408405798,W,0
slp01b,8220.0,8250.0,W,W,W,0.6666666666666666,Sleep,0.3691918331753111,W,0
slp01b,8250.0,8280.0,1,Sleep,2,0.5233333333333333,W,0.6260704163014277,2,0
slp01b,8280.0,8310.0,W,W,W,0.8733333333333333,Sleep,0.3510456732718618,W,0
slp01b,8310.0,8340.0,W,W,W,0.7133333333333334,W,0.6422702529165167,W,0
slp01b,8340.0,8370.0,1,Sleep,1,0.6566666666666666,W,0.7029096459876392,W,1
slp01b,8370.0,8400.0,1,Sleep,1,0.72,W,0.8597034420387989,W,1
slp01b,8400.0,8430.0,2,Sleep,2,0.8466666666666667,W,0.686372107783417,2,0
slp01b,8430.0,8460.0,2,Sleep,2,0.6866666666666666,W,0.6226364522506506,2,0
slp01b,8460.0,8490.0,W,W,W,0.71,W,0.6574504462659162,W,1
slp01b,8490.0,8520.0,1,Sleep,1,0.7,W,0.6752508662223893,W,1
slp01b,8520.0,8550.0,2,Sleep,W,0.63,W,0.8354823194596392,W,1
slp01b,8550.0,8580.0,2,Sleep,2,0.83,W,0.5635537399298637,2,0
slp01b,8580.0,8610.0,2,Sleep,2,0.7333333333333333,W,0.5278112252446884,2,0
slp01b,8610.0,8640.0,2,Sleep,2,0.8866666666666667,W,0.7166644911471977,2,0
slp01b,8640.0,8670.0,2,Sleep,2,0.9466666666666667,W,0.6807246431144414,2,0
slp01b,8670.0,8700.0,2,Sleep,2,0.98,W,0.5892209534061202,2,0
slp01b,8700.0,8730.0,2,Sleep,2,0.9,W,0.7951386984795199,2,0
slp01b,8730.0,8760.0,2,Sleep,2,0.8166666666666667,W,0.5717996658991241,2,0
slp01b,8760.0,8790.0,2,Sleep,2,0.7933333333333333,Sleep,0.47631073547372293,2,0
slp01b,8790.0,8820.0,2,Sleep,2,0.95,W,0.5767221225640934,2,0
slp01b,8820.0,8850.0,2,Sleep,2,0.8766666666666667,Sleep,0.48318478781455687,2,0
slp01b,8850.0,8880.0,2,Sleep,2,0.81,W,0.8146435801040162,2,0
slp01b,8880.0,8910.0,2,Sleep,2,0.87,W,0.7854900318743848,2,0
slp01b,8910.0,8940.0,R,Sleep,R,0.7233333333333334,W,0.8235764894811239,R,0
slp01b,8940.0,8970.0,R,Sleep,R,0.7933333333333333,Sleep,0.43666943672069813,R,0
slp01b,8970.0,9000.0,R,Sleep,R,0.7333333333333333,W,0.7246613152323615,R,0
slp01b,9000.0,9030.0,R,Sleep,2,0.4766666666666667,Sleep,0.4199457406134863,2,0
slp01b,9030.0,9060.0,R,Sleep,2,0.5133333333333333,W,0.5391691834213066,2,0
slp01b,9060.0,9090.0,R,Sleep,R,0.7866666666666666,W,0.514516683731154,R,0
slp01b,9090.0,9120.0,R,Sleep,2,0.49333333333333335,W,0.6361592854778085,2,0
slp01b,9120.0,9150.0,R,Sleep,R,0.67,W,0.6055468354167598,R,0
slp01b,9150.0,9180.0,R,Sleep,R,0.7133333333333334,W,0.6320864535213436,R,0
slp01b,9180.0,9210.0,R,Sleep,R,0.7166666666666667,W,0.6051934230207949,R,0
slp01b,9210.0,9240.0,R,Sleep,R,0.8133333333333334,Sleep,0.45777273972544624,R,0
slp01b,9240.0,9270.0,R,Sleep,R,0.6233333333333333,W,0.8617587575512294,R,0
slp01b,9270.0,9300.0,1,Sleep,1,0.6466666666666666,W,0.8877159979701641,W,1
slp01b,9300.0,9330.0,1,Sleep,1,0.68,W,0.8566475717221496,W,1
slp01b,9330.0,9360.0,1,Sleep,W,0.49,Sleep,0.3764950019951372,W,0
slp01b,9360.0,9390.0,1,Sleep,R,0.6233333333333333,W,0.7845238389034354,R,0
slp01b,9390.0,9420.0,2,Sleep,2,0.6966666666666667,W,0.7064455363313381,2,0
slp01b,9420.0,9450.0,2,Sleep,2,0.95,W,0.7022275086133143,2,0
slp01b,9450.0,9480.0,2,Sleep,2,0.8566666666666667,W,0.6141158286513839,2,0
slp01b,9480.0,9510.0,2,Sleep,2,0.9866666666666667,W,0.5116441258858156,2,0
slp01b,9510.0,9540.0,2,Sleep,2,0.8933333333333333,W,0.6194018600855048,2,0
slp01b,9540.0,9570.0,2,Sleep,2,0.8833333333333333,W,0.6086131291763348,2,0
slp01b,9570.0,9600.0,2,Sleep,2,0.8033333333333333,Sleep,0.4101887167948637,2,0
slp01b,9600.0,9630.0,R,Sleep,R,0.7366666666666667,W,0.7457851921884145,R,0
slp01b,9630.0,9660.0,R,Sleep,R,0.6133333333333333,W,0.7864042455497268,R,0
slp01b,9660.0,9690.0,R,Sleep,R,0.74,W,0.5331576985163851,R,0
slp01b,9690.0,9720.0,R,Sleep,R,0.7733333333333333,W,0.8507295056611656,R,0
slp01b,9720.0,9750.0,R,Sleep,R,0.7966666666666666,Sleep,0.4323782669132849,R,0
slp01b,9750.0,9780.0,R,Sleep,R,0.7166666666666667,Sleep,0.1254532344728349,R,0
slp01b,9780.0,9810.0,W,W,W,0.6266666666666667,W,0.7242419047518867,W,1
slp01b,9810.0,9840.0,W,W,W,0.75,Sleep,0.39735634629002864,W,0
slp01b,9840.0,9870.0,W,W,R,0.46,W,0.5403671265713887,R,0
slp01b,9870.0,9900.0,1,Sleep,1,0.6733333333333333,Sleep,0.38384899408634365,1,0
slp01b,9900.0,9930.0,2,Sleep,2,0.8,Sleep,0.30673455875645345,2,0
slp01b,9930.0,9960.0,2,Sleep,2,0.72,Sleep,0.3110698249513913,2,0
slp01b,9960.0,9990.0,2,Sleep,2,0.9633333333333334,W,0.5112193368916397,2,0
slp01b,9990.0,10020.0,2,Sleep,2,0.82,Sleep,0.37543871408769014,2,0
slp01b,10020.0,10050.0,1,Sleep,1,0.7566666666666667,Sleep,0.25302879511028903,1,0
slp01b,10050.0,10080.0,1,Sleep,1,0.6666666666666666,Sleep,0.4392516703297778,1,0
slp01b,10080.0,10110.0,2,Sleep,2,0.75,Sleep,0.28558423288449764,2,0
slp01b,10110.0,10140.0,2,Sleep,2,0.9633333333333334,Sleep,0.2291036350375506,2,0
slp01b,10140.0,10170.0,2,Sleep,2,0.92,Sleep,0.3515179189907903,2,0
slp01b,10170.0,10200.0,2,Sleep,2,0.7666666666666667,W,0.6481615701924945,2,0
slp01b,10200.0,10230.0,2,Sleep,2,0.6833333333333333,W,0.5412486790482034,2,0
slp01b,10230.0,10260.0,2,Sleep,2,0.8633333333333333,W,0.7052031307820208,2,0
slp01b,10260.0,10290.0,2,Sleep,2,0.95,W,0.8706513320149435,2,0
slp01b,10290.0,10320.0,2,Sleep,2,0.95,W,0.8075934924120124,2,0
slp01b,10320.0,10350.0,2,Sleep,2,0.9133333333333333,W,0.6482518054659214,2,0
slp01b,10350.0,10380.0,2,Sleep,2,0.8966666666666666,W,0.593703338434556,2,0
slp01b,10380.0,10410.0,2,Sleep,2,0.96,W,0.6238603042156939,2,0
slp01b,10410.0,10440.0,2,Sleep,2,0.9833333333333333,Sleep,0.47268852091987945,2,0
slp01b,10440.0,10470.0,2,Sleep,2,0.96,Sleep,0.32121178615912,2,0
slp01b,10470.0,10500.0,2,Sleep,2,0.9366666666666666,Sleep,0.44159014651706,2,0
slp01b,10500.0,10530.0,2,Sleep,2,0.8433333333333334,Sleep,0.3000309293101353,2,0
slp01b,10530.0,10560.0,2,Sleep,2,0.6666666666666666,Sleep,0.3640262058501075,2,0
slp01b,10560.0,10590.0,W,W,W,0.7466666666666667,Sleep,0.4208526168584992,W,0
slp01b,10590.0,10620.0,1,Sleep,1,0.71,Sleep,0.2908922187174781,1,0
slp01b,10620.0,10650.0,1,Sleep,1,0.6733333333333333,Sleep,0.2381148919208368,1,0
slp01b,10650.0,10680.0,1,Sleep,1,0.6466666666666666,Sleep,0.3556275292601309,1,0
slp01b,10680.0,10710.0,2,Sleep,2,0.9466666666666667,Sleep,0.36768345860687857,2,0
slp01b,10710.0,10740.0,2,Sleep,2,0.9766666666666667,Sleep,0.2837266087547385,2,0
slp01b,10740.0,10770.0,2,Sleep,2,0.9433333333333334,Sleep,0.2755396687424809,2,0
slp01b,10770.0,10800.0,2,Sleep,2,0.72,Sleep,0.31809203087047794,2,0
slp02a,0.004,30.004,2,Sleep,W,0.8933333333333333,Sleep,0.41412360230283285,W,0
slp02a,30.0,60.0,2,Sleep,W,0.9466666666666667,Sleep,0.46410574305079116,W,0
slp02a,60.0,90.0,2,Sleep,W,0.94,Sleep,0.3856614809850828,W,0
slp02a,90.0,120.0,2,Sleep,W,0.97,Sleep,0.4424357080218268,W,0
slp02a,120.0,150.0,2,Sleep,W,0.99,Sleep,0.47830824540545486,W,0
slp02a,150.0,180.0,2,Sleep,W,0.98,Sleep,0.4749023637416839,W,0
slp02a,240.0,270.0,2,Sleep,W,1.0,Sleep,0.3846609949832691,W,0
slp02a,270.0,300.0,2,Sleep,W,0.95,Sleep,0.32076182222713484,W,0
slp02a,300.0,330.0,2,Sleep,W,0.9966666666666667,Sleep,0.15572411769288008,W,0
slp02a,330.0,360.0,2,Sleep,W,0.9866666666666667,Sleep,0.48943426255408906,W,0
slp02a,360.0,390.0,2,Sleep,W,0.9733333333333334,Sleep,0.25740132085923323,W,0
slp02a,390.0,420.0,2,Sleep,W,0.8833333333333333,Sleep,0.36952098194846883,W,0
slp02a,420.0,450.0,2,Sleep,W,0.9966666666666667,Sleep,0.4503855723259226,W,0
slp02a,450.0,480.0,2,Sleep,W,0.9766666666666667,Sleep,0.1617440701682378,W,0
slp02a,480.0,510.0,2,Sleep,W,1.0,Sleep,0.26441628358603003,W,0
slp02a,510.0,540.0,2,Sleep,W,0.99,Sleep,0.10756715791696352,W,0
slp02a,540.0,570.0,2,Sleep,W,0.99,Sleep,0.09642288870249291,W,0
slp02a,570.0,600.0,2,Sleep,W,1.0,Sleep,0.20767027822216416,W,0
slp02a,600.0,630.0,2,Sleep,W,0.9933333333333333,Sleep,0.21928957191552093,W,0
slp02a,630.0,660.0,2,Sleep,W,0.9133333333333333,Sleep,0.1076950031258952,W,0
slp02a,660.0,690.0,2,Sleep,W,1.0,Sleep,0.271244476424555,W,0
slp02a,690.0,720.0,2,Sleep,W,1.0,Sleep,0.1608619674024593,W,0
slp02a,720.0,750.0,2,Sleep,W,1.0,Sleep,0.38027638203656866,W,0
slp02a,750.0,780.0,2,Sleep,W,0.9966666666666667,W,0.5790816637794194,W,0
slp02a,780.0,810.0,2,Sleep,W,0.9966666666666667,Sleep,0.2930027569457446,W,0
slp02a,810.0,840.0,2,Sleep,W,0.9433333333333334,Sleep,0.30652165934832437,W,0
slp02a,840.0,870.0,2,Sleep,W,0.9933333333333333,Sleep,0.09071922896393192,W,0
slp02a,870.0,900.0,2,Sleep,W,0.9766666666666667,Sleep,0.37427070252050354,W,0
slp02a,900.0,930.0,2,Sleep,W,0.9366666666666666,Sleep,0.2189334138870303,W,0
slp02a,960.0,990.0,W,W,W,0.9866666666666667,W,0.7766808938187251,W,0
slp02a,990.0,1020.0,W,W,W,0.89,W,0.5280314544616518,W,0
slp02a,1020.0,1050.0,1,Sleep,W,0.9966666666666667,Sleep,0.3254303860543357,W,0
slp02a,1050.0,1080.0,2,Sleep,W,0.9933333333333333,Sleep,0.26892807879982733,W,0
slp02a,1080.0,1110.0,2,Sleep,W,0.9866666666666667,Sleep,0.2997366243933472,W,0
slp02a,1110.0,1140.0,2,Sleep,W,0.9966666666666667,Sleep,0.29759650295827955,W,0
slp02a,1140.0,1170.0,2,Sleep,W,0.9733333333333334,Sleep,0.26428104451359236,W,0
slp02a,1170.0,1200.0,2,Sleep,W,0.96,Sleep,0.2521485382978825,W,0
slp02a,1200.0,1230.0,2,Sleep,W,0.99,Sleep,0.3091660734767782,W,0
slp02a,1230.0,1260.0,2,Sleep,W,0.9766666666666667,Sleep,0.3058916060736553,W,0
slp02a,1260.0,1290.0,2,Sleep,W,0.9966666666666667,Sleep,0.3534662235733226,W,0
slp02a,1290.0,1320.0,2,Sleep,W,0.9766666666666667,Sleep,0.24963276157423442,W,0
slp02a,1320.0,1350.0,2,Sleep,W,0.94,Sleep,0.2570099218711927,W,0
slp02a,1350.0,1380.0,2,Sleep,W,0.96,W,0.5417734354991376,W,0
slp02a,1380.0,1410.0,2,Sleep,W,0.9933333333333333,Sleep,0.25462855111655097,W,0
slp02a,1410.0,1440.0,2,Sleep,W,0.91,Sleep,0.3712395328490659,W,0
slp02a,1440.0,1470.0,2,Sleep,W,0.9866666666666667,Sleep,0.2097267398102668,W,0
slp02a,1470.0,1500.0,2,Sleep,W,0.99,Sleep,0.2162874783300783,W,0
slp02a,1500.0,1530.0,2,Sleep,W,0.9866666666666667,Sleep,0.22021119772095588,W,0
slp02a,1530.0,1560.0,2,Sleep,W,0.9966666666666667,Sleep,0.22643010557771542,W,0
slp02a,1560.0,1590.0,2,Sleep,W,0.8966666666666666,Sleep,0.2821575747282699,W,0
slp02a,1590.0,1620.0,2,Sleep,W,1.0,Sleep,0.2365322520045225,W,0
slp02a,1620.0,1650.0,2,Sleep,W,0.98,Sleep,0.2103976728821017,W,0
slp02a,1650.0,1680.0,2,Sleep,W,0.8466666666666667,Sleep,0.2291589425393302,W,0
slp02a,1680.0,1710.0,2,Sleep,W,0.94,Sleep,0.21318673560932463,W,0
slp02a,1710.0,1740.0,2,Sleep,W,0.8733333333333333,Sleep,0.3105682148750659,W,0
slp02a,1740.0,1770.0,2,Sleep,W,0.9233333333333333,Sleep,0.20537915073505453,W,0
slp02a,1770.0,1800.0,2,Sleep,W,0.9566666666666667,Sleep,0.21952396128985427,W,0
slp02a,1800.0,1830.0,2,Sleep,W,0.9733333333333334,Sleep,0.27493430980611594,W,0
slp02a,1830.0,1860.0,3,Sleep,W,0.7733333333333333,Sleep,0.20359792748846262,W,0
slp02a,1860.0,1890.0,2,Sleep,W,0.7,Sleep,0.21686743819536583,W,0
slp02a,1890.0,1920.0,2,Sleep,W,0.9833333333333333,Sleep,0.27935019443811465,W,0
slp02a,1920.0,1950.0,2,Sleep,W,0.9,Sleep,0.23297613810528703,W,0
slp02a,1950.0,1980.0,2,Sleep,W,0.9566666666666667,Sleep,0.21565224695939672,W,0
slp02a,1980.0,2010.0,2,Sleep,W,0.99,Sleep,0.20912164090375343,W,0
slp02a,2010.0,2040.0,2,Sleep,W,0.9833333333333333,Sleep,0.21570370401940347,W,0
slp02a,2040.0,2070.0,4,Sleep,W,0.9966666666666667,Sleep,0.46358085107724806,W,0
slp02a,2070.0,2100.0,2,Sleep,W,0.9566666666666667,Sleep,0.21441475587501282,W,0
slp02a,2100.0,2130.0,2,Sleep,W,0.9666666666666667,Sleep,0.26510964294344114,W,0
slp02a,2130.0,2160.0,2,Sleep,W,0.9933333333333333,Sleep,0.22428147614014865,W,0
slp02a,2160.0,2190.0,2,Sleep,W,0.9333333333333333,Sleep,0.22199275902629736,W,0
slp02a,2190.0,2220.0,3,Sleep,W,0.9966666666666667,Sleep,0.27426489694609524,W,0
slp02a,2220.0,2250.0,3,Sleep,W,0.9633333333333334,Sleep,0.3691560493770757,W,0
slp02a,2250.0,2280.0,2,Sleep,W,0.97,Sleep,0.2534318327363793,W,0
slp02a,2280.0,2310.0,2,Sleep,W,0.8666666666666667,Sleep,0.22618405579646705,W,0
slp02a,2310.0,2340.0,2,Sleep,W,0.8433333333333334,Sleep,0.38611430681793624,W,0
slp02a,2340.0,2370.0,4,Sleep,W,0.98,Sleep,0.2659273862404997,W,0
slp02a,2370.0,2400.0,3,Sleep,W,0.9666666666666667,Sleep,0.29094664710891327,W,0
slp02a,2400.0,2430.0,2,Sleep,W,0.99,Sleep,0.22858344846176706,W,0
slp02a,2430.0,2460.0,3,Sleep,W,0.9766666666666667,Sleep,0.2568733178867898,W,0
slp02a,2460.0,2490.0,2,Sleep,W,0.9966666666666667,Sleep,0.22977954256887936,W,0
slp02a,2490.0,2520.0,2,Sleep,W,0.66,Sleep,0.3956464703746576,W,0
slp02a,2520.0,2550.0,2,Sleep,W,0.9833333333333333,Sleep,0.25146928726981294,W,0
slp02a,2550.0,2580.0,2,Sleep,W,0.9,Sleep,0.2203444552015227,W,0
slp02a,2580.0,2610.0,2,Sleep,W,0.9366666666666666,Sleep,0.465770220942753,W,0
slp02a,2610.0,2640.0,R,Sleep,W,0.9566666666666667,Sleep,0.4238119790065296,W,0
slp02a,2640.0,2670.0,R,Sleep,W,0.9866666666666667,Sleep,0.42023579397561045,W,0
slp02a,2670.0,2700.0,R,Sleep,W,0.9666666666666667,Sleep,0.4703403081931731,W,0
slp02a,2700.0,2730.0,1,Sleep,W,0.99,Sleep,0.46452167359150337,W,0
slp02a,2790.0,2820.0,1,Sleep,W,0.8166666666666667,W,0.5953703503996457,W,0
slp02a,2820.0,2850.0,1,Sleep,W,0.86,Sleep,0.3813803249357443,W,0
slp02a,2880.0,2910.0,1,Sleep,W,0.8633333333333333,Sleep,0.48868774360862377,W,0
slp02a,2910.0,2940.0,1,Sleep,1,0.71,Sleep,0.34949953625030394,1,0
slp02a,2940.0,2970.0,1,Sleep,W,0.9166666666666666,Sleep,0.2954822308651119,W,0
slp02a,2970.0,3000.0,1,Sleep,W,0.94,W,0.5313210071136676,W,0
slp02a,3000.0,3030.0,1,Sleep,1,0.6533333333333333,Sleep,0.30012843901363284,1,0
slp02a,3030.0,3060.0,2,Sleep,1,0.76,Sleep,0.39378666665788803,1,0
slp02a,3060.0,3090.0,1,Sleep,2,0.8066666666666666,Sleep,0.2737579094148743,2,0
slp02a,3090.0,3120.0,2,Sleep,1,0.7433333333333333,Sleep,0.20105450772291342,1,0
slp02a,3120.0,3150.0,2,Sleep,1,0.73,W,0.5845905978497785,1,0
slp02a,3150.0,3180.0,2,Sleep,2,0.7766666666666666,W,0.5181406156832475,2,0
slp02a,3180.0,3210.0,2,Sleep,2,0.7466666666666667,Sleep,0.11318973870039759,2,0
slp02a,3210.0,3240.0,2,Sleep,2,0.7933333333333333,Sleep,0.38687026297752763,2,0
slp02a,3240.0,3270.0,2,Sleep,2,0.7166666666666667,Sleep,0.24082443091747208,2,0
slp02a,3270.0,3300.0,2,Sleep,1,0.7533333333333333,Sleep,0.30082009415455996,1,0
slp02a,3300.0,3330.0,2,Sleep,2,0.87,Sleep,0.35467340260193825,2,0
slp02a,3330.0,3360.0,2,Sleep,2,0.7066666666666667,Sleep,0.25800245887386136,2,0
slp02a,3360.0,3390.0,1,Sleep,2,0.6633333333333333,Sleep,0.3653896636468079,2,0
slp02a,3420.0,3450.0,2,Sleep,2,0.8866666666666667,Sleep,0.2877501199723952,2,0
slp02a,3450.0,3480.0,2,Sleep,2,0.72,Sleep,0.2575094543614857,2,0
slp02a,3480.0,3510.0,2,Sleep,2,0.9066666666666666,Sleep,0.13644443330392916,2,0
slp02a,3510.0,3540.0,2,Sleep,2,0.8666666666666667,Sleep,0.1737712470266948,2,0
slp02a,3540.0,3570.0,2,Sleep,2,0.43333333333333335,W,0.6036389179654235,2,0
slp02a,3600.0,3630.0,2,Sleep,2,0.9,Sleep,0.48818972796448795,2,0
slp02a,3630.0,3660.0,2,Sleep,2,0.75,Sleep,0.2682400034070033,2,0
slp02a,3660.0,3690.0,2,Sleep,2,0.86,Sleep,0.2889917429535846,2,0
slp02a,3690.0,3720.0,2,Sleep,2,0.8633333333333333,Sleep,0.20623128883395914,2,0
slp02a,3720.0,3750.0,2,Sleep,2,0.9033333333333333,Sleep,0.1612137960343823,2,0
slp02a,3750.0,3780.0,2,Sleep,2,0.9466666666666667,Sleep,0.27527015776959207,2,0
slp02a,3780.0,3810.0,2,Sleep,2,0.6333333333333333,Sleep,0.1870939635162481,2,0
slp02a,3810.0,3840.0,2,Sleep,2,0.83,Sleep,0.3246674542614781,2,0
slp02a,3840.0,3870.0,2,Sleep,2,0.8766666666666667,Sleep,0.1849349333696275,2,0
slp02a,3870.0,3900.0,2,Sleep,2,0.9366666666666666,Sleep,0.18823856720055096,2,0
slp02a,3900.0,3930.0,2,Sleep,2,0.9366666666666666,Sleep,0.24101405562847483,2,0
slp02a,3930.0,3960.0,2,Sleep,2,0.68,Sleep,0.2144869521478245,2,0
slp02a,3960.0,3990.0,2,Sleep,2,0.8333333333333334,Sleep,0.4129424038869821,2,0
slp02a,3990.0,4020.0,2,Sleep,W,0.98,Sleep,0.34031255250820286,W,0
slp02a,4020.0,4050.0,2,Sleep,W,0.9333333333333333,Sleep,0.1738999641680526,W,0
slp02a,4050.0,4080.0,2,Sleep,W,0.9366666666666666,Sleep,0.38245110606057475,W,0
slp02a,4080.0,4110.0,2,Sleep,W,0.8733333333333333,Sleep,0.16520078416151798,W,0
slp02a,4110.0,4140.0,2,Sleep,W,0.85,Sleep,0.34488910918355925,W,0
slp02a,4140.0,4170.0,2,Sleep,W,0.9633333333333334,Sleep,0.37585857566547287,W,0
slp02a,4170.0,4200.0,2,Sleep,W,0.98,Sleep,0.39632344246302154,W,0
slp02a,4200.0,4230.0,2,Sleep,W,0.9966666666666667,Sleep,0.4508114882560007,W,0
slp02a,4230.0,4260.0,2,Sleep,W,1.0,Sleep,0.22426398651461515,W,0
slp02a,4260.0,4290.0,2,Sleep,W,0.9966666666666667,Sleep,0.3669274029441393,W,0
slp02a,4290.0,4320.0,2,Sleep,W,0.99,Sleep,0.3037286848117721,W,0
slp02a,4320.0,4350.0,2,Sleep,W,1.0,Sleep,0.3918402360338815,W,0
slp02a,4350.0,4380.0,2,Sleep,W,0.99,Sleep,0.4160695830702845,W,0
slp02a,4380.0,4410.0,2,Sleep,W,0.9866666666666667,Sleep,0.14816058261406018,W,0
slp02a,4410.0,4440.0,2,Sleep,W,0.9866666666666667,Sleep,0.2800154312934595,W,0
slp02a,4440.0,4470.0,2,Sleep,W,0.6533333333333333,Sleep,0.18798976992595728,W,0
slp02a,4470.0,4500.0,2,Sleep,W,0.9366666666666666,Sleep,0.16277990708239792,W,0
slp02a,4500.0,4530.0,2,Sleep,W,0.9366666666666666,Sleep,0.24766059730376977,W,0
slp02a,4530.0,4560.0,2,Sleep,W,0.9966666666666667,Sleep,0.3093659344297155,W,0
slp02a,4560.0,4590.0,2,Sleep,W,0.9866666666666667,Sleep,0.41165539065670886,W,0
slp02a,4590.0,4620.0,2,Sleep,W,0.99,Sleep,0.19731870870169946,W,0
slp02a,4620.0,4650.0,2,Sleep,W,0.9933333333333333,Sleep,0.12609551349342454,W,0
slp02a,4650.0,4680.0,2,Sleep,W,0.9233333333333333,W,0.5623891761347947,W,0
slp02a,4680.0,4710.0,2,Sleep,W,0.99,Sleep,0.33991277212942783,W,0
slp02a,4710.0,4740.0,2,Sleep,W,0.9966666666666667,Sleep,0.376240975699131,W,0
slp02a,4740.0,4770.0,2,Sleep,W,0.93,Sleep,0.16874744383174647,W,0
slp02a,4770.0,4800.0,2,Sleep,W,0.9966666666666667,Sleep,0.3654767409532253,W,0
slp02a,4800.0,4830.0,2,Sleep,W,0.9333333333333333,Sleep,0.27970468454066516,W,0
slp02a,4830.0,4860.0,2,Sleep,W,1.0,Sleep,0.20699515668872354,W,0
slp02a,4860.0,4890.0,2,Sleep,W,0.94,Sleep,0.1687548538307253,W,0
slp02a,4890.0,4920.0,2,Sleep,W,0.9233333333333333,W,0.5925554215048242,W,0
slp02a,4920.0,4950.0,2,Sleep,W,0.9,Sleep,0.3258978419423475,W,0
slp02a,4950.0,4980.0,2,Sleep,W,0.5666666666666667,W,0.5943466496375432,W,0
slp02a,4980.0,5010.0,W,W,W,0.81,W,0.7472809138254966,W,0
slp02a,5010.0,5040.0,W,W,2,0.54,W,0.7520386550312419,2,0
slp02a,5040.0,5070.0,W,W,2,0.77,W,0.6909556147391295,2,0
slp02a,5070.0,5100.0,W,W,2,0.7133333333333334,W,0.578855883100324,2,0
slp02a,5100.0,5130.0,W,W,2,0.5866666666666667,W,0.6909944550396618,2,0
slp02a,5130.0,5160.0,W,W,2,0.7666666666666667,W,0.5299109110523189,2,0
slp02a,5160.0,5190.0,W,W,1,0.6933333333333334,W,0.5156940927429968,1,0
slp02a,5190.0,5220.0,W,W,W,0.8466666666666667,W,0.7124140022168697,W,0
slp02a,5220.0,5250.0,W,W,W,0.9166666666666666,Sleep,0.39788146924989665,W,0
slp02a,5250.0,5280.0,W,W,1,0.6833333333333333,W,0.6710187607350346,W,1
slp02a,5280.0,5310.0,W,W,1,0.73,Sleep,0.46369287543072923,1,0
slp02a,5310.0,5340.0,W,W,1,0.36333333333333334,Sleep,0.37642637348475316,1,0
slp02a,5340.0,5370.0,W,W,2,0.46,W,0.6505875464355837,2,0
slp02a,5370.0,5400.0,W,W,2,0.95,W,0.6912841737008231,2,0
slp02a,5400.0,5430.0,W,W,2,0.8366666666666667,W,0.5319083879883099,2,0
slp02a,5430.0,5460.0,W,W,2,0.8,W,0.6078565814873429,2,0
slp02a,5460.0,5490.0,W,W,2,0.8133333333333334,W,0.7575398354498902,2,0
slp02a,5490.0,5520.0,W,W,2,0.9233333333333333,W,0.7242953391198815,2,0
slp02a,5520.0,5550.0,W,W,2,0.8966666666666666,W,0.665211600932945,2,0
slp02a,5550.0,5580.0,W,W,2,0.8366666666666667,W,0.5684160149599177,2,0
slp02a,5580.0,5610.0,W,W,2,0.7633333333333333,Sleep,0.48328174155019116,2,0
slp02a,5610.0,5640.0,W,W,2,0.86,W,0.6028184880958052,2,0
slp02a,5640.0,5670.0,W,W,2,0.8766666666666667,W,0.7378692451316552,2,0
slp02a,5670.0,5700.0,W,W,2,0.8966666666666666,W,0.556405424945525,2,0
slp02a,5700.0,5730.0,W,W,2,0.9133333333333333,W,0.6689732556929673,2,0
slp02a,5730.0,5760.0,W,W,2,0.9166666666666666,W,0.5438690959568702,2,0
slp02a,5760.0,5790.0,W,W,2,0.85,W,0.751561343417999,2,0
slp02a,5790.0,5820.0,W,W,2,0.68,W,0.6559601383451906,2,0
slp02a,5820.0,5850.0,W,W,2,0.8833333333333333,W,0.5102257633952856,2,0
slp02a,5850.0,5880.0,W,W,N3,0.6733333333333333,W,0.6273462733772632,N3,0
slp02a,5880.0,5910.0,W,W,2,0.8566666666666667,Sleep,0.29813238589855573,2,0
slp02a,5910.0,5940.0,W,W,2,0.8966666666666666,W,0.6139454093647995,2,0
slp02a,5940.0,5970.0,W,W,2,0.8533333333333334,W,0.5415929085718791,2,0
slp02a,5970.0,6000.0,W,W,2,0.8166666666666667,W,0.5210613945291158,2,0
slp02a,6000.0,6030.0,W,W,2,0.9033333333333333,W,0.5484400779881619,2,0
slp02a,6030.0,6060.0,W,W,2,0.9166666666666666,W,0.6771644664845885,2,0
slp02a,6060.0,6090.0,W,W,N3,0.7366666666666667,W,0.6949900817711973,N3,0
slp02a,6090.0,6120.0,1,Sleep,2,0.8633333333333333,Sleep,0.4489000936608748,2,0
slp02a,6120.0,6150.0,W,W,2,0.83,W,0.5921937436193069,2,0
slp02a,6150.0,6180.0,W,W,2,0.8766666666666667,W,0.6141627648803725,2,0
slp02a,6180.0,6210.0,W,W,2,0.83,W,0.6020643185778914,2,0
slp02a,6210.0,6240.0,1,Sleep,2,0.7633333333333333,Sleep,0.49523350198530397,2,0
slp02a,6240.0,6270.0,2,Sleep,2,0.8766666666666667,Sleep,0.377355672233376,2,0
slp02a,6270.0,6300.0,1,Sleep,2,0.81,Sleep,0.3252670482324949,2,0
slp02a,6300.0,6330.0,1,Sleep,2,0.9066666666666666,Sleep,0.38196146808719933,2,0
slp02a,6330.0,6360.0,2,Sleep,2,0.8833333333333333,Sleep,0.33087525586304395,2,0
slp02a,6360.0,6390.0,2,Sleep,N3,0.7066666666666667,Sleep,0.3661288172921148,N3,0
slp02a,6390.0,6420.0,2,Sleep,2,0.8133333333333334,Sleep,0.27646742904548993,2,0
slp02a,6420.0,6450.0,2,Sleep,2,0.7866666666666666,Sleep,0.2905510364791454,2,0
slp02a,6450.0,6480.0,2,Sleep,2,0.94,Sleep,0.30369866905076365,2,0
slp02a,6480.0,6510.0,2,Sleep,N3,0.6433333333333333,Sleep,0.3066599931671656,N3,0
slp02a,6510.0,6540.0,2,Sleep,2,0.8766666666666667,Sleep,0.3610294511314436,2,0
slp02a,6540.0,6570.0,2,Sleep,2,0.9166666666666666,Sleep,0.32133658289431843,2,0
slp02a,6570.0,6600.0,1,Sleep,2,0.6366666666666667,Sleep,0.34339790585141405,2,0
slp02a,6600.0,6630.0,2,Sleep,N3,0.77,Sleep,0.29501126877298356,N3,0
slp02a,6630.0,6660.0,2,Sleep,2,0.8966666666666666,Sleep,0.33443940237392766,2,0
slp02a,6660.0,6690.0,2,Sleep,N3,0.76,Sleep,0.28792367467167956,N3,0
slp02a,6690.0,6720.0,2,Sleep,2,0.7133333333333334,Sleep,0.28120631866924695,2,0
slp02a,6720.0,6750.0,2,Sleep,2,0.77,Sleep,0.35737965101761876,2,0
slp02a,6750.0,6780.0,2,Sleep,N3,0.6866666666666666,Sleep,0.3639385385914122,N3,0
slp02a,6780.0,6810.0,2,Sleep,2,0.5866666666666667,Sleep,0.36833450062598344,2,0
slp02a,6810.0,6840.0,2,Sleep,2,0.6233333333333333,Sleep,0.31835493100333784,2,0
slp02a,6840.0,6870.0,2,Sleep,2,0.7266666666666667,Sleep,0.30442966211343464,2,0
slp02a,6870.0,6900.0,2,Sleep,2,0.84,Sleep,0.3482112991422731,2,0
slp02a,6900.0,6930.0,2,Sleep,2,0.6133333333333333,Sleep,0.3418296887095815,2,0
slp02a,6930.0,6960.0,2,Sleep,2,0.97,Sleep,0.180500217056496,2,0
slp02a,6960.0,6990.0,2,Sleep,2,0.92,Sleep,0.2977484708902404,2,0
slp02a,6990.0,7020.0,2,Sleep,2,0.9,Sleep,0.3577178360146796,2,0
slp02a,7020.0,7050.0,2,Sleep,2,0.8966666666666666,Sleep,0.26633653143006786,2,0
slp02a,7050.0,7080.0,2,Sleep,N3,0.8633333333333333,Sleep,0.4076520327675933,N3,0
slp02a,7080.0,7110.0,R,Sleep,2,0.78,Sleep,0.1932389591622951,2,0
slp02a,7110.0,7140.0,R,Sleep,2,0.8266666666666667,Sleep,0.14861423799664322,2,0
slp02a,7140.0,7170.0,R,Sleep,N3,0.7,W,0.5045204476280224,N3,0
slp02a,7170.0,7200.0,R,Sleep,N3,0.6933333333333334,Sleep,0.16752109822698164,N3,0
slp02a,7200.0,7230.0,R,Sleep,2,0.8766666666666667,Sleep,0.31223911734553395,2,0
slp02a,7230.0,7260.0,R,Sleep,2,0.9333333333333333,Sleep,0.2270307335068382,2,0
slp02a,7260.0,7290.0,R,Sleep,N3,0.74,Sleep,0.37191900845374093,N3,0
slp02a,7290.0,7320.0,R,Sleep,N3,0.6766666666666666,Sleep,0.38014228337997025,N3,0
slp02a,7320.0,7350.0,R,Sleep,N3,0.7066666666666667,Sleep,0.4411493009504116,N3,0
slp02a,7350.0,7380.0,R,Sleep,2,0.51,Sleep,0.4005987306967027,2,0
slp02a,7380.0,7410.0,R,Sleep,2,0.8733333333333333,Sleep,0.4381822331597642,2,0
slp02a,7410.0,7440.0,R,Sleep,2,0.8466666666666667,Sleep,0.4143994535334254,2,0
slp02a,7440.0,7470.0,R,Sleep,N3,0.79,Sleep,0.24494748864318036,N3,0
slp02a,7470.0,7500.0,R,Sleep,2,0.9,Sleep,0.39133946983423834,2,0
slp02a,7500.0,7530.0,R,Sleep,2,0.7766666666666666,Sleep,0.4227258702553778,2,0
slp02a,7530.0,7560.0,R,Sleep,2,0.73,Sleep,0.46999905102944334,2,0
slp02a,7560.0,7590.0,R,Sleep,2,0.8966666666666666,Sleep,0.42357908427970314,2,0
slp02a,7590.0,7620.0,R,Sleep,2,0.79,Sleep,0.3476619173063438,2,0
slp02a,7620.0,7650.0,R,Sleep,N3,0.6933333333333334,Sleep,0.47295193021117127,N3,0
slp02a,7650.0,7680.0,R,Sleep,N3,0.6733333333333333,Sleep,0.4367325534337101,N3,0
slp02a,7680.0,7710.0,R,Sleep,N3,0.7033333333333334,Sleep,0.45016269928159003,N3,0
slp02a,7710.0,7740.0,R,Sleep,2,0.59,Sleep,0.4505974893822532,2,0
slp02a,7740.0,7770.0,R,Sleep,N3,0.8333333333333334,Sleep,0.10729369252368282,N3,0
slp02a,7770.0,7800.0,R,Sleep,2,0.56,Sleep,0.19045629878610326,2,0
slp02a,7800.0,7830.0,R,Sleep,N3,0.6766666666666666,Sleep,0.4371636003786141,N3,0
slp02a,7830.0,7860.0,R,Sleep,N3,0.8066666666666666,Sleep,0.3227254840694985,N3,0
slp02a,7860.0,7890.0,R,Sleep,2,0.7333333333333333,Sleep,0.3681908013461125,2,0
slp02a,7890.0,7920.0,R,Sleep,N3,0.7566666666666667,Sleep,0.3760530078121986,N3,0
slp02a,7920.0,7950.0,R,Sleep,N3,0.7166666666666667,Sleep,0.35938600325023295,N3,0
slp02a,7950.0,7980.0,R,Sleep,2,0.6833333333333333,Sleep,0.37479338949330343,2,0
slp02a,7980.0,8010.0,R,Sleep,N3,0.5466666666666666,Sleep,0.32425466524494045,N3,0
slp02a,8010.0,8040.0,R,Sleep,2,0.8766666666666667,Sleep,0.3784855530539377,2,0
slp02a,8040.0,8070.0,R,Sleep,N3,0.7133333333333334,Sleep,0.47642121340113996,N3,0
slp02a,8070.0,8100.0,R,Sleep,N3,0.6566666666666666,Sleep,0.4762190312930479,N3,0
slp02a,8100.0,8130.0,R,Sleep,2,0.8133333333333334,Sleep,0.4241634794723389,2,0
slp02a,8130.0,8160.0,R,Sleep,2,0.8433333333333334,Sleep,0.37767684399632045,2,0
slp02a,8160.0,8190.0,R,Sleep,2,0.9366666666666666,Sleep,0.32173734897529244,2,0
slp02a,8190.0,8220.0,R,Sleep,2,0.8,Sleep,0.2312320690447742,2,0
slp02a,8220.0,8250.0,R,Sleep,2,0.9133333333333333,Sleep,0.4359915866859499,2,0
slp02a,8250.0,8280.0,R,Sleep,N3,0.78,Sleep,0.4013703625702076,N3,0
slp02a,8280.0,8310.0,R,Sleep,2,0.7633333333333333,Sleep,0.43820682934837846,2,0
slp02a,8310.0,8340.0,R,Sleep,N3,0.6466666666666666,Sleep,0.3304763415151886,N3,0
slp02a,8340.0,8370.0,R,Sleep,2,0.8233333333333334,Sleep,0.37704372062411823,2,0
slp02a,8370.0,8400.0,R,Sleep,2,0.8833333333333333,Sleep,0.37189518024553614,2,0
slp02a,8400.0,8430.0,R,Sleep,N3,0.62,Sleep,0.48104430530796094,N3,0
slp02a,8430.0,8460.0,R,Sleep,2,0.9733333333333334,Sleep,0.38538907440819564,2,0
slp02a,8460.0,8490.0,R,Sleep,2,0.9566666666666667,Sleep,0.4617156233990152,2,0
slp02a,8490.0,8520.0,R,Sleep,2,0.93,Sleep,0.36295246836847966,2,0
slp02a,8520.0,8550.0,R,Sleep,N3,0.7166666666666667,W,0.5523177441650121,N3,0
slp02a,8550.0,8580.0,R,Sleep,2,0.89,Sleep,0.4283142145288496,2,0
slp02a,8580.0,8610.0,2,Sleep,N3,0.6733333333333333,Sleep,0.36809582456689444,N3,0
slp02a,8610.0,8640.0,2,Sleep,2,0.65,Sleep,0.39773109193139805,2,0
slp02a,8640.0,8670.0,2,Sleep,2,0.86,Sleep,0.3926874762205723,2,0
slp02a,8670.0,8700.0,R,Sleep,N3,0.7666666666666667,Sleep,0.21257055936252445,N3,0
slp02a,8700.0,8730.0,R,Sleep,N3,0.7133333333333334,Sleep,0.4496733527550496,N3,0
slp02a,8730.0,8760.0,R,Sleep,2,0.7566666666666667,Sleep,0.2984807928301218,2,0
slp02a,8760.0,8790.0,R,Sleep,2,0.84,Sleep,0.3533069495072517,2,0
slp02a,8790.0,8820.0,R,Sleep,2,0.8466666666666667,Sleep,0.24741003100576867,2,0
slp02a,8820.0,8850.0,R,Sleep,N3,0.65,W,0.5245875252218181,N3,0
slp02a,8850.0,8880.0,R,Sleep,2,0.84,W,0.686182955992949,2,0
slp02a,8880.0,8910.0,W,W,2,0.8166666666666667,W,0.6717116879016343,2,0
slp02a,8910.0,8940.0,1,Sleep,N3,0.77,Sleep,0.48027062319901204,N3,0
slp02a,8940.0,8970.0,2,Sleep,2,0.6466666666666666,Sleep,0.36276376351894873,2,0
slp02a,8970.0,9000.0,2,Sleep,2,0.5433333333333333,Sleep,0.38561665220920577,2,0
slp02a,9000.0,9030.0,R,Sleep,N3,0.7933333333333333,Sleep,0.352664863972317,N3,0
slp02a,9030.0,9060.0,R,Sleep,N3,0.8766666666666667,Sleep,0.4302596308424913,N3,0
slp02a,9060.0,9090.0,R,Sleep,2,0.9466666666666667,Sleep,0.22660272293971176,2,0
slp02a,9090.0,9120.0,R,Sleep,2,0.81,Sleep,0.41959375306857394,2,0
slp02a,9120.0,9150.0,R,Sleep,N3,0.7166666666666667,Sleep,0.3946024133112533,N3,0
slp02a,9150.0,9180.0,R,Sleep,2,0.86,Sleep,0.31171182532830793,2,0
slp02a,9180.0,9210.0,R,Sleep,N3,0.75,Sleep,0.3654843481282298,N3,0
slp02a,9210.0,9240.0,R,Sleep,2,0.7633333333333333,Sleep,0.4086400583904605,2,0
slp02a,9240.0,9270.0,R,Sleep,2,0.8333333333333334,Sleep,0.37651176863228375,2,0
slp02a,9270.0,9300.0,R,Sleep,2,0.7933333333333333,Sleep,0.32202851328517423,2,0
slp02a,9300.0,9330.0,R,Sleep,2,0.9266666666666666,Sleep,0.3287852775326853,2,0
slp02a,9330.0,9360.0,R,Sleep,2,0.9366666666666666,Sleep,0.34883481204327454,2,0
slp02a,9360.0,9390.0,R,Sleep,2,0.85,Sleep,0.3143902108690684,2,0
slp02a,9390.0,9420.0,R,Sleep,2,0.8166666666666667,Sleep,0.3990537998712979,2,0
slp02a,9420.0,9450.0,R,Sleep,N3,0.6433333333333333,Sleep,0.34134632676501075,N3,0
slp02a,9450.0,9480.0,R,Sleep,2,0.92,Sleep,0.3619390804353299,2,0
slp02a,9480.0,9510.0,R,Sleep,2,0.8066666666666666,W,0.5020896299465402,2,0
slp02a,9510.0,9540.0,W,W,N3,0.81,Sleep,0.3574723039807654,N3,0
slp02a,9540.0,9570.0,1,Sleep,2,0.8766666666666667,Sleep,0.3238763089519033,2,0
slp02a,9570.0,9600.0,2,Sleep,2,0.8833333333333333,Sleep,0.36349679552183384,2,0
slp02a,9600.0,9630.0,2,Sleep,N3,0.79,Sleep,0.33653371037128355,N3,0
slp02a,9630.0,9660.0,2,Sleep,N3,0.7966666666666666,Sleep,0.36923144743462566,N3,0
slp02a,9660.0,9690.0,2,Sleep,N3,0.6666666666666666,Sleep,0.34383004076202506,N3,0
slp02a,9690.0,9720.0,2,Sleep,N3,0.69,Sleep,0.3191487184563467,N3,0
slp02a,9720.0,9750.0,2,Sleep,2,0.9433333333333334,Sleep,0.33881789661972184,2,0
slp02a,9750.0,9780.0,2,Sleep,2,0.8666666666666667,Sleep,0.38028073833770515,2,0
slp02a,9780.0,9810.0,2,Sleep,2,0.7833333333333333,Sleep,0.38563523523098586,2,0
slp02a,9810.0,9840.0,2,Sleep,2,0.8966666666666666,Sleep,0.3509111407642232,2,0
slp02a,9840.0,9870.0,2,Sleep,2,0.93,Sleep,0.336672614863824,2,0
slp02a,9870.0,9900.0,2,Sleep,2,0.82,Sleep,0.3014264898594648,2,0
slp02a,9900.0,9930.0,2,Sleep,N3,0.7266666666666667,Sleep,0.2374160573882703,N3,0
slp02a,9930.0,9960.0,2,Sleep,2,0.84,W,0.5316754155506331,2,0
slp02a,9960.0,9990.0,2,Sleep,N3,0.7733333333333333,Sleep,0.10716632535323094,N3,0
slp02a,9990.0,10020.0,2,Sleep,2,0.8366666666666667,Sleep,0.33662460625600255,2,0
slp02a,10020.0,10050.0,2,Sleep,2,0.8733333333333333,Sleep,0.23983675056945078,2,0
slp02a,10050.0,10080.0,2,Sleep,2,0.8933333333333333,Sleep,0.48352377901169225,2,0
slp02a,10080.0,10110.0,2,Sleep,2,0.9333333333333333,Sleep,0.4517345682601542,2,0
slp02a,10110.0,10140.0,2,Sleep,2,0.9633333333333334,W,0.5903962476439213,2,0
slp02a,10140.0,10170.0,2,Sleep,N3,0.7066666666666667,Sleep,0.3722952829243474,N3,0
slp02a,10170.0,10200.0,2,Sleep,2,0.8666666666666667,Sleep,0.4519344972747309,2,0
slp02a,10200.0,10230.0,2,Sleep,2,0.7866666666666666,Sleep,0.27146019633814505,2,0
slp02a,10230.0,10260.0,2,Sleep,2,0.74,Sleep,0.23059530853641136,2,0
slp02a,10260.0,10290.0,2,Sleep,2,0.6533333333333333,Sleep,0.2605679529657358,2,0
slp02a,10290.0,10320.0,2,Sleep,2,0.7833333333333333,Sleep,0.1803566329265107,2,0
slp02a,10320.0,10350.0,2,Sleep,2,0.9,Sleep,0.09929028543290562,2,0
slp02a,10350.0,10380.0,2,Sleep,N3,0.6833333333333333,Sleep,0.1819216184589327,N3,0
slp02a,10380.0,10410.0,2,Sleep,2,0.9233333333333333,Sleep,0.3370850430455014,2,0
slp02a,10410.0,10440.0,2,Sleep,2,0.87,Sleep,0.3271396011543952,2,0
slp02a,10440.0,10470.0,2,Sleep,2,0.99,W,0.5001739517750579,2,0
slp02a,10470.0,10500.0,2,Sleep,2,0.9366666666666666,Sleep,0.37601641006135517,2,0
slp02a,10500.0,10530.0,2,Sleep,2,0.7766666666666666,W,0.5194563298515307,2,0
slp02a,10530.0,10560.0,2,Sleep,2,0.7033333333333334,Sleep,0.42421502069401107,2,0
slp02a,10560.0,10590.0,2,Sleep,W,0.8766666666666667,Sleep,0.37934677025072827,W,0
slp02a,10590.0,10620.0,2,Sleep,2,0.45666666666666667,Sleep,0.38047665749542625,2,0
slp02a,10620.0,10650.0,2,Sleep,W,0.7533333333333333,Sleep,0.39278464677580605,W,0
slp02a,10650.0,10680.0,2,Sleep,W,0.71,Sleep,0.3784941741263263,W,0
slp02a,10680.0,10710.0,2,Sleep,W,0.7866666666666666,Sleep,0.31891229530074233,W,0
slp02a,10710.0,10740.0,2,Sleep,W,0.8033333333333333,W,0.628770701830927,W,0
slp02a,10740.0,10770.0,2,Sleep,W,0.7466666666666667,Sleep,0.3409805899902772,W,0
slp02a,10770.0,10800.0,2,Sleep,W,0.5966666666666667,Sleep,0.3048772261095073,W,0
slp02b,0.004,30.004,2,Sleep,W,0.78,W,0.5536903225879127,W,0
slp02b,30.0,60.0,2,Sleep,W,0.7266666666666667,W,0.6914894217036139,W,1
slp02b,60.0,90.0,2,Sleep,W,0.7066666666666667,W,0.6547864192382441,W,1
slp02b,90.0,120.0,2,Sleep,W,0.7933333333333333,Sleep,0.3397969823755791,W,0
slp02b,120.0,150.0,2,Sleep,W,0.98,W,0.7170037148858499,W,0
slp02b,150.0,180.0,2,Sleep,W,0.8266666666666667,W,0.5529963616683297,W,0
slp02b,180.0,210.0,2,Sleep,W,0.9633333333333334,W,0.6719076781434284,W,0
slp02b,210.0,240.0,2,Sleep,W,0.71,W,0.7018643178695545,W,1
slp02b,240.0,270.0,2,Sleep,W,0.8566666666666667,W,0.5621224276415,W,0
slp02b,270.0,300.0,2,Sleep,W,0.9766666666666667,W,0.706139393090611,W,0
slp02b,300.0,330.0,2,Sleep,W,0.8466666666666667,W,0.6394295873853973,W,0
slp02b,330.0,360.0,2,Sleep,W,0.96,Sleep,0.4568574900305933,W,0
slp02b,360.0,390.0,2,Sleep,W,0.88,Sleep,0.45174913935302263,W,0
slp02b,390.0,420.0,2,Sleep,W,0.9466666666666667,W,0.5247460373492109,W,0
slp02b,420.0,450.0,2,Sleep,W,0.9766666666666667,W,0.674358152149411,W,0
slp02b,450.0,480.0,2,Sleep,W,0.93,W,0.6746015407409901,W,0
slp02b,480.0,510.0,2,Sleep,W,1.0,Sleep,0.4917520473392234,W,0
slp02b,510.0,540.0,2,Sleep,W,0.9866666666666667,Sleep,0.4818957797308038,W,0
slp02b,540.0,570.0,2,Sleep,W,0.9933333333333333,W,0.6571916184005568,W,0
slp02b,570.0,600.0,2,Sleep,W,0.95,Sleep,0.42823456305494595,W,0
slp02b,600.0,630.0,2,Sleep,W,0.98,W,0.7168649276819804,W,0
slp02b,630.0,660.0,2,Sleep,W,0.9933333333333333,W,0.7054116296079735,W,0
slp02b,660.0,690.0,2,Sleep,W,0.9833333333333333,W,0.573881959225729,W,0
slp02b,690.0,720.0,W,W,W,0.9833333333333333,W,0.7511747932704659,W,0
slp02b,720.0,750.0,W,W,W,0.9966666666666667,W,0.6086984340396128,W,0
slp02b,750.0,780.0,1,Sleep,W,1.0,Sleep,0.38972338279508284,W,0
slp02b,780.0,810.0,1,Sleep,W,0.99,Sleep,0.33643791890522456,W,0
slp02b,810.0,840.0,2,Sleep,W,0.9433333333333334,Sleep,0.3891521304185943,W,0
slp02b,840.0,870.0,2,Sleep,W,0.98,Sleep,0.39949005458859027,W,0
slp02b,870.0,900.0,2,Sleep,W,0.9666666666666667,W,0.6857906704323733,W,0
slp02b,900.0,930.0,2,Sleep,W,0.9,W,0.6774955771677397,W,0
slp02b,930.0,960.0,2,Sleep,W,0.9733333333333334,W,0.6511717385601542,W,0
slp02b,960.0,990.0,2,Sleep,W,0.97,W,0.6956705586284008,W,0
slp02b,990.0,1020.0,2,Sleep,W,0.81,W,0.6589220797281304,W,0
slp02b,1020.0,1050.0,2,Sleep,W,0.88,W,0.5646282727970642,W,0
slp02b,1050.0,1080.0,2,Sleep,W,0.95,W,0.6462674923304939,W,0
slp02b,1080.0,1110.0,2,Sleep,W,0.9533333333333334,W,0.6331507637002054,W,0
slp02b,1110.0,1140.0,2,Sleep,W,0.9533333333333334,W,0.7582454914012318,W,0
slp02b,1140.0,1170.0,2,Sleep,W,0.9166666666666666,W,0.7327456217290728,W,0
slp02b,1170.0,1200.0,2,Sleep,W,0.86,W,0.6623454721043113,W,0
slp02b,1200.0,1230.0,2,Sleep,W,0.94,W,0.6740124803399703,W,0
slp02b,1230.0,1260.0,2,Sleep,W,0.8866666666666667,W,0.6906516844243714,W,0
slp02b,1260.0,1290.0,2,Sleep,W,0.78,W,0.6084509139605135,W,0
slp02b,1290.0,1320.0,2,Sleep,W,0.9233333333333333,W,0.7725226634681905,W,0
slp02b,1320.0,1350.0,2,Sleep,W,0.9766666666666667,W,0.6589834711338906,W,0
slp02b,1350.0,1380.0,2,Sleep,W,0.93,W,0.722091403841112,W,0
slp02b,1380.0,1410.0,2,Sleep,W,0.79,W,0.6082820720086592,W,0
slp02b,1410.0,1440.0,2,Sleep,W,0.9333333333333333,W,0.5907661795005898,W,0
slp02b,1440.0,1470.0,2,Sleep,W,0.9133333333333333,W,0.6156485916405329,W,0
slp02b,1470.0,1500.0,2,Sleep,W,0.89,W,0.669283964703898,W,0
slp02b,1500.0,1530.0,2,Sleep,W,0.69,W,0.6333154158172186,W,0
slp02b,1530.0,1560.0,2,Sleep,W,0.8733333333333333,W,0.7492620217185266,W,0
slp02b,1560.0,1590.0,2,Sleep,W,0.95,W,0.6667664739113993,W,0
slp02b,1590.0,1620.0,2,Sleep,W,0.9566666666666667,W,0.6575582548674265,W,0
slp02b,1620.0,1650.0,2,Sleep,W,0.9866666666666667,W,0.7122182356028991,W,0
slp02b,1650.0,1680.0,2,Sleep,W,0.97,Sleep,0.49649956826462804,W,0
slp02b,1680.0,1710.0,2,Sleep,W,0.89,W,0.5841762649310922,W,0
slp02b,1710.0,1740.0,2,Sleep,W,0.93,W,0.6344906043068722,W,0
slp02b,1740.0,1770.0,2,Sleep,W,0.8766666666666667,W,0.6950878764001859,W,0
slp02b,1770.0,1800.0,2,Sleep,W,0.85,W,0.598848470775191,W,0
slp02b,1800.0,1830.0,2,Sleep,W,0.94,W,0.6428458604246526,W,0
slp02b,1830.0,1860.0,2,Sleep,W,0.8633333333333333,W,0.6314610534269136,W,0
slp02b,1860.0,1890.0,W,W,W,0.8866666666666667,W,0.7028769941779074,W,0
slp02b,1890.0,1920.0,W,W,W,0.8466666666666667,W,0.5436753204315455,W,0
slp02b,1920.0,1950.0,W,W,W,0.88,W,0.5239714814299276,W,0
slp02b,1950.0,1980.0,W,W,W,0.8733333333333333,Sleep,0.3454357469506142,W,0
slp02b,1980.0,2010.0,1,Sleep,W,0.9666666666666667,Sleep,0.24957378500445918,W,0
slp02b,2010.0,2040.0,1,Sleep,W,0.9233333333333333,Sleep,0.44166312340259767,W,0
slp02b,2040.0,2070.0,1,Sleep,W,0.86,Sleep,0.2512595190287094,W,0
slp02b,2070.0,2100.0,2,Sleep,1,0.7033333333333334,Sleep,0.38082112618772196,1,0
slp02b,2100.0,2130.0,2,Sleep,1,0.6733333333333333,Sleep,0.3933602549333321,1,0
slp02b,2130.0,2160.0,2,Sleep,1,0.7166666666666667,Sleep,0.43449547113166,1,0
slp02b,2160.0,2190.0,2,Sleep,1,0.71,Sleep,0.44019882451075903,1,0
slp02b,2190.0,2220.0,2,Sleep,W,0.9033333333333333,Sleep,0.44794936496164733,W,0
slp02b,2220.0,2250.0,2,Sleep,1,0.74,Sleep,0.4708542093359256,1,0
slp02b,2250.0,2280.0,2,Sleep,2,0.7833333333333333,W,0.5214304939355406,2,0
slp02b,2280.0,2310.0,2,Sleep,2,0.5133333333333333,Sleep,0.4850374450624245,2,0
slp02b,2310.0,2340.0,2,Sleep,2,0.6333333333333333,Sleep,0.41984261943328866,2,0
slp02b,2340.0,2370.0,2,Sleep,W,0.3933333333333333,Sleep,0.4579138624829552,W,0
slp02b,2370.0,2400.0,2,Sleep,2,0.72,Sleep,0.4560170577800135,2,0
slp02b,2400.0,2430.0,2,Sleep,W,0.9333333333333333,Sleep,0.45818345183081316,W,0
slp02b,2430.0,2460.0,2,Sleep,1,0.71,Sleep,0.4269519188569987,1,0
slp02b,2460.0,2490.0,2,Sleep,W,0.9666666666666667,Sleep,0.41723288006285997,W,0
slp02b,2490.0,2520.0,2,Sleep,W,0.9866666666666667,Sleep,0.42413799003809377,W,0
slp02b,2520.0,2550.0,2,Sleep,W,0.9933333333333333,Sleep,0.41506748561885065,W,0
slp02b,2550.0,2580.0,2,Sleep,W,0.98,Sleep,0.3862137734576281,W,0
slp02b,2580.0,2610.0,2,Sleep,W,0.9866666666666667,Sleep,0.39799332695208267,W,0
slp02b,2610.0,2640.0,2,Sleep,W,0.9766666666666667,Sleep,0.41874151285859135,W,0
slp02b,2640.0,2670.0,2,Sleep,W,1.0,Sleep,0.41661998997247096,W,0
slp02b,2670.0,2700.0,2,Sleep,W,0.9666666666666667,Sleep,0.24847287713857139,W,0
slp02b,2700.0,2730.0,2,Sleep,W,0.9933333333333333,Sleep,0.1847348824649234,W,0
slp02b,2730.0,2760.0,2,Sleep,W,0.9966666666666667,Sleep,0.23128143214902583,W,0
slp02b,2760.0,2790.0,2,Sleep,W,0.9866666666666667,Sleep,0.3329796157034735,W,0
slp02b,2790.0,2820.0,2,Sleep,W,0.9533333333333334,Sleep,0.3794635933477251,W,0
slp02b,2850.0,2880.0,2,Sleep,W,0.9933333333333333,Sleep,0.21069462721348542,W,0
slp02b,2880.0,2910.0,2,Sleep,W,0.99,Sleep,0.26495789021097277,W,0
slp02b,2910.0,2940.0,2,Sleep,W,0.9866666666666667,Sleep,0.21395443339302497,W,0
slp02b,2940.0,2970.0,2,Sleep,W,0.9766666666666667,Sleep,0.4566015223525673,W,0
slp02b,2970.0,3000.0,2,Sleep,W,0.98,Sleep,0.209182080911462,W,0
slp02b,3000.0,3030.0,2,Sleep,W,0.9966666666666667,Sleep,0.2783270590798931,W,0
slp02b,3030.0,3060.0,2,Sleep,W,0.9966666666666667,Sleep,0.21780747620053,W,0
slp02b,3060.0,3090.0,2,Sleep,W,0.9833333333333333,Sleep,0.4588415491643604,W,0
slp02b,3090.0,3120.0,2,Sleep,W,0.9833333333333333,Sleep,0.16838676644394254,W,0
slp02b,3120.0,3150.0,2,Sleep,W,0.9733333333333334,Sleep,0.4710120163808628,W,0
slp02b,3150.0,3180.0,2,Sleep,W,0.9766666666666667,Sleep,0.17993910183960232,W,0
slp02b,3180.0,3210.0,W,W,W,0.9833333333333333,Sleep,0.1616975389089837,W,0
slp02b,3210.0,3240.0,W,W,W,0.99,Sleep,0.11673172856559835,W,0
slp02b,3240.0,3270.0,W,W,W,0.9966666666666667,Sleep,0.2499996331678344,W,0
slp02b,3270.0,3300.0,W,W,W,0.9933333333333333,Sleep,0.4233416225774788,W,0
slp02b,3300.0,3330.0,W,W,W,0.9633333333333334,W,0.5740253562158285,W,0
slp02b,3330.0,3360.0,W,W,W,0.99,W,0.6128021329614749,W,0
slp02b,3360.0,3390.0,W,W,W,0.99,W,0.6998412573324359,W,0
slp02b,3390.0,3420.0,W,W,W,0.96,W,0.6351658242871677,W,0
slp02b,3420.0,3450.0,W,W,W,0.9466666666666667,W,0.6743683270487922,W,0
slp02b,3450.0,3480.0,W,W,W,0.9933333333333333,Sleep,0.09604658514409231,W,0
slp02b,3480.0,3510.0,W,W,W,0.9766666666666667,W,0.6683902062230281,W,0
slp02b,3510.0,3540.0,W,W,W,0.9466666666666667,W,0.6515082931548896,W,0
slp02b,3540.0,3570.0,W,W,W,0.9866666666666667,Sleep,0.07940320098758794,W,0
slp02b,3570.0,3600.0,W,W,W,1.0,W,0.59185674121177,W,0
slp02b,3600.0,3630.0,W,W,W,0.97,W,0.7137189163753977,W,0
slp02b,3630.0,3660.0,W,W,W,0.9866666666666667,W,0.561998703997378,W,0
slp02b,3660.0,3690.0,W,W,W,0.9933333333333333,W,0.6219823178462509,W,0
slp02b,3690.0,3720.0,W,W,W,0.9166666666666666,Sleep,0.369486240523889,W,0
slp02b,3720.0,3750.0,W,W,W,0.97,W,0.5639258881003346,W,0
slp02b,3750.0,3780.0,W,W,W,0.9433333333333334,Sleep,0.13825278164987878,W,0
slp02b,3780.0,3810.0,W,W,W,0.9933333333333333,Sleep,0.3518223927692678,W,0
slp02b,3810.0,3840.0,1,Sleep,W,0.9233333333333333,Sleep,0.3324772854766322,W,0
slp02b,3840.0,3870.0,2,Sleep,W,0.9833333333333333,Sleep,0.41299034227709,W,0
slp02b,3870.0,3900.0,1,Sleep,W,0.99,Sleep,0.45169281066721384,W,0
slp02b,3900.0,3930.0,2,Sleep,W,0.95,W,0.5373654414735461,W,0
slp02b,3930.0,3960.0,2,Sleep,W,0.9133333333333333,Sleep,0.32368930010703134,W,0
slp02b,3960.0,3990.0,2,Sleep,W,0.97,Sleep,0.4165597035884668,W,0
slp02b,3990.0,4020.0,2,Sleep,W,0.98,W,0.5845088237919315,W,0
slp02b,4020.0,4050.0,2,Sleep,W,0.9966666666666667,Sleep,0.3591560607666374,W,0
slp02b,4050.0,4080.0,2,Sleep,W,0.9933333333333333,W,0.561388861457217,W,0
slp02b,4080.0,4110.0,2,Sleep,W,1.0,W,0.5901668106061099,W,0
slp02b,4110.0,4140.0,2,Sleep,W,0.9933333333333333,Sleep,0.3752544798810102,W,0
slp02b,4140.0,4170.0,2,Sleep,W,0.9966666666666667,Sleep,0.39543697191071175,W,0
slp02b,4170.0,4200.0,2,Sleep,W,0.99,Sleep,0.40228820006396754,W,0
slp02b,4200.0,4230.0,2,Sleep,W,1.0,W,0.6593384372476851,W,0
slp02b,4230.0,4260.0,2,Sleep,W,0.97,W,0.5658630582744802,W,0
slp02b,4260.0,4290.0,2,Sleep,W,0.9966666666666667,Sleep,0.37346384553802003,W,0
slp02b,4290.0,4320.0,R,Sleep,W,0.99,Sleep,0.488316364738262,W,0
slp02b,4320.0,4350.0,R,Sleep,W,0.9866666666666667,Sleep,0.3982268579409247,W,0
slp02b,4350.0,4380.0,R,Sleep,W,0.9966666666666667,Sleep,0.36850630979272403,W,0
slp02b,4380.0,4410.0,R,Sleep,W,0.9966666666666667,Sleep,0.10475795749618703,W,0
slp02b,4410.0,4440.0,R,Sleep,W,1.0,Sleep,0.1621738535234589,W,0
slp02b,4440.0,4470.0,R,Sleep,W,0.98,Sleep,0.14149644729614944,W,0
slp02b,4470.0,4500.0,2,Sleep,W,0.9933333333333333,Sleep,0.40387859534027054,W,0
slp02b,4500.0,4530.0,R,Sleep,W,0.9766666666666667,Sleep,0.11561556416439858,W,0
slp02b,4530.0,4560.0,R,Sleep,W,0.96,Sleep,0.340074580330697,W,0
slp02b,4560.0,4590.0,R,Sleep,W,0.9566666666666667,Sleep,0.31156968274540836,W,0
slp02b,4590.0,4620.0,2,Sleep,W,0.9466666666666667,Sleep,0.20060554128715713,W,0
slp02b,4620.0,4650.0,R,Sleep,W,0.9666666666666667,Sleep,0.3791441308082254,W,0
slp02b,4650.0,4680.0,R,Sleep,W,0.86,Sleep,0.4010314947283377,W,0
slp02b,4680.0,4710.0,R,Sleep,W,0.8666666666666667,Sleep,0.11256055813732244,W,0
slp02b,4710.0,4740.0,R,Sleep,W,0.9166666666666666,Sleep,0.35607722266507624,W,0
slp02b,4740.0,4770.0,R,Sleep,W,0.9466666666666667,Sleep,0.25694189230413117,W,0
slp02b,4770.0,4800.0,R,Sleep,W,0.8833333333333333,Sleep,0.154150984072165,W,0
slp02b,4800.0,4830.0,R,Sleep,W,0.9,Sleep,0.3949375564463054,W,0
slp02b,4830.0,4860.0,R,Sleep,W,0.88,Sleep,0.4557436316249208,W,0
slp02b,4860.0,4890.0,R,Sleep,W,0.8466666666666667,Sleep,0.28213261439348114,W,0
slp02b,4890.0,4920.0,R,Sleep,W,0.9666666666666667,Sleep,0.424338571924603,W,0
slp02b,4920.0,4950.0,R,Sleep,W,0.9666666666666667,Sleep,0.33224968657563975,W,0
slp02b,4950.0,4980.0,R,Sleep,W,0.9966666666666667,Sleep,0.23834597459998388,W,0
slp02b,4980.0,5010.0,R,Sleep,W,0.9966666666666667,Sleep,0.3247391671817441,W,0
slp02b,5010.0,5040.0,R,Sleep,W,0.9933333333333333,Sleep,0.4548896704612404,W,0
slp02b,5040.0,5070.0,R,Sleep,W,0.9633333333333334,Sleep,0.42921705471127997,W,0
slp02b,5070.0,5100.0,R,Sleep,W,0.99,W,0.6834768574947866,W,0
slp02b,5100.0,5130.0,R,Sleep,W,0.9933333333333333,Sleep,0.3982761338721198,W,0
slp02b,5130.0,5160.0,R,Sleep,W,0.94,Sleep,0.164960388385104,W,0
slp02b,5160.0,5190.0,R,Sleep,W,0.9733333333333334,Sleep,0.37993652161803,W,0
slp02b,5190.0,5220.0,R,Sleep,W,0.9966666666666667,Sleep,0.2064275463723819,W,0
slp02b,5220.0,5250.0,1,Sleep,W,0.99,Sleep,0.27776746717840456,W,0
slp02b,5250.0,5280.0,W,W,W,1.0,Sleep,0.36880304529043945,W,0
slp02b,5280.0,5310.0,W,W,W,0.9966666666666667,Sleep,0.45814323130961915,W,0
slp02b,5310.0,5340.0,W,W,W,1.0,Sleep,0.17443416679030577,W,0
slp02b,5340.0,5370.0,W,W,W,0.9933333333333333,Sleep,0.3343296586763363,W,0
slp02b,5370.0,5400.0,1,Sleep,W,0.9966666666666667,Sleep,0.30309336290906164,W,0
slp02b,5400.0,5430.0,1,Sleep,W,0.9966666666666667,Sleep,0.31828282811624015,W,0
slp02b,5430.0,5460.0,2,Sleep,W,0.9666666666666667,Sleep,0.3424810982926834,W,0
slp02b,5460.0,5490.0,2,Sleep,W,0.8433333333333334,Sleep,0.3577056519854761,W,0
slp02b,5490.0,5520.0,2,Sleep,W,0.99,Sleep,0.31549521940098973,W,0
slp02b,5520.0,5550.0,2,Sleep,W,0.9833333333333333,Sleep,0.3251859809292285,W,0
slp02b,5550.0,5580.0,2,Sleep,W,0.9966666666666667,Sleep,0.2578627390882433,W,0
slp02b,5580.0,5610.0,2,Sleep,W,0.9966666666666667,W,0.635613603684224,W,0
slp02b,5610.0,5640.0,W,W,W,0.9966666666666667,W,0.6337259939192813,W,0
slp02b,5640.0,5670.0,W,W,W,0.99,W,0.5837632761153381,W,0
slp02b,5670.0,5700.0,W,W,W,0.9666666666666667,W,0.6202929778955664,W,0
slp02b,5700.0,5730.0,W,W,W,0.87,W,0.6286502931737968,W,0
slp02b,5730.0,5760.0,W,W,W,0.9966666666666667,Sleep,0.4966122151059216,W,0
slp02b,5760.0,5790.0,W,W,W,0.98,W,0.5984089205084642,W,0
slp02b,5790.0,5820.0,W,W,W,0.98,W,0.5459652659769283,W,0
slp02b,5820.0,5850.0,W,W,W,0.9866666666666667,W,0.5427127667776497,W,0
slp02b,5850.0,5880.0,W,W,W,0.9,Sleep,0.48639431569168173,W,0
slp02b,5880.0,5910.0,W,W,W,0.9866666666666667,W,0.6233054240935781,W,0
slp02b,5910.0,5940.0,W,W,W,0.9666666666666667,W,0.5320696248356386,W,0
slp02b,5940.0,5970.0,W,W,W,0.7533333333333333,W,0.6054990001904632,W,0
slp02b,5970.0,6000.0,W,W,W,0.7333333333333333,W,0.6040990889423454,W,0
slp02b,6000.0,6030.0,W,W,W,0.8866666666666667,Sleep,0.49458812976269967,W,0
slp02b,6030.0,6060.0,W,W,W,0.9733333333333334,Sleep,0.09189709090424093,W,0
slp02b,6060.0,6090.0,W,W,W,0.58,W,0.5574767728572799,W,0
slp02b,6090.0,6120.0,W,W,W,0.42,W,0.530101390484547,W,0
slp02b,6120.0,6150.0,W,W,W,0.74,W,0.5629253329378971,W,0
slp02b,6150.0,6180.0,W,W,W,0.8766666666666667,Sleep,0.3481374192721515,W,0
slp02b,6180.0,6210.0,W,W,W,0.8166666666666667,W,0.5011671786133524,W,0
slp02b,6210.0,6240.0,W,W,W,0.88,Sleep,0.4482561588474984,W,0
slp02b,6240.0,6270.0,W,W,W,0.7533333333333333,W,0.636815265270899,W,0
slp02b,6270.0,6300.0,W,W,1,0.6966666666666667,Sleep,0.11086724428334992,1,0
slp02b,6300.0,6330.0,W,W,W,0.68,Sleep,0.4102924343553112,W,0
slp02b,6330.0,6360.0,W,W,1,0.7166666666666667,W,0.6143100237315063,1,0
slp02b,6360.0,6390.0,W,W,W,0.7866666666666666,W,0.618451225889935,W,0
slp02b,6390.0,6420.0,1,Sleep,2,0.47333333333333333,Sleep,0.06839885155030054,2,0
slp02b,6420.0,6450.0,1,Sleep,W,0.7633333333333333,Sleep,0.3275065779619923,W,0
slp02b,6450.0,6480.0,1,Sleep,2,0.3566666666666667,Sleep,0.1769210784136467,2,0
slp02b,6480.0,6510.0,W,W,W,0.52,W,0.5605438936891379,W,0
slp02b,6510.0,6540.0,W,W,W,0.74,W,0.5950882144716539,W,0
slp02b,6540.0,6570.0,W,W,2,0.64,Sleep,0.36518732074589094,2,0
slp02b,6570.0,6600.0,1,Sleep,W,0.97,Sleep,0.45554432874926676,W,0
slp02b,6600.0,6630.0,2,Sleep,W,0.9733333333333334,Sleep,0.4236548798392008,W,0
slp02b,6630.0,6660.0,2,Sleep,W,0.87,Sleep,0.49335131617540934,W,0
slp02b,6660.0,6690.0,2,Sleep,W,0.5033333333333333,W,0.6342424099066771,W,0
slp02b,6690.0,6720.0,W,W,W,0.9533333333333334,Sleep,0.1667087559076716,W,0
slp02b,6720.0,6750.0,W,W,W,0.61,Sleep,0.22396398162891762,W,0
slp02b,6750.0,6780.0,W,W,W,0.91,W,0.6087398960548367,W,0
slp02b,6780.0,6810.0,W,W,1,0.46,W,0.6097019657564741,1,0
slp02b,6810.0,6840.0,W,W,W,0.9433333333333334,Sleep,0.31506608007434633,W,0
slp02b,6840.0,6870.0,W,W,W,0.8333333333333334,Sleep,0.23489577191883532,W,0
slp02b,6870.0,6900.0,W,W,W,0.89,W,0.6464326684515608,W,0
slp02b,6900.0,6930.0,W,W,W,0.7833333333333333,W,0.6552454530905865,W,0
slp02b,6930.0,6960.0,W,W,W,0.7366666666666667,Sleep,0.20352343689460717,W,0
slp02b,6960.0,6990.0,W,W,W,0.6933333333333334,Sleep,0.4367106382870191,W,0
slp02b,6990.0,7020.0,W,W,1,0.62,W,0.5163404588555868,1,0
slp02b,7020.0,7050.0,W,W,W,0.9,Sleep,0.1380332175880862,W,0
slp02b,7050.0,7080.0,W,W,W,0.7466666666666667,W,0.6724569164665876,W,1
slp02b,7080.0,7110.0,W,W,1,0.48333333333333334,W,0.5910859332015665,1,0
slp02b,7110.0,7140.0,W,W,W,0.8,W,0.6378071974390237,W,0
slp02b,7140.0,7170.0,W,W,W,0.91,Sleep,0.3464055222018892,W,0
slp02b,7170.0,7200.0,W,W,W,0.32666666666666666,Sleep,0.3042775567584812,W,0
slp02b,7200.0,7230.0,W,W,2,0.7333333333333333,W,0.6735766800073484,2,0
slp02b,7230.0,7260.0,W,W,2,0.5133333333333333,Sleep,0.33693576800428743,2,0
slp02b,7260.0,7290.0,W,W,2,0.6466666666666666,W,0.6743329273310911,2,0
slp02b,7290.0,7320.0,W,W,2,0.8433333333333334,W,0.6317372464817035,2,0
slp02b,7320.0,7350.0,W,W,2,0.86,W,0.5275660281824373,2,0
slp02b,7350.0,7380.0,W,W,2,0.8566666666666667,W,0.6153061919326098,2,0
slp02b,7380.0,7410.0,W,W,2,0.89,Sleep,0.4576390875019326,2,0
slp02b,7410.0,7440.0,W,W,2,0.6566666666666666,Sleep,0.4379536597310579,2,0
slp02b,7440.0,7470.0,W,W,2,0.6533333333333333,W,0.6674759174873566,2,0
slp02b,7470.0,7500.0,W,W,2,0.63,Sleep,0.28355326474651743,2,0
slp02b,7500.0,7530.0,W,W,W,1.0,W,0.5903634950492289,W,0
slp02b,7530.0,7560.0,W,W,W,0.9833333333333333,Sleep,0.41540156892898966,W,0
slp02b,7560.0,7590.0,W,W,W,0.8566666666666667,W,0.5714715684022174,W,0
slp02b,7590.0,7620.0,W,W,W,0.98,W,0.522791862922414,W,0
slp02b,7620.0,7650.0,W,W,W,0.9733333333333334,Sleep,0.17758585414793016,W,0
slp02b,7650.0,7680.0,W,W,W,0.9866666666666667,W,0.6038604622229232,W,0
slp02b,7680.0,7710.0,W,W,W,0.7533333333333333,W,0.5496202586164729,W,0
slp02b,7710.0,7740.0,W,W,W,0.8966666666666666,Sleep,0.0774175992650032,W,0
slp02b,7740.0,7770.0,W,W,W,0.98,Sleep,0.07751009621544143,W,0
slp02b,7770.0,7800.0,W,W,W,0.9733333333333334,Sleep,0.21502871496135312,W,0
slp02b,7800.0,7830.0,W,W,W,0.9933333333333333,Sleep,0.40159130487059086,W,0
slp02b,7830.0,7860.0,W,W,W,0.9966666666666667,W,0.581337183779747,W,0
slp02b,7860.0,7890.0,W,W,W,0.99,W,0.644022677906382,W,0
slp02b,7890.0,7920.0,W,W,W,0.9566666666666667,W,0.5214437593324779,W,0
slp02b,7920.0,7950.0,W,W,W,0.99,W,0.5753414666402012,W,0
slp02b,7950.0,7980.0,W,W,W,0.93,W,0.6533723907840033,W,0
slp02b,7980.0,8010.0,W,W,W,0.8666666666666667,Sleep,0.2479213790669358,W,0
slp02b,8010.0,8040.0,W,W,W,0.9966666666666667,W,0.6063008536122694,W,0
slp02b,8040.0,8070.0,W,W,W,0.9966666666666667,Sleep,0.3989015680318404,W,0
slp02b,8070.0,8100.0,W,W,W,0.9833333333333333,W,0.5704770412044378,W,0
slp03,0.004,30.004,2,Sleep,W,0.94,Sleep,0.1559304323152899,W,0
slp03,30.0,60.0,2,Sleep,W,0.9966666666666667,Sleep,0.2712829829746812,W,0
slp03,60.0,90.0,2,Sleep,W,0.9766666666666667,Sleep,0.08183776863454258,W,0
slp03,90.0,120.0,2,Sleep,W,0.9733333333333334,Sleep,0.07489489949021294,W,0
slp03,120.0,150.0,2,Sleep,W,0.9366666666666666,Sleep,0.058801821065711586,W,0
slp03,150.0,180.0,2,Sleep,W,0.9866666666666667,Sleep,0.053432209497571416,W,0
slp03,180.0,210.0,2,Sleep,W,1.0,Sleep,0.04975148959523586,W,0
slp03,210.0,240.0,2,Sleep,W,0.8666666666666667,Sleep,0.04818979426542956,W,0
slp03,240.0,270.0,2,Sleep,W,1.0,Sleep,0.15135287098656855,W,0
slp03,270.0,300.0,2,Sleep,W,0.9933333333333333,Sleep,0.09692225904399948,W,0
slp03,300.0,330.0,2,Sleep,W,0.9866666666666667,Sleep,0.03241205666117497,W,0
slp03,330.0,360.0,2,Sleep,W,0.9933333333333333,Sleep,0.06761235577759837,W,0
slp03,360.0,390.0,2,Sleep,W,0.98,Sleep,0.3331141910195204,W,0
slp03,390.0,420.0,W,W,W,0.98,W,0.5895979138436734,W,0
slp03,420.0,450.0,1,Sleep,W,0.9966666666666667,Sleep,0.11276656539635996,W,0
slp03,450.0,480.0,W,W,W,0.73,Sleep,0.4407642674166065,W,0
slp03,480.0,510.0,1,Sleep,W,0.97,Sleep,0.1523800592570029,W,0
slp03,510.0,540.0,1,Sleep,W,0.9833333333333333,Sleep,0.08585428355466905,W,0
slp03,540.0,570.0,1,Sleep,W,0.9866666666666667,Sleep,0.05129580056687593,W,0
slp03,570.0,600.0,1,Sleep,W,0.8133333333333334,Sleep,0.06928617793988577,W,0
slp03,600.0,630.0,W,W,1,0.6966666666666667,W,0.6061719486698877,1,0
slp03,630.0,660.0,1,Sleep,1,0.7233333333333334,Sleep,0.3503327368750221,1,0
slp03,660.0,690.0,1,Sleep,W,0.81,Sleep,0.4208379437771201,W,0
slp03,690.0,720.0,W,W,1,0.7366666666666667,Sleep,0.4112692692296586,1,0
slp03,720.0,750.0,W,W,2,0.36333333333333334,W,0.5398202647772362,2,0
slp03,750.0,780.0,1,Sleep,2,0.9333333333333333,Sleep,0.17191669885720465,2,0
slp03,780.0,810.0,1,Sleep,2,0.9866666666666667,Sleep,0.1837653622957668,2,0
slp03,810.0,840.0,1,Sleep,2,0.9733333333333334,Sleep,0.07398215364939045,2,0
slp03,840.0,870.0,1,Sleep,2,0.9233333333333333,Sleep,0.06372957195707604,2,0
slp03,870.0,900.0,1,Sleep,2,0.7266666666666667,Sleep,0.030983656326510664,2,0
slp03,900.0,930.0,1,Sleep,2,0.9466666666666667,Sleep,0.03689545371138885,2,0
slp03,930.0,960.0,2,Sleep,2,0.9733333333333334,Sleep,0.04819896223432451,2,0
slp03,960.0,990.0,2,Sleep,2,0.9766666666666667,Sleep,0.09340279811081591,2,0
slp03,990.0,1020.0,2,Sleep,2,0.8866666666666667,Sleep,0.14100421015898706,2,0
slp03,1020.0,1050.0,1,Sleep,2,0.8866666666666667,Sleep,0.095280246488635,2,0
slp03,1050.0,1080.0,1,Sleep,2,0.96,Sleep,0.10229285841294743,2,0
slp03,1080.0,1110.0,1,Sleep,2,0.97,Sleep,0.07015078976029308,2,0
slp03,1110.0,1140.0,1,Sleep,2,0.9733333333333334,Sleep,0.029182461058769083,2,0
slp03,1140.0,1170.0,1,Sleep,2,0.9266666666666666,Sleep,0.026869687850776328,2,0
slp03,1170.0,1200.0,1,Sleep,2,0.97,Sleep,0.03195741440384887,2,0
slp03,1200.0,1230.0,1,Sleep,2,0.96,Sleep,0.12561858675420837,2,0
slp03,1230.0,1260.0,2,Sleep,2,0.9533333333333334,Sleep,0.280443691484034,2,0
slp03,1260.0,1290.0,2,Sleep,2,0.9933333333333333,Sleep,0.011628011508392202,2,0
slp03,1290.0,1320.0,2,Sleep,2,0.9933333333333333,Sleep,0.09529934486793591,2,0
slp03,1320.0,1350.0,2,Sleep,2,0.8166666666666667,Sleep,0.04954273095060934,2,0
slp03,1350.0,1380.0,2,Sleep,2,0.8333333333333334,Sleep,0.0758069549186879,2,0
slp03,1380.0,1410.0,2,Sleep,2,0.9733333333333334,Sleep,0.11087891291170529,2,0
slp03,1410.0,1440.0,2,Sleep,2,0.96,Sleep,0.07897381530211439,2,0
slp03,1440.0,1470.0,2,Sleep,2,0.8933333333333333,Sleep,0.08360520825544367,2,0
slp03,1470.0,1500.0,2,Sleep,2,0.98,Sleep,0.09405999234666915,2,0
slp03,1500.0,1530.0,2,Sleep,2,0.9233333333333333,Sleep,0.16452732264296044,2,0
slp03,1530.0,1560.0,2,Sleep,2,0.9866666666666667,Sleep,0.053953356707187074,2,0
slp03,1560.0,1590.0,2,Sleep,2,0.97,Sleep,0.17296340462450524,2,0
slp03,1590.0,1620.0,2,Sleep,2,0.99,Sleep,0.12657252023235724,2,0
slp03,1620.0,1650.0,2,Sleep,2,0.98,Sleep,0.022166734061123915,2,0
slp03,1650.0,1680.0,2,Sleep,2,0.9,Sleep,0.07070960130419256,2,0
slp03,1680.0,1710.0,2,Sleep,2,0.9866666666666667,Sleep,0.03993969655704784,2,0
slp03,1710.0,1740.0,2,Sleep,2,0.93,Sleep,0.09207517844114245,2,0
slp03,1740.0,1770.0,2,Sleep,2,0.91,Sleep,0.18940946160372954,2,0
slp03,1770.0,1800.0,2,Sleep,2,0.9733333333333334,Sleep,0.04172021726368243,2,0
slp03,1800.0,1830.0,2,Sleep,2,0.9533333333333334,Sleep,0.09092117245062824,2,0
slp03,1830.0,1860.0,2,Sleep,2,0.9833333333333333,Sleep,0.10824500738442965,2,0
slp03,1860.0,1890.0,2,Sleep,2,0.97,Sleep,0.08738356447319398,2,0
slp03,1890.0,1920.0,2,Sleep,2,0.8933333333333333,Sleep,0.03098643354786483,2,0
slp03,1920.0,1950.0,2,Sleep,2,0.9733333333333334,Sleep,0.08452355481873172,2,0
slp03,1950.0,1980.0,2,Sleep,2,0.9866666666666667,Sleep,0.06960196884775179,2,0
slp03,1980.0,2010.0,2,Sleep,2,0.9733333333333334,Sleep,0.017243289627317655,2,0
slp03,2010.0,2040.0,2,Sleep,2,0.9766666666666667,Sleep,0.09010672971783805,2,0
slp03,2040.0,2070.0,2,Sleep,2,0.9766666666666667,Sleep,0.11996755725614186,2,0
slp03,2070.0,2100.0,2,Sleep,2,0.93,Sleep,0.09678801196409938,2,0
slp03,2100.0,2130.0,2,Sleep,2,0.9933333333333333,Sleep,0.05499452063714004,2,0
slp03,2130.0,2160.0,2,Sleep,2,0.8366666666666667,Sleep,0.13669827817992442,2,0
slp03,2160.0,2190.0,2,Sleep,2,0.9833333333333333,Sleep,0.0600681106329108,2,0
slp03,2190.0,2220.0,2,Sleep,2,0.9666666666666667,Sleep,0.020500790119789544,2,0
slp03,2220.0,2250.0,2,Sleep,2,0.98,Sleep,0.17088312697660055,2,0
slp03,2250.0,2280.0,2,Sleep,2,0.9433333333333334,Sleep,0.11633361858627732,2,0
slp03,2280.0,2310.0,2,Sleep,2,0.83,Sleep,0.10595741305730039,2,0
slp03,2310.0,2340.0,2,Sleep,2,0.77,Sleep,0.07144761664928813,2,0
slp03,2340.0,2370.0,2,Sleep,2,0.9766666666666667,Sleep,0.10012743229038708,2,0
slp03,2370.0,2400.0,2,Sleep,2,0.89,Sleep,0.0999043309057605,2,0
slp03,2400.0,2430.0,2,Sleep,2,0.99,Sleep,0.07319886253161276,2,0
slp03,2430.0,2460.0,2,Sleep,2,0.9933333333333333,Sleep,0.03674821033719215,2,0
slp03,2460.0,2490.0,2,Sleep,2,0.9633333333333334,Sleep,0.07684118994242031,2,0
slp03,2490.0,2520.0,2,Sleep,2,0.99,Sleep,0.03663589372122979,2,0
slp03,2520.0,2550.0,2,Sleep,2,0.97,Sleep,0.11660803959863604,2,0
slp03,2550.0,2580.0,2,Sleep,2,0.8933333333333333,Sleep,0.0352578811248603,2,0
slp03,2580.0,2610.0,2,Sleep,2,0.9966666666666667,Sleep,0.21095593514751015,2,0
slp03,2610.0,2640.0,2,Sleep,2,0.8533333333333334,Sleep,0.06933468122552967,2,0
slp03,2640.0,2670.0,R,Sleep,2,0.9533333333333334,Sleep,0.2880087762681897,2,0
slp03,2670.0,2700.0,W,W,2,0.95,Sleep,0.30837951065487945,2,0
slp03,2700.0,2730.0,1,Sleep,2,0.9766666666666667,Sleep,0.19170096684931925,2,0
slp03,2730.0,2760.0,1,Sleep,2,0.8966666666666666,Sleep,0.1576716479939667,2,0
slp03,2760.0,2790.0,R,Sleep,2,0.9233333333333333,Sleep,0.21299099839492774,2,0
slp03,2790.0,2820.0,R,Sleep,2,0.9866666666666667,Sleep,0.15875726966209938,2,0
slp03,2820.0,2850.0,R,Sleep,2,0.95,Sleep,0.10546995765101476,2,0
slp03,2850.0,2880.0,R,Sleep,2,0.97,Sleep,0.13576089955061166,2,0
slp03,2880.0,2910.0,R,Sleep,2,0.93,Sleep,0.35797360739530215,2,0
slp03,2910.0,2940.0,1,Sleep,2,0.9666666666666667,Sleep,0.1957804598941465,2,0
slp03,2940.0,2970.0,R,Sleep,2,0.99,Sleep,0.024593890495091034,2,0
slp03,2970.0,3000.0,R,Sleep,2,0.92,Sleep,0.027128328558345766,2,0
slp03,3000.0,3030.0,R,Sleep,2,0.97,Sleep,0.1508204413654417,2,0
slp03,3030.0,3060.0,R,Sleep,2,0.87,Sleep,0.4550490992657099,2,0
slp03,3060.0,3090.0,1,Sleep,2,0.9466666666666667,Sleep,0.15399805421149218,2,0
slp03,3090.0,3120.0,R,Sleep,2,0.88,Sleep,0.18581944635825784,2,0
slp03,3120.0,3150.0,R,Sleep,2,0.9933333333333333,Sleep,0.20087461881459534,2,0
slp03,3150.0,3180.0,R,Sleep,2,0.9866666666666667,Sleep,0.22167054539620012,2,0
slp03,3180.0,3210.0,R,Sleep,2,0.8366666666666667,Sleep,0.17327708752553062,2,0
slp03,3210.0,3240.0,R,Sleep,2,0.99,Sleep,0.08024023327633925,2,0
slp03,3240.0,3270.0,R,Sleep,2,0.96,Sleep,0.22720298451172052,2,0
slp03,3270.0,3300.0,R,Sleep,2,0.98,Sleep,0.02572304396144232,2,0
slp03,3300.0,3330.0,R,Sleep,2,0.95,Sleep,0.0586741872138958,2,0
slp03,3330.0,3360.0,R,Sleep,2,0.99,Sleep,0.10496567939307219,2,0
slp03,3360.0,3390.0,1,Sleep,2,0.9833333333333333,Sleep,0.26718599806661486,2,0
slp03,3390.0,3420.0,1,Sleep,2,0.9733333333333334,Sleep,0.22562101350531175,2,0
slp03,3420.0,3450.0,R,Sleep,2,0.99,Sleep,0.06457244073032203,2,0
slp03,3450.0,3480.0,1,Sleep,2,0.9966666666666667,Sleep,0.1750802049116055,2,0
slp03,3480.0,3510.0,R,Sleep,2,0.94,Sleep,0.02750943428326788,2,0
slp03,3510.0,3540.0,R,Sleep,2,0.9933333333333333,Sleep,0.05705521547114908,2,0
slp03,3540.0,3570.0,1,Sleep,2,0.9133333333333333,Sleep,0.1377293549476714,2,0
slp03,3570.0,3600.0,R,Sleep,2,0.9466666666666667,Sleep,0.03041068312218924,2,0
slp03,3600.0,3630.0,R,Sleep,2,0.92,Sleep,0.1528302258525994,2,0
slp03,3630.0,3660.0,R,Sleep,2,0.9266666666666666,Sleep,0.1405401956342838,2,0
slp03,3660.0,3690.0,1,Sleep,2,0.9766666666666667,Sleep,0.35747611610719016,2,0
slp03,3690.0,3720.0,1,Sleep,2,0.9933333333333333,Sleep,0.1496904462557282,2,0
slp03,3720.0,3750.0,1,Sleep,2,0.98,Sleep,0.019942927857827777,2,0
slp03,3750.0,3780.0,R,Sleep,2,0.9266666666666666,Sleep,0.03106521552322005,2,0
slp03,3780.0,3810.0,R,Sleep,2,1.0,Sleep,0.24757336655764053,2,0
slp03,3810.0,3840.0,R,Sleep,2,0.9666666666666667,Sleep,0.17916708217944388,2,0
slp03,3840.0,3870.0,1,Sleep,2,0.95,Sleep,0.15463610842352943,2,0
slp03,3870.0,3900.0,R,Sleep,2,0.9866666666666667,Sleep,0.08950134528955926,2,0
slp03,3900.0,3930.0,1,Sleep,2,0.9766666666666667,Sleep,0.13291019780993465,2,0
slp03,3930.0,3960.0,R,Sleep,2,0.91,Sleep,0.029877429991211936,2,0
slp03,3960.0,3990.0,1,Sleep,2,0.9333333333333333,Sleep,0.21481844196593172,2,0
slp03,3990.0,4020.0,1,Sleep,2,0.8866666666666667,Sleep,0.19976439834306936,2,0
slp03,4020.0,4050.0,R,Sleep,2,0.9866666666666667,Sleep,0.02390956586499337,2,0
slp03,4050.0,4080.0,1,Sleep,2,0.9833333333333333,Sleep,0.021151315559425815,2,0
slp03,4080.0,4110.0,R,Sleep,2,0.9733333333333334,Sleep,0.22929921299133194,2,0
slp03,4110.0,4140.0,R,Sleep,2,0.9866666666666667,Sleep,0.19896585517674711,2,0
slp03,4140.0,4170.0,R,Sleep,2,0.9733333333333334,Sleep,0.3808000855980198,2,0
slp03,4170.0,4200.0,R,Sleep,2,0.9966666666666667,Sleep,0.1339173622172496,2,0
slp03,4200.0,4230.0,1,Sleep,2,0.99,Sleep,0.07310079161131568,2,0
slp03,4230.0,4260.0,1,Sleep,2,0.9733333333333334,Sleep,0.13705123084833032,2,0
slp03,4260.0,4290.0,1,Sleep,2,1.0,Sleep,0.05873770969584162,2,0
slp03,4290.0,4320.0,1,Sleep,2,0.9333333333333333,Sleep,0.17189879437553182,2,0
slp03,4320.0,4350.0,1,Sleep,2,0.9533333333333334,Sleep,0.19632057428249597,2,0
slp03,4350.0,4380.0,1,Sleep,2,0.6933333333333334,Sleep,0.1870097910796498,2,0
slp03,4380.0,4410.0,2,Sleep,2,0.99,Sleep,0.04159929831747956,2,0
slp03,4410.0,4440.0,2,Sleep,2,0.9933333333333333,Sleep,0.19811881720523034,2,0
slp03,4440.0,4470.0,2,Sleep,2,0.85,Sleep,0.17006694643522555,2,0
slp03,4470.0,4500.0,2,Sleep,2,0.9933333333333333,Sleep,0.049125711680749126,2,0
slp03,4500.0,4530.0,1,Sleep,2,0.92,Sleep,0.09701231808408753,2,0
slp03,4530.0,4560.0,2,Sleep,2,0.9766666666666667,Sleep,0.02762084984556451,2,0
slp03,4560.0,4590.0,2,Sleep,2,0.9966666666666667,Sleep,0.07019908452743473,2,0
slp03,4590.0,4620.0,2,Sleep,2,0.9966666666666667,Sleep,0.17853480721171014,2,0
slp03,4620.0,4650.0,2,Sleep,2,0.98,Sleep,0.05079573634118567,2,0
slp03,4650.0,4680.0,2,Sleep,2,0.8333333333333334,Sleep,0.15520167577860935,2,0
slp03,4680.0,4710.0,1,Sleep,2,0.9733333333333334,Sleep,0.13003726638506896,2,0
slp03,4710.0,4740.0,2,Sleep,2,0.98,Sleep,0.1416941848050741,2,0
slp03,4740.0,4770.0,2,Sleep,2,0.9533333333333334,Sleep,0.24046883333467092,2,0
slp03,4770.0,4800.0,1,Sleep,2,0.8766666666666667,Sleep,0.03141819099717927,2,0
slp03,4800.0,4830.0,2,Sleep,2,0.9733333333333334,Sleep,0.2218714526011317,2,0
slp03,4830.0,4860.0,2,Sleep,2,0.9,Sleep,0.07068010766026273,2,0
slp03,4860.0,4890.0,1,Sleep,2,0.99,Sleep,0.21459194759531092,2,0
slp03,4890.0,4920.0,1,Sleep,2,0.9966666666666667,Sleep,0.28061517448673207,2,0
slp03,4920.0,4950.0,W,W,2,0.9633333333333334,W,0.646491505676859,2,0
slp03,4950.0,4980.0,W,W,2,0.8566666666666667,W,0.7186540117257357,2,0
slp03,4980.0,5010.0,W,W,2,0.9233333333333333,W,0.5137731369018436,2,0
slp03,5010.0,5040.0,W,W,2,0.9833333333333333,W,0.6349315582219259,2,0
slp03,5040.0,5070.0,W,W,1,0.7133333333333334,W,0.5098723768839111,1,0
slp03,5070.0,5100.0,W,W,2,0.9533333333333334,W,0.6594124889782401,2,0
slp03,5100.0,5130.0,W,W,2,0.9833333333333333,W,0.5808578203252075,2,0
slp03,5130.0,5160.0,W,W,2,0.9933333333333333,W,0.5163665251618736,2,0
slp03,5160.0,5190.0,W,W,2,0.95,W,0.6918421931274795,2,0
slp03,5190.0,5220.0,W,W,2,0.6566666666666666,W,0.5719883978777873,2,0
slp03,5220.0,5250.0,W,W,W,0.67,W,0.68565568189527,W,1
slp03,5250.0,5280.0,W,W,1,0.7733333333333333,W,0.5506951050699355,1,0
slp03,5280.0,5310.0,W,W,2,0.9,W,0.7454467911486303,2,0
slp03,5310.0,5340.0,W,W,1,0.68,W,0.8252905776797125,W,1
slp03,5340.0,5370.0,W,W,2,0.8533333333333334,W,0.5630273575835764,2,0
slp03,5370.0,5400.0,W,W,W,0.6833333333333333,W,0.5369124796209306,W,0
slp03,5400.0,5430.0,W,W,2,0.9966666666666667,W,0.7243684248627097,2,0
slp03,5430.0,5460.0,W,W,2,0.89,W,0.5489657832510735,2,0
slp03,5460.0,5490.0,W,W,2,0.9833333333333333,W,0.6268731341396198,2,0
slp03,5490.0,5520.0,W,W,2,0.9933333333333333,Sleep,0.4350468516497345,2,0
slp03,5520.0,5550.0,W,W,1,0.61,W,0.7523625726691329,W,1
slp03,5550.0,5580.0,W,W,2,0.9866666666666667,W,0.6847138274180218,2,0
slp03,5580.0,5610.0,W,W,2,0.8966666666666666,W,0.6823397621209167,2,0
slp03,5610.0,5640.0,W,W,2,0.96,W,0.5802075083856458,2,0
slp03,5640.0,5670.0,W,W,2,0.8866666666666667,W,0.7932241906278957,2,0
slp03,5670.0,5700.0,W,W,2,0.9733333333333334,W,0.6977584756489227,2,0
slp03,5700.0,5730.0,W,W,2,0.9866666666666667,W,0.80784712643324,2,0
slp03,5730.0,5760.0,W,W,2,0.9366666666666666,W,0.7628439076740487,2,0
slp03,5760.0,5790.0,W,W,2,0.9866666666666667,W,0.517862493214727,2,0
slp03,5790.0,5820.0,W,W,2,0.99,W,0.572676635770841,2,0
slp03,5820.0,5850.0,W,W,2,0.9766666666666667,Sleep,0.45502997144588503,2,0
slp03,5850.0,5880.0,W,W,2,0.9966666666666667,W,0.5734521226183305,2,0
slp03,5880.0,5910.0,W,W,2,0.97,W,0.5713388741677822,2,0
slp03,5910.0,5940.0,W,W,2,0.9766666666666667,W,0.5111962447690681,2,0
slp03,5940.0,5970.0,W,W,2,0.9833333333333333,Sleep,0.49718957423882043,2,0
slp03,5970.0,6000.0,W,W,2,0.9166666666666666,Sleep,0.4916233552008863,2,0
slp03,6000.0,6030.0,W,W,2,0.99,W,0.5551069500045411,2,0
slp03,6030.0,6060.0,W,W,2,0.7866666666666666,Sleep,0.4090802871212983,2,0
slp03,6060.0,6090.0,W,W,2,0.9466666666666667,Sleep,0.43971749482538275,2,0
slp03,6090.0,6120.0,1,Sleep,2,0.9533333333333334,Sleep,0.21115616578668786,2,0
slp03,6120.0,6150.0,1,Sleep,2,0.99,Sleep,0.2308764985616761,2,0
slp03,6150.0,6180.0,1,Sleep,2,0.9566666666666667,Sleep,0.4233059862264807,2,0
slp03,6180.0,6210.0,1,Sleep,2,0.91,Sleep,0.08150207731427205,2,0
slp03,6210.0,6240.0,1,Sleep,2,0.9833333333333333,Sleep,0.13772976035032,2,0
slp03,6240.0,6270.0,1,Sleep,2,0.98,Sleep,0.3894793962952372,2,0
slp03,6270.0,6300.0,1,Sleep,2,0.9566666666666667,Sleep,0.35767047952011527,2,0
slp03,6300.0,6330.0,1,Sleep,2,0.9966666666666667,Sleep,0.3795155917875602,2,0
slp03,6330.0,6360.0,2,Sleep,2,0.95,Sleep,0.069221788535009,2,0
slp03,6360.0,6390.0,2,Sleep,2,0.87,Sleep,0.052351747506676836,2,0
slp03,6390.0,6420.0,2,Sleep,2,0.9833333333333333,Sleep,0.062020927169844635,2,0
slp03,6420.0,6450.0,2,Sleep,2,0.9933333333333333,Sleep,0.05241031918092465,2,0
slp03,6450.0,6480.0,2,Sleep,2,0.9766666666666667,Sleep,0.018678543707686922,2,0
slp03,6480.0,6510.0,2,Sleep,2,0.97,Sleep,0.11989554823517058,2,0
slp03,6510.0,6540.0,2,Sleep,2,0.97,Sleep,0.025635008847420898,2,0
slp03,6540.0,6570.0,2,Sleep,2,0.9966666666666667,Sleep,0.1633599856850181,2,0
slp03,6570.0,6600.0,2,Sleep,2,0.98,Sleep,0.10990924810439452,2,0
slp03,6600.0,6630.0,2,Sleep,2,0.98,Sleep,0.1131902987330735,2,0
slp03,6630.0,6660.0,2,Sleep,2,0.8166666666666667,Sleep,0.10727847025577944,2,0
slp03,6660.0,6690.0,2,Sleep,W,0.8933333333333333,Sleep,0.1150012406122388,W,0
slp03,6690.0,6720.0,2,Sleep,W,0.83,Sleep,0.22247851647473202,W,0
slp03,6720.0,6750.0,2,Sleep,1,0.6433333333333333,Sleep,0.1105266491327702,1,0
slp03,6750.0,6780.0,2,Sleep,2,0.98,Sleep,0.042842962475724576,2,0
slp03,6780.0,6810.0,2,Sleep,2,0.9333333333333333,Sleep,0.30335410694923143,2,0
slp03,6810.0,6840.0,2,Sleep,2,0.9533333333333334,Sleep,0.011959203004253198,2,0
slp03,6840.0,6870.0,2,Sleep,2,0.6833333333333333,Sleep,0.2855265314007775,2,0
slp03,6870.0,6900.0,2,Sleep,2,0.81,Sleep,0.10093579024930667,2,0
slp03,6900.0,6930.0,2,Sleep,2,0.9833333333333333,Sleep,0.10560897961166725,2,0
slp03,6930.0,6960.0,2,Sleep,2,0.9966666666666667,Sleep,0.10903319098409538,2,0
slp03,6960.0,6990.0,2,Sleep,2,0.99,Sleep,0.0504562604359977,2,0
slp03,6990.0,7020.0,2,Sleep,2,0.9766666666666667,Sleep,0.1649434822858005,2,0
slp03,7020.0,7050.0,2,Sleep,2,0.75,Sleep,0.01247949302338935,2,0
slp03,7050.0,7080.0,2,Sleep,2,0.9733333333333334,Sleep,0.06509584032240208,2,0
slp03,7080.0,7110.0,2,Sleep,2,0.9766666666666667,Sleep,0.131563385518325,2,0
slp03,7110.0,7140.0,2,Sleep,2,0.9966666666666667,Sleep,0.14111702891103317,2,0
slp03,7140.0,7170.0,2,Sleep,2,0.9933333333333333,Sleep,0.3292290842872376,2,0
slp03,7170.0,7200.0,2,Sleep,2,0.8933333333333333,Sleep,0.12665612731135997,2,0
slp03,7200.0,7230.0,3,Sleep,2,0.9333333333333333,Sleep,0.008308255623220111,2,0
slp03,7230.0,7260.0,3,Sleep,2,0.96,Sleep,0.09646094361088962,2,0
slp03,7260.0,7290.0,3,Sleep,2,0.9733333333333334,Sleep,0.13679445309380378,2,0
slp03,7290.0,7320.0,3,Sleep,2,0.9866666666666667,Sleep,0.11549156529741846,2,0
slp03,7320.0,7350.0,3,Sleep,2,0.98,Sleep,0.17338253421733235,2,0
slp03,7350.0,7380.0,3,Sleep,2,0.9466666666666667,Sleep,0.02803627681384412,2,0
slp03,7380.0,7410.0,3,Sleep,2,0.8666666666666667,Sleep,0.15131373697134975,2,0
slp03,7410.0,7440.0,3,Sleep,2,0.5433333333333333,Sleep,0.1841608218389949,2,0
slp03,7440.0,7470.0,3,Sleep,2,0.8133333333333334,Sleep,0.03170969597149723,2,0
slp03,7470.0,7500.0,3,Sleep,2,0.9566666666666667,Sleep,0.012697587213307627,2,0
slp03,7500.0,7530.0,3,Sleep,2,0.97,Sleep,0.1324693323715598,2,0
slp03,7530.0,7560.0,3,Sleep,2,0.9433333333333334,Sleep,0.21246799177492945,2,0
slp03,7560.0,7590.0,3,Sleep,2,0.4866666666666667,Sleep,0.08167494392487808,2,0
slp03,7590.0,7620.0,3,Sleep,2,0.9533333333333334,Sleep,0.022108096795296923,2,0
slp03,7620.0,7650.0,3,Sleep,2,0.9566666666666667,Sleep,0.06688737058397684,2,0
slp03,7650.0,7680.0,2,Sleep,2,0.9333333333333333,Sleep,0.09456043271222536,2,0
slp03,7680.0,7710.0,2,Sleep,2,0.7133333333333334,Sleep,0.05841195126447559,2,0
slp03,7710.0,7740.0,2,Sleep,W,0.8166666666666667,Sleep,0.03579951436628908,W,0
slp03,7740.0,7770.0,2,Sleep,W,0.71,Sleep,0.03350100351976964,W,0
slp03,7770.0,7800.0,2,Sleep,W,0.79,Sleep,0.04791618272476337,W,0
slp03,7800.0,7830.0,2,Sleep,W,0.8933333333333333,Sleep,0.10802646844299069,W,0
slp03,7830.0,7860.0,2,Sleep,2,0.93,Sleep,0.18265178847561378,2,0
slp03,7860.0,7890.0,3,Sleep,1,0.61,Sleep,0.3555579157046727,1,0
slp03,7890.0,7920.0,3,Sleep,2,0.8266666666666667,Sleep,0.4708966040732385,2,0
slp03,7920.0,7950.0,3,Sleep,2,0.83,Sleep,0.24454563273453417,2,0
slp03,7950.0,7980.0,3,Sleep,2,0.9633333333333334,Sleep,0.26424061604895127,2,0
slp03,7980.0,8010.0,3,Sleep,2,0.9466666666666667,Sleep,0.3231852945611865,2,0
slp03,8010.0,8040.0,3,Sleep,2,0.89,Sleep,0.04835506260109657,2,0
slp03,8040.0,8070.0,3,Sleep,2,1.0,Sleep,0.13661311186372027,2,0
slp03,8070.0,8100.0,3,Sleep,2,0.9733333333333334,Sleep,0.008613614981663959,2,0
slp03,8100.0,8130.0,3,Sleep,2,0.9766666666666667,Sleep,0.04416724668736891,2,0
slp03,8130.0,8160.0,3,Sleep,2,0.9733333333333334,Sleep,0.14346694703017035,2,0
slp03,8160.0,8190.0,3,Sleep,2,0.98,Sleep,0.011513380682371408,2,0
slp03,8190.0,8220.0,3,Sleep,2,0.9566666666666667,Sleep,0.11133838187258661,2,0
slp03,8220.0,8250.0,3,Sleep,2,0.9766666666666667,Sleep,0.08394338151674462,2,0
slp03,8250.0,8280.0,3,Sleep,2,0.9533333333333334,Sleep,0.06525340958443418,2,0
slp03,8280.0,8310.0,3,Sleep,2,0.99,Sleep,0.24199531443299468,2,0
slp03,8310.0,8340.0,3,Sleep,2,0.98,Sleep,0.3875166613360898,2,0
slp03,8340.0,8370.0,3,Sleep,2,0.9666666666666667,Sleep,0.17890896088873967,2,0
slp03,8370.0,8400.0,3,Sleep,2,0.9766666666666667,Sleep,0.15239750725471435,2,0
slp03,8400.0,8430.0,3,Sleep,2,0.8133333333333334,Sleep,0.285488274133424,2,0
slp03,8430.0,8460.0,3,Sleep,2,0.99,Sleep,0.14499545482670795,2,0
slp03,8460.0,8490.0,3,Sleep,2,0.8766666666666667,Sleep,0.2227274614477534,2,0
slp03,8490.0,8520.0,3,Sleep,2,0.96,Sleep,0.01800284526276598,2,0
slp03,8520.0,8550.0,3,Sleep,2,0.9533333333333334,Sleep,0.14914159654501918,2,0
slp03,8550.0,8580.0,3,Sleep,2,0.97,Sleep,0.10590508097962499,2,0
slp03,8580.0,8610.0,3,Sleep,2,0.92,Sleep,0.1102636266385106,2,0
slp03,8610.0,8640.0,3,Sleep,2,0.9566666666666667,Sleep,0.1763985566216661,2,0
slp03,8640.0,8670.0,3,Sleep,2,0.9633333333333334,Sleep,0.34881162666918797,2,0
slp03,8670.0,8700.0,3,Sleep,2,0.9533333333333334,Sleep,0.09475915461556386,2,0
slp03,8700.0,8730.0,3,Sleep,2,0.8833333333333333,Sleep,0.10809555437911124,2,0
slp03,8730.0,8760.0,3,Sleep,2,0.87,Sleep,0.1529503198357674,2,0
slp03,8760.0,8790.0,3,Sleep,2,0.9866666666666667,Sleep,0.0762560896991208,2,0
slp03,8790.0,8820.0,3,Sleep,2,0.9666666666666667,Sleep,0.08500171764588131,2,0
slp03,8820.0,8850.0,3,Sleep,2,0.98,Sleep,0.09740381649147181,2,0
slp03,8850.0,8880.0,3,Sleep,2,0.9066666666666666,Sleep,0.14155606261605744,2,0
slp03,8880.0,8910.0,3,Sleep,2,0.9366666666666666,Sleep,0.08174780497882217,2,0
slp03,8910.0,8940.0,3,Sleep,2,0.9433333333333334,Sleep,0.18310375328945555,2,0
slp03,8940.0,8970.0,3,Sleep,2,0.92,Sleep,0.04366958537533646,2,0
slp03,8970.0,9000.0,3,Sleep,2,0.9933333333333333,Sleep,0.07422695131178707,2,0
slp03,9000.0,9030.0,3,Sleep,2,0.88,Sleep,0.04052795678545997,2,0
slp03,9030.0,9060.0,3,Sleep,2,0.9566666666666667,Sleep,0.10953039026068723,2,0
slp03,9060.0,9090.0,2,Sleep,2,0.7966666666666666,Sleep,0.19945860118601555,2,0
slp03,9090.0,9120.0,2,Sleep,2,0.8766666666666667,Sleep,0.2778865072934287,2,0
slp03,9120.0,9150.0,3,Sleep,2,0.9633333333333334,Sleep,0.1250877849127148,2,0
slp03,9150.0,9180.0,2,Sleep,2,0.4866666666666667,Sleep,0.037341991766134446,2,0
slp03,9180.0,9210.0,2,Sleep,2,0.8066666666666666,Sleep,0.11117996288320375,2,0
slp03,9210.0,9240.0,W,W,2,0.7833333333333333,Sleep,0.3123145335017576,2,0
slp03,9240.0,9270.0,1,Sleep,2,0.98,Sleep,0.06728892164589552,2,0
slp03,9270.0,9300.0,2,Sleep,2,0.8333333333333334,Sleep,0.3374302727735606,2,0
slp03,9300.0,9330.0,2,Sleep,2,0.8933333333333333,Sleep,0.21951669522813058,2,0
slp03,9330.0,9360.0,2,Sleep,2,0.9833333333333333,Sleep,0.2972406412749757,2,0
slp03,9360.0,9390.0,2,Sleep,2,0.8666666666666667,Sleep,0.46163116073735,2,0
slp03,9390.0,9420.0,2,Sleep,2,0.9,W,0.5548632215067181,2,0
slp03,9420.0,9450.0,2,Sleep,2,0.97,Sleep,0.257490147445023,2,0
slp03,9450.0,9480.0,R,Sleep,2,0.9566666666666667,Sleep,0.2877787414063539,2,0
slp03,9480.0,9510.0,R,Sleep,2,0.9833333333333333,W,0.5116404494532564,2,0
slp03,9510.0,9540.0,R,Sleep,2,0.9633333333333334,Sleep,0.2112009093039055,2,0
slp03,9540.0,9570.0,R,Sleep,2,0.97,Sleep,0.27391277614682696,2,0
slp03,9570.0,9600.0,R,Sleep,2,0.9933333333333333,Sleep,0.21030328230521134,2,0
slp03,9600.0,9630.0,R,Sleep,2,0.95,Sleep,0.18226668970882243,2,0
slp03,9630.0,9660.0,R,Sleep,2,0.96,Sleep,0.1883223882648919,2,0
slp03,9660.0,9690.0,R,Sleep,2,0.58,Sleep,0.1601166516306032,2,0
slp03,9690.0,9720.0,1,Sleep,2,0.98,Sleep,0.1322349258688378,2,0
slp03,9720.0,9750.0,R,Sleep,2,0.88,Sleep,0.22779702292268283,2,0
slp03,9750.0,9780.0,R,Sleep,2,0.8333333333333334,Sleep,0.08266258571689905,2,0
slp03,9780.0,9810.0,R,Sleep,2,0.8133333333333334,Sleep,0.047865653296379054,2,0
slp03,9810.0,9840.0,R,Sleep,W,0.7566666666666667,Sleep,0.08923433950318212,W,0
slp03,9840.0,9870.0,R,Sleep,W,0.82,Sleep,0.19947536346270628,W,0
slp03,9870.0,9900.0,R,Sleep,W,0.74,Sleep,0.11521320410441847,W,0
slp03,9900.0,9930.0,R,Sleep,W,0.8233333333333334,Sleep,0.27404352098717166,W,0
slp03,9930.0,9960.0,R,Sleep,W,0.7433333333333333,Sleep,0.24993412182492591,W,0
slp03,9960.0,9990.0,R,Sleep,W,0.6666666666666666,Sleep,0.35416460520382254,W,0
slp03,9990.0,10020.0,R,Sleep,2,0.9066666666666666,Sleep,0.2614954564536413,2,0
slp03,10020.0,10050.0,R,Sleep,W,0.77,Sleep,0.20703140323580058,W,0
slp03,10050.0,10080.0,R,Sleep,W,0.9166666666666666,Sleep,0.1536243625877814,W,0
slp03,10080.0,10110.0,R,Sleep,W,0.83,Sleep,0.19292853035834986,W,0
slp03,10110.0,10140.0,R,Sleep,W,0.8366666666666667,Sleep,0.20252509945156014,W,0
slp03,10140.0,10170.0,R,Sleep,W,0.76,Sleep,0.22588136774338038,W,0
slp03,10170.0,10200.0,R,Sleep,2,0.9066666666666666,Sleep,0.1563078807477809,2,0
slp03,10200.0,10230.0,R,Sleep,W,0.6533333333333333,Sleep,0.1602021434446435,W,0
slp03,10230.0,10260.0,R,Sleep,W,0.8633333333333333,Sleep,0.18132577777193631,W,0
slp03,10260.0,10290.0,R,Sleep,W,0.8366666666666667,Sleep,0.2002791339292916,W,0
slp03,10290.0,10320.0,1,Sleep,W,0.9033333333333333,Sleep,0.05534277264559762,W,0
slp03,10320.0,10350.0,R,Sleep,W,0.8266666666666667,Sleep,0.31901230094931615,W,0
slp03,10350.0,10380.0,R,Sleep,W,0.8833333333333333,Sleep,0.3951843134154753,W,0
slp03,10380.0,10410.0,W,W,W,0.8566666666666667,Sleep,0.4424160900074626,W,0
slp03,10410.0,10440.0,W,W,W,0.7533333333333333,Sleep,0.39481377039202054,W,0
slp03,10440.0,10470.0,W,W,W,0.9266666666666666,W,0.6039861960860163,W,0
slp03,10470.0,10500.0,W,W,W,0.79,Sleep,0.380490829796115,W,0
slp03,10500.0,10530.0,W,W,W,0.9133333333333333,Sleep,0.3346920667408824,W,0
slp03,10530.0,10560.0,W,W,2,0.7666666666666667,W,0.5995883449915559,2,0
slp03,10560.0,10590.0,W,W,W,0.9233333333333333,Sleep,0.3410302819539979,W,0
slp03,10590.0,10620.0,W,W,W,0.98,W,0.5755326960036093,W,0
slp03,10620.0,10650.0,W,W,W,0.7133333333333334,W,0.5177197187892646,W,0
slp03,10650.0,10680.0,W,W,W,0.9566666666666667,Sleep,0.49113915376408435,W,0
slp03,10680.0,10710.0,W,W,W,0.8733333333333333,W,0.5272923886013622,W,0
slp03,10710.0,10740.0,W,W,W,0.9233333333333333,Sleep,0.49389410866895633,W,0
slp03,10740.0,10770.0,W,W,W,0.9366666666666666,W,0.5198530761543922,W,0
slp03,10770.0,10800.0,W,W,W,0.8,Sleep,0.4737617813040678,W,0
slp03,10800.0,10830.0,1,Sleep,W,0.9833333333333333,Sleep,0.348921086705139,W,0
slp03,10830.0,10860.0,1,Sleep,W,0.8066666666666666,Sleep,0.11658757272931197,W,0
slp03,10860.0,10890.0,1,Sleep,W,0.9166666666666666,Sleep,0.3654928192800486,W,0
slp03,10890.0,10920.0,1,Sleep,W,0.89,W,0.5141584347624475,W,0
slp03,10920.0,10950.0,1,Sleep,W,0.84,W,0.6067911825424246,W,0
slp03,10950.0,10980.0,1,Sleep,W,0.7966666666666666,W,0.6781380970739261,W,0
slp03,10980.0,11010.0,2,Sleep,W,0.7066666666666667,Sleep,0.33126854981846054,W,0
slp03,11010.0,11040.0,2,Sleep,W,0.7566666666666667,Sleep,0.428228682506015,W,0
slp03,11040.0,11070.0,2,Sleep,W,0.97,Sleep,0.3623529990652223,W,0
slp03,11070.0,11100.0,2,Sleep,1,0.6633333333333333,Sleep,0.1533411348937899,1,0
slp03,11100.0,11130.0,2,Sleep,W,0.9366666666666666,Sleep,0.30991082056882924,W,0
slp03,11130.0,11160.0,2,Sleep,W,0.89,Sleep,0.17666910719882783,W,0
slp03,11160.0,11190.0,2,Sleep,1,0.7133333333333334,Sleep,0.0293800411429313,1,0
slp03,11190.0,11220.0,2,Sleep,1,0.8266666666666667,Sleep,0.2194289292072369,1,0
slp03,11220.0,11250.0,2,Sleep,2,0.8766666666666667,Sleep,0.08252618368617191,2,0
slp03,11250.0,11280.0,2,Sleep,2,0.55,Sleep,0.11292963145580572,2,0
slp03,11280.0,11310.0,2,Sleep,2,0.92,Sleep,0.057441235992850906,2,0
slp03,11310.0,11340.0,2,Sleep,2,0.86,Sleep,0.13945514290839345,2,0
slp03,11340.0,11370.0,2,Sleep,W,0.3933333333333333,Sleep,0.3077303576035233,W,0
slp03,11370.0,11400.0,2,Sleep,W,0.41,Sleep,0.147319571085086,W,0
slp03,11400.0,11430.0,2,Sleep,W,0.5666666666666667,Sleep,0.1030538564025312,W,0
slp03,11430.0,11460.0,2,Sleep,1,0.7133333333333334,Sleep,0.13294375952738702,1,0
slp03,11460.0,11490.0,2,Sleep,2,0.9066666666666666,Sleep,0.10659178581151955,2,0
slp03,11490.0,11520.0,2,Sleep,2,0.65,Sleep,0.11372755092563121,2,0
slp03,11520.0,11550.0,2,Sleep,2,0.62,Sleep,0.2328213274525116,2,0
slp03,11550.0,11580.0,2,Sleep,1,0.7433333333333333,Sleep,0.2250155945903757,1,0
slp03,11580.0,11610.0,2,Sleep,1,0.6066666666666667,Sleep,0.11360959910265986,1,0
slp03,11610.0,11640.0,1,Sleep,2,0.5766666666666667,Sleep,0.11449491183521855,2,0
slp03,11640.0,11670.0,2,Sleep,2,0.8866666666666667,Sleep,0.11042204556290956,2,0
slp03,11670.0,11700.0,2,Sleep,2,0.9866666666666667,Sleep,0.16478432941643806,2,0
slp03,11700.0,11730.0,2,Sleep,2,0.8533333333333334,Sleep,0.19087871989513888,2,0
slp03,11730.0,11760.0,2,Sleep,2,0.5933333333333334,Sleep,0.21868812073611058,2,0
slp03,11760.0,11790.0,2,Sleep,2,0.9566666666666667,Sleep,0.1277479384752683,2,0
slp03,11790.0,11820.0,2,Sleep,2,0.7866666666666666,Sleep,0.36289875485685746,2,0
slp03,11820.0,11850.0,2,Sleep,2,0.89,Sleep,0.14960799157649463,2,0
slp03,11850.0,11880.0,2,Sleep,W,0.8133333333333334,Sleep,0.383469791276164,W,0
slp03,11880.0,11910.0,2,Sleep,W,0.9,Sleep,0.22825765203183196,W,0
slp03,11910.0,11940.0,2,Sleep,W,0.8933333333333333,Sleep,0.33566409626688476,W,0
slp03,11940.0,11970.0,2,Sleep,W,0.7933333333333333,Sleep,0.21472205335630226,W,0
slp03,11970.0,12000.0,2,Sleep,1,0.7666666666666667,Sleep,0.2423000100117423,1,0
slp03,12000.0,12030.0,2,Sleep,2,0.74,Sleep,0.1941680486392899,2,0
slp03,12030.0,12060.0,2,Sleep,W,0.6333333333333333,Sleep,0.22321206216933775,W,0
slp03,12060.0,12090.0,2,Sleep,2,0.72,Sleep,0.18778921440386212,2,0
slp03,12090.0,12120.0,2,Sleep,2,0.8533333333333334,Sleep,0.3161078808463739,2,0
slp03,12120.0,12150.0,2,Sleep,2,0.7933333333333333,Sleep,0.27854566193634295,2,0
slp03,12150.0,12180.0,2,Sleep,2,0.43666666666666665,Sleep,0.2308058438960907,2,0
slp03,12180.0,12210.0,2,Sleep,2,0.9133333333333333,Sleep,0.20704401398460293,2,0
slp03,12210.0,12240.0,2,Sleep,2,0.8966666666666666,Sleep,0.24198153753606721,2,0
slp03,12240.0,12270.0,2,Sleep,2,0.8566666666666667,Sleep,0.19391146470775736,2,0
slp03,12270.0,12300.0,2,Sleep,2,0.92,Sleep,0.23289797797727885,2,0
slp03,12300.0,12330.0,2,Sleep,2,0.8866666666666667,Sleep,0.3818678282068023,2,0
slp03,12330.0,12360.0,2,Sleep,2,0.91,Sleep,0.1479154437500062,2,0
slp03,12360.0,12390.0,2,Sleep,2,0.8766666666666667,Sleep,0.1550668704371591,2,0
slp03,12390.0,12420.0,2,Sleep,2,0.7533333333333333,Sleep,0.1958687228878691,2,0
slp03,12420.0,12450.0,2,Sleep,2,0.8966666666666666,Sleep,0.2407300596098785,2,0
slp03,12450.0,12480.0,2,Sleep,2,0.8933333333333333,Sleep,0.19030162434585202,2,0
slp03,12480.0,12510.0,2,Sleep,2,0.8433333333333334,Sleep,0.1126237979458266,2,0
slp03,12510.0,12540.0,2,Sleep,2,0.9233333333333333,Sleep,0.053171662550052734,2,0
slp03,12540.0,12570.0,2,Sleep,2,0.9833333333333333,Sleep,0.30731564042675125,2,0
slp03,12570.0,12600.0,2,Sleep,2,0.75,Sleep,0.13033939754499163,2,0
slp03,12600.0,12630.0,2,Sleep,2,0.9466666666666667,Sleep,0.13909512704833862,2,0
slp03,12630.0,12660.0,2,Sleep,2,0.9833333333333333,Sleep,0.19597816420617756,2,0
slp03,12660.0,12690.0,2,Sleep,2,0.91,Sleep,0.20608014303547262,2,0
slp03,12690.0,12720.0,2,Sleep,2,0.9733333333333334,Sleep,0.14787482158885906,2,0
slp03,12720.0,12750.0,2,Sleep,2,0.9666666666666667,Sleep,0.07159989003649647,2,0
slp03,12750.0,12780.0,2,Sleep,2,0.9766666666666667,Sleep,0.1518384640396805,2,0
slp03,12780.0,12810.0,3,Sleep,2,0.9966666666666667,Sleep,0.17925712516872763,2,0
slp03,12810.0,12840.0,3,Sleep,2,0.9933333333333333,Sleep,0.08154479820073025,2,0
slp03,12840.0,12870.0,3,Sleep,2,0.7766666666666666,Sleep,0.20292532970346874,2,0
slp03,12870.0,12900.0,3,Sleep,2,0.9833333333333333,Sleep,0.29799517846504514,2,0
slp03,12900.0,12930.0,3,Sleep,2,0.9766666666666667,Sleep,0.3365391133933322,2,0
slp03,12930.0,12960.0,3,Sleep,2,0.9133333333333333,Sleep,0.11745385515646099,2,0
slp03,12960.0,12990.0,3,Sleep,2,0.9633333333333334,Sleep,0.016486889404985185,2,0
slp03,12990.0,13020.0,3,Sleep,2,0.98,Sleep,0.14729531075951,2,0
slp03,13020.0,13050.0,3,Sleep,2,0.9433333333333334,Sleep,0.12439810365378678,2,0
slp03,13050.0,13080.0,3,Sleep,2,0.9966666666666667,Sleep,0.008872534921091881,2,0
slp03,13080.0,13110.0,3,Sleep,2,0.82,Sleep,0.07642103775775339,2,0
slp03,13110.0,13140.0,3,Sleep,2,0.96,Sleep,0.22008672443184532,2,0
slp03,13140.0,13170.0,3,Sleep,2,0.89,Sleep,0.2528115925298996,2,0
slp03,13170.0,13200.0,3,Sleep,2,0.9233333333333333,Sleep,0.1381998642526445,2,0
slp03,13200.0,13230.0,3,Sleep,2,0.9533333333333334,Sleep,0.15023589499051285,2,0
slp03,13230.0,13260.0,3,Sleep,2,0.9966666666666667,Sleep,0.14728312722262238,2,0
slp03,13260.0,13290.0,3,Sleep,2,0.8566666666666667,Sleep,0.09341984816139462,2,0
slp03,13290.0,13320.0,3,Sleep,2,0.97,Sleep,0.2651264976877036,2,0
slp03,13320.0,13350.0,3,Sleep,2,0.99,Sleep,0.08451514521991249,2,0
slp03,13350.0,13380.0,3,Sleep,2,1.0,Sleep,0.2933418065738046,2,0
slp03,13380.0,13410.0,3,Sleep,2,0.9033333333333333,Sleep,0.24421249523718241,2,0
slp03,13410.0,13440.0,3,Sleep,2,0.9733333333333334,Sleep,0.12588629636334878,2,0
slp03,13440.0,13470.0,2,Sleep,2,0.9766666666666667,Sleep,0.1088470728709283,2,0
slp03,13470.0,13500.0,2,Sleep,2,0.9966666666666667,Sleep,0.011953416906296418,2,0
slp03,13500.0,13530.0,2,Sleep,2,0.9933333333333333,Sleep,0.20504971018554713,2,0
slp03,13530.0,13560.0,2,Sleep,2,0.9966666666666667,Sleep,0.044512738823934445,2,0
slp03,13560.0,13590.0,2,Sleep,2,0.9733333333333334,Sleep,0.05797798963911236,2,0
slp03,13590.0,13620.0,2,Sleep,2,0.98,Sleep,0.20638064243279305,2,0
slp03,13620.0,13650.0,1,Sleep,2,0.96,Sleep,0.17628719831025283,2,0
slp03,13650.0,13680.0,W,W,2,0.5733333333333334,W,0.6728425715984314,2,0
slp03,13680.0,13710.0,W,W,2,0.95,W,0.5189587958233262,2,0
slp03,13710.0,13740.0,W,W,2,0.9566666666666667,W,0.5260545493838082,2,0
slp03,13740.0,13770.0,W,W,2,1.0,Sleep,0.42479994398627774,2,0
slp03,13770.0,13800.0,W,W,2,0.9233333333333333,W,0.59512654406223,2,0
slp03,13800.0,13830.0,W,W,2,0.95,Sleep,0.42927640233343994,2,0
slp03,13830.0,13860.0,W,W,2,0.9666666666666667,W,0.552528166586201,2,0
slp03,13860.0,13890.0,W,W,2,0.9733333333333334,W,0.5220953244914589,2,0
slp03,13890.0,13920.0,W,W,2,0.93,Sleep,0.44935197279201317,2,0
slp03,13920.0,13950.0,W,W,2,0.99,Sleep,0.4687265107731127,2,0
slp03,13950.0,13980.0,W,W,2,0.9666666666666667,W,0.7830456558302312,2,0
slp03,13980.0,14010.0,W,W,2,0.98,W,0.6787536918882999,2,0
slp03,14010.0,14040.0,W,W,2,0.9733333333333334,W,0.7570505986115276,2,0
slp03,14040.0,14070.0,W,W,2,0.9733333333333334,W,0.5179535632166686,2,0
slp03,14070.0,14100.0,W,W,2,0.98,W,0.6932277385461472,2,0
slp03,14100.0,14130.0,W,W,2,0.9366666666666666,W,0.5753375057214529,2,0
slp03,14130.0,14160.0,W,W,2,0.86,W,0.7647637381042515,2,0
slp03,14160.0,14190.0,W,W,2,0.7933333333333333,W,0.7818455050921007,2,0
slp03,14190.0,14220.0,W,W,2,0.9866666666666667,W,0.6240182808330451,2,0
slp03,14220.0,14250.0,W,W,2,0.9333333333333333,W,0.7647180014281536,2,0
slp03,14250.0,14280.0,W,W,2,0.8766666666666667,W,0.7253128306741804,2,0
slp03,14280.0,14310.0,W,W,2,0.9166666666666666,W,0.7564816012673684,2,0
slp03,14310.0,14340.0,W,W,2,0.8533333333333334,W,0.5791780203595338,2,0
slp03,14340.0,14370.0,W,W,2,0.9566666666666667,W,0.7933962367110389,2,0
slp03,14370.0,14400.0,W,W,2,0.9933333333333333,W,0.5734331894622225,2,0
slp03,14400.0,14430.0,W,W,2,0.8266666666666667,W,0.5874606962744832,2,0
slp03,14430.0,14460.0,W,W,2,0.99,W,0.5910570521692811,2,0
slp03,14460.0,14490.0,W,W,2,0.9766666666666667,Sleep,0.48843520211747476,2,0
slp03,14490.0,14520.0,W,W,2,0.9766666666666667,W,0.5940859699695032,2,0
slp03,14520.0,14550.0,W,W,2,0.9233333333333333,W,0.6169238024440125,2,0
slp03,14550.0,14580.0,W,W,2,0.9033333333333333,W,0.5352957978679516,2,0
slp03,14580.0,14610.0,W,W,2,0.7633333333333333,Sleep,0.43150178815926077,2,0
slp03,14610.0,14640.0,W,W,2,0.9733333333333334,W,0.7342637857334854,2,0
slp03,14640.0,14670.0,W,W,2,0.9966666666666667,W,0.723431515705235,2,0
slp03,14670.0,14700.0,W,W,2,0.94,W,0.6268628615159938,2,0
slp03,14700.0,14730.0,W,W,2,0.9366666666666666,W,0.7835468760455815,2,0
slp03,14730.0,14760.0,W,W,2,0.9733333333333334,Sleep,0.48185553625581473,2,0
slp03,14760.0,14790.0,W,W,2,0.9433333333333334,W,0.6262507459466313,2,0
slp03,14790.0,14820.0,W,W,2,0.8566666666666667,W,0.6346178007859293,2,0
slp03,14820.0,14850.0,W,W,2,0.9733333333333334,Sleep,0.42539685678254857,2,0
slp03,14850.0,14880.0,W,W,2,0.9966666666666667,W,0.5273336500336491,2,0
slp03,14880.0,14910.0,W,W,2,1.0,W,0.6760532270965911,2,0
slp03,14910.0,14940.0,W,W,2,0.9633333333333334,W,0.5837814830694853,2,0
slp03,14940.0,14970.0,W,W,2,0.9966666666666667,W,0.5857409335669082,2,0
slp03,14970.0,15000.0,W,W,2,0.95,W,0.5922476458513568,2,0
slp03,15000.0,15030.0,W,W,2,0.9933333333333333,W,0.7049967311351049,2,0
slp03,15030.0,15060.0,W,W,2,0.9966666666666667,W,0.6243110954969116,2,0
slp03,15060.0,15090.0,W,W,2,0.9266666666666666,W,0.5834819554628868,2,0
slp03,15090.0,15120.0,W,W,2,0.9033333333333333,W,0.6603490305020054,2,0
slp03,15120.0,15150.0,1,Sleep,2,0.9966666666666667,Sleep,0.46601080535535155,2,0
slp03,15150.0,15180.0,1,Sleep,2,0.9833333333333333,W,0.5078726386485192,2,0
slp03,15180.0,15210.0,1,Sleep,2,0.8,Sleep,0.4023992826974777,2,0
slp03,15210.0,15240.0,1,Sleep,2,0.9933333333333333,Sleep,0.41185659845678696,2,0
slp03,15240.0,15270.0,1,Sleep,2,0.9866666666666667,W,0.5834927600394392,2,0
slp03,15270.0,15300.0,1,Sleep,2,0.9833333333333333,Sleep,0.12997751243836098,2,0
slp03,15300.0,15330.0,2,Sleep,2,0.9166666666666666,Sleep,0.1197463062658701,2,0
slp03,15330.0,15360.0,2,Sleep,2,0.9233333333333333,Sleep,0.10796994488840062,2,0
slp03,15360.0,15390.0,2,Sleep,2,0.9966666666666667,Sleep,0.20953054792751094,2,0
slp03,15390.0,15420.0,2,Sleep,2,0.9233333333333333,Sleep,0.015075293452519022,2,0
slp03,15420.0,15450.0,2,Sleep,2,0.8233333333333334,Sleep,0.19713311555961396,2,0
slp03,15450.0,15480.0,2,Sleep,2,0.9966666666666667,Sleep,0.1409826790423338,2,0
slp03,15480.0,15510.0,2,Sleep,2,0.8933333333333333,Sleep,0.009978298736909088,2,0
slp03,15510.0,15540.0,2,Sleep,2,0.8566666666666667,Sleep,0.10233506895120421,2,0
slp03,15540.0,15570.0,R,Sleep,2,0.9166666666666666,Sleep,0.12395014800786039,2,0
slp03,15570.0,15600.0,R,Sleep,2,0.9866666666666667,Sleep,0.06424217356810139,2,0
slp03,15600.0,15630.0,R,Sleep,2,0.99,Sleep,0.03606313017196018,2,0
slp03,15630.0,15660.0,R,Sleep,2,0.96,Sleep,0.10443336068583409,2,0
slp03,15660.0,15690.0,R,Sleep,2,0.9166666666666666,Sleep,0.11067439448508608,2,0
slp03,15690.0,15720.0,R,Sleep,2,0.94,Sleep,0.050799293138676614,2,0
slp03,15720.0,15750.0,R,Sleep,2,0.8766666666666667,Sleep,0.02129186466539892,2,0
slp03,15750.0,15780.0,1,Sleep,2,0.9833333333333333,Sleep,0.02433752769432201,2,0
slp03,15780.0,15810.0,R,Sleep,2,0.9966666666666667,Sleep,0.026807345003471063,2,0
slp03,15810.0,15840.0,1,Sleep,2,0.94,Sleep,0.15612468229026794,2,0
slp03,15840.0,15870.0,R,Sleep,2,1.0,Sleep,0.2901195527099262,2,0
slp03,15870.0,15900.0,W,W,2,0.95,Sleep,0.4646793904796769,2,0
slp03,15900.0,15930.0,1,Sleep,2,0.8666666666666667,Sleep,0.1655167759212427,2,0
slp03,15930.0,15960.0,2,Sleep,2,1.0,Sleep,0.04398973339849671,2,0
slp03,15960.0,15990.0,W,W,2,0.9733333333333334,W,0.565247023476676,2,0
slp03,15990.0,16020.0,1,Sleep,2,0.9766666666666667,Sleep,0.34270159026435487,2,0
slp03,16020.0,16050.0,2,Sleep,2,0.9566666666666667,Sleep,0.10532861014683023,2,0
slp03,16050.0,16080.0,2,Sleep,2,0.6966666666666667,Sleep,0.2644610560279079,2,0
slp03,16080.0,16110.0,2,Sleep,2,0.9766666666666667,Sleep,0.0809368042926198,2,0
slp03,16110.0,16140.0,2,Sleep,2,0.8833333333333333,Sleep,0.21918764172295047,2,0
slp03,16140.0,16170.0,2,Sleep,2,0.9533333333333334,Sleep,0.24583932202302658,2,0
slp03,16170.0,16200.0,2,Sleep,2,0.99,Sleep,0.136966594058725,2,0
slp03,16200.0,16230.0,2,Sleep,2,1.0,Sleep,0.21214364570085678,2,0
slp03,16230.0,16260.0,W,W,2,0.95,W,0.5340243610860993,2,0
slp03,16260.0,16290.0,2,Sleep,2,0.9166666666666666,Sleep,0.24302194460002088,2,0
slp03,16290.0,16320.0,2,Sleep,2,0.9833333333333333,Sleep,0.14563853642047897,2,0
slp03,16320.0,16350.0,2,Sleep,2,0.85,Sleep,0.36438819858381044,2,0
slp03,16350.0,16380.0,2,Sleep,2,0.9633333333333334,Sleep,0.15478431905788675,2,0
slp03,16380.0,16410.0,2,Sleep,2,0.9766666666666667,Sleep,0.09346028641465301,2,0
slp03,16410.0,16440.0,2,Sleep,2,0.9733333333333334,Sleep,0.1608183490685292,2,0
slp03,16440.0,16470.0,2,Sleep,2,0.9933333333333333,Sleep,0.1857376077603622,2,0
slp03,16470.0,16500.0,2,Sleep,2,0.9866666666666667,Sleep,0.33392565398470897,2,0
slp03,16500.0,16530.0,2,Sleep,2,0.91,Sleep,0.20104556849313432,2,0
slp03,16530.0,16560.0,2,Sleep,2,0.9766666666666667,Sleep,0.16913793296866028,2,0
slp03,16560.0,16590.0,2,Sleep,W,0.6133333333333333,Sleep,0.42833603174524126,W,0
slp03,16590.0,16620.0,2,Sleep,W,0.5233333333333333,Sleep,0.11142086391091889,W,0
slp03,16620.0,16650.0,2,Sleep,2,0.8366666666666667,Sleep,0.34058832672303313,2,0
slp03,16650.0,16680.0,2,Sleep,2,0.7066666666666667,Sleep,0.23078688076579335,2,0
slp03,16680.0,16710.0,2,Sleep,2,0.5333333333333333,Sleep,0.15096529598593206,2,0
slp03,16710.0,16740.0,2,Sleep,W,0.8,Sleep,0.30231170144122177,W,0
slp03,16740.0,16770.0,W,W,W,0.6966666666666667,Sleep,0.3852853167729573,W,0
slp03,16770.0,16800.0,1,Sleep,W,0.7466666666666667,Sleep,0.3250214006827607,W,0
slp03,16800.0,16830.0,2,Sleep,W,0.93,Sleep,0.26950005188456777,W,0
slp03,16830.0,16860.0,2,Sleep,W,0.9566666666666667,Sleep,0.19278020290404196,W,0
slp03,16860.0,16890.0,2,Sleep,W,0.7833333333333333,Sleep,0.12642697246640827,W,0
slp03,16890.0,16920.0,2,Sleep,W,0.7666666666666667,Sleep,0.04704797518744902,W,0
slp03,16920.0,16950.0,2,Sleep,W,0.68,Sleep,0.10863716311314625,W,0
slp03,16950.0,16980.0,1,Sleep,W,0.6466666666666666,Sleep,0.1856342511148143,W,0
slp03,16980.0,17010.0,2,Sleep,W,0.66,Sleep,0.3201276823778577,W,0
slp03,17010.0,17040.0,2,Sleep,1,0.6533333333333333,Sleep,0.23082718132149566,1,0
slp03,17040.0,17070.0,2,Sleep,2,0.9833333333333333,Sleep,0.28416790008655424,2,0
slp03,17070.0,17100.0,2,Sleep,2,0.9166666666666666,Sleep,0.26769623131699316,2,0
slp03,17100.0,17130.0,2,Sleep,2,0.9633333333333334,Sleep,0.17852310162510054,2,0
slp03,17130.0,17160.0,2,Sleep,2,0.96,Sleep,0.3746116556677154,2,0
slp03,17160.0,17190.0,2,Sleep,2,0.9633333333333334,Sleep,0.25232088569709904,2,0
slp03,17190.0,17220.0,2,Sleep,2,0.9133333333333333,Sleep,0.2431181515873201,2,0
slp03,17220.0,17250.0,2,Sleep,2,0.9833333333333333,Sleep,0.150435458038901,2,0
slp03,17250.0,17280.0,2,Sleep,2,0.8966666666666666,Sleep,0.21572630829151432,2,0
slp03,17280.0,17310.0,2,Sleep,2,0.9866666666666667,Sleep,0.07995426479453925,2,0
slp03,17310.0,17340.0,2,Sleep,2,0.8933333333333333,Sleep,0.1836023428416959,2,0
slp03,17340.0,17370.0,2,Sleep,2,0.9233333333333333,Sleep,0.20611634066739773,2,0
slp03,17370.0,17400.0,2,Sleep,2,0.8933333333333333,Sleep,0.3062083639295754,2,0
slp03,17400.0,17430.0,2,Sleep,2,0.84,Sleep,0.3831273310048429,2,0
slp03,17430.0,17460.0,W,W,W,0.45666666666666667,Sleep,0.43543944543721097,W,0
slp03,17460.0,17490.0,W,W,2,0.85,Sleep,0.32388222184374804,2,0
slp03,17490.0,17520.0,W,W,2,0.9766666666666667,Sleep,0.3829345362073333,2,0
slp03,17520.0,17550.0,W,W,2,0.9566666666666667,Sleep,0.39348676371015917,2,0
slp03,17550.0,17580.0,W,W,2,0.9066666666666666,W,0.5638417287096772,2,0
slp03,17580.0,17610.0,1,Sleep,2,0.94,Sleep,0.41568665035371294,2,0
slp03,17610.0,17640.0,1,Sleep,2,0.91,Sleep,0.2688970439821047,2,0
slp03,17640.0,17670.0,2,Sleep,2,0.9633333333333334,Sleep,0.17586047255652446,2,0
slp03,17670.0,17700.0,1,Sleep,2,0.9333333333333333,Sleep,0.32606007856154295,2,0
slp03,17700.0,17730.0,W,W,2,0.74,W,0.6585954787404167,2,0
slp03,17730.0,17760.0,W,W,W,0.5233333333333333,W,0.6156545282108097,W,0
slp03,17760.0,17790.0,1,Sleep,2,0.7666666666666667,Sleep,0.3091809644195047,2,0
slp03,17790.0,17820.0,1,Sleep,2,0.5966666666666667,Sleep,0.3222652720655579,2,0
slp03,17820.0,17850.0,2,Sleep,2,0.71,Sleep,0.26925678685835747,2,0
slp03,17850.0,17880.0,2,Sleep,W,0.64,Sleep,0.23429006181738957,W,0
slp03,17880.0,17910.0,2,Sleep,2,0.8533333333333334,Sleep,0.2898703823222484,2,0
slp03,17910.0,17940.0,2,Sleep,2,0.89,Sleep,0.3705621657183917,2,0
slp03,17940.0,17970.0,2,Sleep,2,0.9,Sleep,0.3789290954902971,2,0
slp03,17970.0,18000.0,2,Sleep,2,0.8533333333333334,Sleep,0.36574195071498605,2,0
slp03,18000.0,18030.0,2,Sleep,2,0.9033333333333333,Sleep,0.20375572423143448,2,0
slp03,18030.0,18060.0,2,Sleep,2,0.9533333333333334,Sleep,0.18150623494706825,2,0
slp03,18060.0,18090.0,2,Sleep,2,0.9366666666666666,Sleep,0.21665904014048332,2,0
slp03,18090.0,18120.0,2,Sleep,2,0.9733333333333334,Sleep,0.1781464177811644,2,0
slp03,18120.0,18150.0,1,Sleep,2,0.9466666666666667,Sleep,0.1516192001454935,2,0
slp03,18150.0,18180.0,1,Sleep,2,0.9733333333333334,Sleep,0.2585313195035906,2,0
slp03,18180.0,18210.0,2,Sleep,2,0.9466666666666667,Sleep,0.2616828088755133,2,0
slp03,18210.0,18240.0,2,Sleep,2,0.9366666666666666,Sleep,0.10169428862295282,2,0
slp03,18240.0,18270.0,2,Sleep,2,0.9366666666666666,Sleep,0.3332613291193756,2,0
slp03,18270.0,18300.0,2,Sleep,2,0.9166666666666666,Sleep,0.2626905966858582,2,0
slp03,18300.0,18330.0,2,Sleep,2,0.97,Sleep,0.3997241378483935,2,0
slp03,18330.0,18360.0,2,Sleep,2,0.9866666666666667,Sleep,0.3442230032932413,2,0
slp03,18360.0,18390.0,2,Sleep,2,0.9866666666666667,Sleep,0.31100472949431485,2,0
slp03,18390.0,18420.0,2,Sleep,2,0.92,Sleep,0.21992652295150966,2,0
slp03,18420.0,18450.0,W,W,2,0.87,Sleep,0.3709288893101427,2,0
slp03,18450.0,18480.0,1,Sleep,2,0.98,Sleep,0.17837483070623747,2,0
slp03,18480.0,18510.0,2,Sleep,2,0.9833333333333333,Sleep,0.29933402121413216,2,0
slp03,18510.0,18540.0,2,Sleep,2,0.9433333333333334,Sleep,0.106312627290362,2,0
slp03,18540.0,18570.0,2,Sleep,2,0.9633333333333334,Sleep,0.24264832825188862,2,0
slp03,18570.0,18600.0,2,Sleep,2,0.89,Sleep,0.20825518814206692,2,0
slp03,18600.0,18630.0,2,Sleep,2,0.9866666666666667,Sleep,0.30084808100297067,2,0
slp03,18630.0,18660.0,2,Sleep,2,0.9733333333333334,Sleep,0.36893492987479914,2,0
slp03,18660.0,18690.0,2,Sleep,2,0.98,Sleep,0.3434330914452449,2,0
slp03,18690.0,18720.0,2,Sleep,2,0.8566666666666667,Sleep,0.20189248399506976,2,0
slp03,18720.0,18750.0,2,Sleep,2,0.9666666666666667,Sleep,0.1764347489294962,2,0
slp03,18750.0,18780.0,W,W,2,0.9566666666666667,Sleep,0.3106912810520778,2,0
slp03,18780.0,18810.0,2,Sleep,2,0.9233333333333333,Sleep,0.20923706190234656,2,0
slp03,18810.0,18840.0,2,Sleep,2,0.97,Sleep,0.20108935118258567,2,0
slp03,18840.0,18870.0,2,Sleep,2,0.9433333333333334,Sleep,0.1811693639275979,2,0
slp03,18870.0,18900.0,2,Sleep,2,0.9166666666666666,Sleep,0.19826581607402974,2,0
slp03,18900.0,18930.0,2,Sleep,2,0.9033333333333333,Sleep,0.06427418571334785,2,0
slp03,18930.0,18960.0,1,Sleep,2,0.96,Sleep,0.13625061262073,2,0
slp03,18960.0,18990.0,2,Sleep,2,0.97,Sleep,0.18995532124459577,2,0
slp03,18990.0,19020.0,2,Sleep,2,0.9066666666666666,Sleep,0.45627874019044196,2,0
slp03,19020.0,19050.0,2,Sleep,2,0.9566666666666667,Sleep,0.18046989453738876,2,0
slp03,19050.0,19080.0,2,Sleep,2,0.7633333333333333,Sleep,0.10364303106039477,2,0
slp03,19080.0,19110.0,2,Sleep,2,0.9466666666666667,Sleep,0.3845537929918642,2,0
slp03,19110.0,19140.0,2,Sleep,2,0.96,Sleep,0.1405060857622952,2,0
slp03,19140.0,19170.0,W,W,2,0.9066666666666666,Sleep,0.46059938305319253,2,0
slp03,19170.0,19200.0,1,Sleep,2,0.8233333333333334,Sleep,0.20173504258622404,2,0
slp03,19200.0,19230.0,1,Sleep,2,0.9933333333333333,Sleep,0.19903235525101007,2,0
slp03,19230.0,19260.0,2,Sleep,2,0.92,Sleep,0.1763075024142404,2,0
slp03,19260.0,19290.0,1,Sleep,2,0.97,Sleep,0.14229670052845753,2,0
slp03,19290.0,19320.0,1,Sleep,2,0.96,Sleep,0.33087699125972986,2,0
slp03,19320.0,19350.0,2,Sleep,2,0.9733333333333334,Sleep,0.2096870352515381,2,0
slp03,19350.0,19380.0,2,Sleep,2,0.9733333333333334,Sleep,0.23120069787452663,2,0
slp03,19380.0,19410.0,2,Sleep,2,0.9966666666666667,Sleep,0.4248183232941976,2,0
slp03,19410.0,19440.0,2,Sleep,2,0.68,Sleep,0.42584569224432156,2,0
slp03,19440.0,19470.0,2,Sleep,2,0.91,Sleep,0.24054016876607515,2,0
slp03,19470.0,19500.0,2,Sleep,2,0.95,Sleep,0.1440264061870104,2,0
slp03,19500.0,19530.0,2,Sleep,2,0.9333333333333333,Sleep,0.2420296666348203,2,0
slp03,19530.0,19560.0,2,Sleep,2,0.9833333333333333,Sleep,0.30023613833881724,2,0
slp03,19560.0,19590.0,2,Sleep,2,0.9633333333333334,Sleep,0.23212706444112816,2,0
slp03,19590.0,19620.0,2,Sleep,2,0.9866666666666667,Sleep,0.4117696518824983,2,0
slp03,19620.0,19650.0,2,Sleep,2,0.9833333333333333,Sleep,0.12374260804027673,2,0
slp03,19650.0,19680.0,2,Sleep,2,0.9566666666666667,Sleep,0.2329505015664699,2,0
slp03,19680.0,19710.0,W,W,2,0.9966666666666667,W,0.5075924116529742,2,0
slp03,19710.0,19740.0,1,Sleep,2,0.9933333333333333,Sleep,0.2806338427986476,2,0
slp03,19740.0,19770.0,1,Sleep,2,0.98,Sleep,0.23876872224987641,2,0
slp03,19770.0,19800.0,2,Sleep,2,0.9466666666666667,Sleep,0.28306574614651736,2,0
slp03,19800.0,19830.0,1,Sleep,2,0.97,Sleep,0.3153368557374834,2,0
slp03,19830.0,19860.0,2,Sleep,2,0.9766666666666667,Sleep,0.21498877660058008,2,0
slp03,19860.0,19890.0,2,Sleep,2,0.92,Sleep,0.16933004173448793,2,0
slp03,19890.0,19920.0,2,Sleep,2,0.9666666666666667,Sleep,0.4141450575417407,2,0
slp03,19920.0,19950.0,2,Sleep,2,0.9133333333333333,W,0.5658702179645105,2,0
slp03,19950.0,19980.0,W,W,2,0.97,Sleep,0.38266512242851564,2,0
slp03,19980.0,20010.0,2,Sleep,2,0.9266666666666666,Sleep,0.28659237635760354,2,0
slp03,20010.0,20040.0,2,Sleep,2,0.98,Sleep,0.2609537845081854,2,0
slp03,20040.0,20070.0,2,Sleep,2,0.9,Sleep,0.2417882487266543,2,0
slp03,20070.0,20100.0,2,Sleep,2,0.9566666666666667,Sleep,0.1751560647305103,2,0
slp03,20100.0,20130.0,2,Sleep,2,0.9833333333333333,Sleep,0.23279515416491994,2,0
slp03,20130.0,20160.0,W,W,2,0.94,Sleep,0.3376108218837236,2,0
slp03,20160.0,20190.0,W,W,2,0.8733333333333333,W,0.5343772221301711,2,0
slp03,20190.0,20220.0,W,W,2,0.99,W,0.6077117058119137,2,0
slp03,20220.0,20250.0,W,W,2,0.96,Sleep,0.3611034478923837,2,0
slp03,20250.0,20280.0,W,W,2,0.9666666666666667,W,0.5306428512844388,2,0
slp03,20280.0,20310.0,W,W,2,0.8033333333333333,W,0.5326249059961996,2,0
slp03,20310.0,20340.0,W,W,2,0.9566666666666667,Sleep,0.4966950299134546,2,0
slp03,20340.0,20370.0,W,W,2,0.99,W,0.5093874991122482,2,0
slp03,20370.0,20400.0,W,W,2,0.9633333333333334,W,0.7774282603197271,2,0
slp03,20400.0,20430.0,1,Sleep,2,0.9366666666666666,Sleep,0.4625030138293186,2,0
slp03,20430.0,20460.0,1,Sleep,2,0.9666666666666667,Sleep,0.3732317537953583,2,0
slp03,20460.0,20490.0,1,Sleep,2,0.9866666666666667,Sleep,0.35916360616129867,2,0
slp03,20490.0,20520.0,1,Sleep,2,0.9633333333333334,Sleep,0.41225645848707165,2,0
slp03,20520.0,20550.0,1,Sleep,2,0.9766666666666667,W,0.5125381115316159,2,0
slp03,20550.0,20580.0,2,Sleep,2,0.97,Sleep,0.4098803125837631,2,0
slp03,20580.0,20610.0,2,Sleep,2,0.98,W,0.6288723161993275,2,0
slp03,20610.0,20640.0,2,Sleep,2,0.9666666666666667,Sleep,0.15117883047945882,2,0
slp03,20640.0,20670.0,2,Sleep,2,0.9733333333333334,Sleep,0.1662423600209674,2,0
slp03,20670.0,20700.0,2,Sleep,2,0.6566666666666666,Sleep,0.2353556032051251,2,0
slp03,20700.0,20730.0,2,Sleep,2,0.7933333333333333,Sleep,0.24558770632973057,2,0
slp03,20730.0,20760.0,W,W,2,0.9233333333333333,Sleep,0.45369756986568194,2,0
slp03,20760.0,20790.0,1,Sleep,2,0.5,Sleep,0.33932244829759683,2,0
slp03,20790.0,20820.0,1,Sleep,R,0.74,Sleep,0.1852023111675483,R,0
slp03,20820.0,20850.0,2,Sleep,R,0.64,Sleep,0.23207326185765187,R,0
slp03,20850.0,20880.0,2,Sleep,R,0.6933333333333334,Sleep,0.34238367727978497,R,0
slp03,20880.0,20910.0,2,Sleep,R,0.6633333333333333,Sleep,0.15564839098241484,R,0
slp03,20910.0,20940.0,2,Sleep,R,0.71,Sleep,0.05950162103488276,R,0
slp03,20940.0,20970.0,W,W,2,0.8566666666666667,Sleep,0.40641332656464835,2,0
slp03,20970.0,21000.0,W,W,R,0.6966666666666667,Sleep,0.44890632667541086,R,0
slp03,21000.0,21030.0,1,Sleep,2,0.9066666666666666,Sleep,0.22849648422941915,2,0
slp03,21030.0,21060.0,1,Sleep,R,0.5966666666666667,Sleep,0.13737137685070538,R,0
slp03,21060.0,21090.0,1,Sleep,R,0.69,Sleep,0.09832723776261038,R,0
slp03,21090.0,21120.0,2,Sleep,R,0.6733333333333333,Sleep,0.20909302395561213,R,0
slp03,21120.0,21150.0,R,Sleep,W,0.6966666666666667,Sleep,0.3933161883330342,W,0
slp03,21150.0,21180.0,W,W,W,0.7866666666666666,W,0.5859677834546813,W,0
slp03,21180.0,21210.0,W,W,W,0.7266666666666667,W,0.8046676250242113,W,1
slp03,21210.0,21240.0,W,W,2,0.5033333333333333,Sleep,0.4646303547587103,2,0
slp03,21240.0,21270.0,W,W,1,0.65,Sleep,0.45698299222833205,1,0
slp03,21270.0,21300.0,1,Sleep,1,0.7333333333333333,Sleep,0.1688151803477038,1,0
slp03,21300.0,21330.0,W,W,1,0.7233333333333334,W,0.5060466618826552,1,0
slp03,21330.0,21360.0,W,W,2,0.88,W,0.6188845581167657,2,0
slp03,21360.0,21390.0,W,W,2,0.9133333333333333,Sleep,0.49141816342726374,2,0
slp03,21390.0,21420.0,W,W,1,0.7266666666666667,Sleep,0.49584138116634285,1,0
slp03,21420.0,21450.0,W,W,2,0.55,W,0.6390670156500698,2,0
slp03,21450.0,21480.0,W,W,2,0.8866666666666667,Sleep,0.3866457727037873,2,0
slp03,21480.0,21510.0,W,W,2,0.9066666666666666,Sleep,0.44109757295464525,2,0
slp03,21510.0,21540.0,W,W,W,0.7966666666666666,Sleep,0.4705874052025829,W,0
slp03,21540.0,21570.0,W,W,W,0.9133333333333333,W,0.7929193566251701,W,0
slp03,21570.0,21600.0,W,W,W,0.7533333333333333,W,0.6148374275013126,W,0
slp04,0.004,30.004,W,W,W,0.6933333333333334,Sleep,0.2976484491855243,W,0
slp04,30.0,60.0,1,Sleep,W,0.8433333333333334,Sleep,0.28267392012753556,W,0
slp04,60.0,90.0,1,Sleep,W,0.5566666666666666,Sleep,0.3411309378863531,W,0
slp04,90.0,120.0,2,Sleep,W,0.8166666666666667,Sleep,0.25633034478208394,W,0
slp04,120.0,150.0,2,Sleep,W,0.8233333333333334,Sleep,0.34874414934972037,W,0
slp04,150.0,180.0,2,Sleep,W,0.8233333333333334,Sleep,0.28189759010267934,W,0
slp04,180.0,210.0,2,Sleep,W,0.9,Sleep,0.18830776283285847,W,0
slp04,210.0,240.0,W,W,W,0.8033333333333333,Sleep,0.3654954111468344,W,0
slp04,240.0,270.0,1,Sleep,W,0.7733333333333333,Sleep,0.265733321769771,W,0
slp04,270.0,300.0,1,Sleep,2,0.41333333333333333,Sleep,0.3276948320300212,2,0
slp04,300.0,330.0,2,Sleep,W,0.7533333333333333,Sleep,0.19491978527459342,W,0
slp04,330.0,360.0,2,Sleep,W,0.82,Sleep,0.2543804439903992,W,0
slp04,360.0,390.0,2,Sleep,W,0.8933333333333333,Sleep,0.2714660240152714,W,0
slp04,390.0,420.0,2,Sleep,W,0.7766666666666666,Sleep,0.29538581595314856,W,0
slp04,420.0,450.0,2,Sleep,W,0.8733333333333333,Sleep,0.3731562709153559,W,0
slp04,450.0,480.0,2,Sleep,W,0.9133333333333333,Sleep,0.18766953702660766,W,0
slp04,480.0,510.0,2,Sleep,2,0.7433333333333333,Sleep,0.2161427638610659,2,0
slp04,510.0,540.0,2,Sleep,W,0.78,Sleep,0.4909636442240389,W,0
slp04,540.0,570.0,W,W,W,0.87,Sleep,0.2992346973993752,W,0
slp04,570.0,600.0,W,W,W,0.88,W,0.6230314389444558,W,0
slp04,600.0,630.0,W,W,W,0.88,W,0.6064866806938473,W,0
slp04,630.0,660.0,W,W,W,0.93,Sleep,0.4369322250278022,W,0
slp04,660.0,690.0,W,W,W,0.7433333333333333,Sleep,0.46480217574041094,W,0
slp04,690.0,720.0,W,W,W,0.77,W,0.5255758999743702,W,0
slp04,720.0,750.0,W,W,W,0.8966666666666666,W,0.5088552188729866,W,0
slp04,750.0,780.0,W,W,W,0.87,W,0.6466785116698767,W,0
slp04,780.0,810.0,W,W,W,0.85,W,0.5157532467805886,W,0
slp04,810.0,840.0,W,W,2,0.62,Sleep,0.48499814899480714,2,0
slp04,840.0,870.0,W,W,W,0.72,W,0.5661766518529411,W,0
slp04,870.0,900.0,W,W,W,0.48,W,0.6218493407700454,W,0
slp04,900.0,930.0,W,W,W,0.99,W,0.6022630622721831,W,0
slp04,930.0,960.0,W,W,2,0.5533333333333333,Sleep,0.4178505002622209,2,0
slp04,960.0,990.0,W,W,W,0.83,W,0.6744783361615327,W,0
slp04,990.0,1020.0,W,W,W,0.7466666666666667,W,0.5258615774758774,W,0
slp04,1020.0,1050.0,W,W,W,0.7733333333333333,Sleep,0.36575709702648895,W,0
slp04,1050.0,1080.0,W,W,W,0.7266666666666667,W,0.5487727519688389,W,0
slp04,1080.0,1110.0,1,Sleep,W,0.7566666666666667,W,0.5509398054594453,W,0
slp04,1110.0,1140.0,1,Sleep,W,0.76,W,0.557121492567819,W,0
slp04,1140.0,1170.0,1,Sleep,W,0.8066666666666666,Sleep,0.4447092163851294,W,0
slp04,1170.0,1200.0,1,Sleep,W,0.9033333333333333,W,0.5654142855266123,W,0
slp04,1200.0,1230.0,1,Sleep,W,0.9833333333333333,W,0.5643933424412032,W,0
slp04,1230.0,1260.0,W,W,W,0.95,W,0.5622213678955723,W,0
slp04,1260.0,1290.0,W,W,W,0.9866666666666667,Sleep,0.4516327557905457,W,0
slp04,1290.0,1320.0,1,Sleep,W,0.9533333333333334,Sleep,0.2514839583303025,W,0
slp04,1320.0,1350.0,2,Sleep,W,0.9933333333333333,W,0.5564391173765195,W,0
slp04,1350.0,1380.0,2,Sleep,W,0.9766666666666667,Sleep,0.2273862744289759,W,0
slp04,1380.0,1410.0,2,Sleep,W,0.8666666666666667,Sleep,0.2786305793176065,W,0
slp04,1410.0,1440.0,2,Sleep,W,0.44666666666666666,Sleep,0.29338767074915556,W,0
slp04,1440.0,1470.0,2,Sleep,W,0.9133333333333333,Sleep,0.16023776904536507,W,0
slp04,1470.0,1500.0,2,Sleep,W,0.9733333333333334,Sleep,0.293176590483264,W,0
slp04,1500.0,1530.0,2,Sleep,W,0.9866666666666667,Sleep,0.1518258373774449,W,0
slp04,1530.0,1560.0,2,Sleep,W,0.98,Sleep,0.27994337549911513,W,0
slp04,1560.0,1590.0,2,Sleep,W,0.9866666666666667,Sleep,0.4170549615298309,W,0
slp04,1590.0,1620.0,2,Sleep,W,0.6466666666666666,Sleep,0.38224828001257655,W,0
slp04,1620.0,1650.0,2,Sleep,W,0.61,Sleep,0.4388994685867314,W,0
slp04,1650.0,1680.0,2,Sleep,W,0.91,Sleep,0.3524809523373564,W,0
slp04,1680.0,1710.0,2,Sleep,W,0.85,Sleep,0.3242384538462373,W,0
slp04,1710.0,1740.0,2,Sleep,W,0.9,Sleep,0.45442100487622394,W,0
slp04,1740.0,1770.0,2,Sleep,W,0.8833333333333333,Sleep,0.30429369866010786,W,0
slp04,1770.0,1800.0,2,Sleep,W,0.94,Sleep,0.4493389060335241,W,0
slp04,1800.0,1830.0,2,Sleep,W,0.9066666666666666,Sleep,0.47269292214998815,W,0
slp04,1830.0,1860.0,2,Sleep,W,0.82,Sleep,0.4296687864443491,W,0
slp04,1860.0,1890.0,2,Sleep,W,0.9233333333333333,Sleep,0.40543088512964925,W,0
slp04,1890.0,1920.0,2,Sleep,W,0.7,Sleep,0.42359553985679066,W,0
slp04,1920.0,1950.0,2,Sleep,W,0.9166666666666666,Sleep,0.4851821743017424,W,0
slp04,1950.0,1980.0,2,Sleep,W,0.9033333333333333,W,0.5144220045857073,W,0
slp04,1980.0,2010.0,2,Sleep,W,0.92,W,0.5015883969478236,W,0
slp04,2010.0,2040.0,2,Sleep,W,0.9333333333333333,Sleep,0.3814948408221941,W,0
slp04,2040.0,2070.0,2,Sleep,W,0.75,Sleep,0.4596694544840514,W,0
slp04,2070.0,2100.0,2,Sleep,W,0.64,Sleep,0.4626177246107297,W,0
slp04,2100.0,2130.0,2,Sleep,W,0.8566666666666667,Sleep,0.46511185007201933,W,0
slp04,2130.0,2160.0,3,Sleep,W,0.95,Sleep,0.43592896493143646,W,0
slp04,2160.0,2190.0,3,Sleep,W,0.5833333333333334,Sleep,0.4136484565307121,W,0
slp04,2190.0,2220.0,3,Sleep,2,0.42333333333333334,Sleep,0.4602712180670186,2,0
slp04,2220.0,2250.0,3,Sleep,W,0.9733333333333334,Sleep,0.39518669015152974,W,0
slp04,2250.0,2280.0,3,Sleep,W,0.9333333333333333,Sleep,0.47356716575065483,W,0
slp04,2280.0,2310.0,3,Sleep,W,0.88,Sleep,0.4022731682422283,W,0
slp04,2310.0,2340.0,3,Sleep,2,0.4033333333333333,Sleep,0.4487941834124303,2,0
slp04,2340.0,2370.0,3,Sleep,W,0.9366666666666666,Sleep,0.45701839985843284,W,0
slp04,2370.0,2400.0,3,Sleep,W,0.8133333333333334,W,0.5731375007680337,W,0
slp04,2400.0,2430.0,3,Sleep,W,0.71,Sleep,0.19439461604340327,W,0
slp04,2430.0,2460.0,3,Sleep,1,0.7333333333333333,Sleep,0.34260095105088295,1,0
slp04,2460.0,2490.0,3,Sleep,1,0.7233333333333334,Sleep,0.41633751649936135,1,0
slp04,2490.0,2520.0,3,Sleep,1,0.8166666666666667,Sleep,0.49285800936913576,1,0
slp04,2520.0,2550.0,3,Sleep,1,0.7033333333333334,Sleep,0.44063116389449286,1,0
slp04,2550.0,2580.0,3,Sleep,W,0.73,Sleep,0.4585597690886158,W,0
slp04,2580.0,2610.0,3,Sleep,1,0.73,Sleep,0.4717603708223615,1,0
slp04,2610.0,2640.0,3,Sleep,1,0.77,Sleep,0.43828955891514343,1,0
slp04,2640.0,2670.0,3,Sleep,1,0.72,Sleep,0.47438108464075185,1,0
slp04,2670.0,2700.0,3,Sleep,1,0.7233333333333334,Sleep,0.44742128043855484,1,0
slp04,2700.0,2730.0,3,Sleep,1,0.7166666666666667,Sleep,0.47115373252914944,1,0
slp04,2730.0,2760.0,3,Sleep,1,0.82,Sleep,0.45347101534634343,1,0
slp04,2760.0,2790.0,2,Sleep,2,0.55,W,0.7152031447269394,2,0
slp04,2790.0,2820.0,2,Sleep,W,0.79,Sleep,0.23126490889749884,W,0
slp04,2820.0,2850.0,2,Sleep,2,0.42,Sleep,0.24377402939468917,2,0
slp04,2850.0,2880.0,2,Sleep,2,0.9166666666666666,Sleep,0.38261644030680214,2,0
slp04,2880.0,2910.0,2,Sleep,1,0.7333333333333333,Sleep,0.42186414055860594,1,0
slp04,2910.0,2940.0,2,Sleep,1,0.7,Sleep,0.4719973680060323,1,0
slp04,2940.0,2970.0,2,Sleep,W,0.9766666666666667,Sleep,0.4189771761771754,W,0
slp04,2970.0,3000.0,3,Sleep,W,0.8833333333333333,Sleep,0.43464959892097377,W,0
slp04,3000.0,3030.0,2,Sleep,1,0.56,Sleep,0.4760096036155419,1,0
slp04,3030.0,3060.0,2,Sleep,1,0.78,Sleep,0.4406902120637246,1,0
slp04,3060.0,3090.0,2,Sleep,1,0.5766666666666667,Sleep,0.4766070858284403,1,0
slp04,3090.0,3120.0,W,W,2,0.5566666666666666,W,0.5670654866880637,2,0
slp04,3120.0,3150.0,W,W,2,0.7733333333333333,W,0.5253028978235783,2,0
slp04,3150.0,3180.0,W,W,2,0.7533333333333333,Sleep,0.4169859673183068,2,0
slp04,3180.0,3210.0,W,W,2,0.7866666666666666,Sleep,0.45737476501200236,2,0
slp04,3210.0,3240.0,W,W,2,0.8133333333333334,Sleep,0.3422854187515412,2,0
slp04,3240.0,3270.0,1,Sleep,2,0.8666666666666667,Sleep,0.4444270290126413,2,0
slp04,3270.0,3300.0,1,Sleep,2,0.47,Sleep,0.23769716692133896,2,0
slp04,3300.0,3330.0,2,Sleep,1,0.7066666666666667,Sleep,0.2350757827811692,1,0
slp04,3330.0,3360.0,2,Sleep,2,0.8733333333333333,W,0.5070457957572431,2,0
slp04,3360.0,3390.0,W,W,2,0.6133333333333333,Sleep,0.40805614878470287,2,0
slp04,3390.0,3420.0,1,Sleep,2,0.7266666666666667,Sleep,0.22237034960881588,2,0
slp04,3420.0,3450.0,2,Sleep,2,0.8633333333333333,Sleep,0.1796866863815925,2,0
slp04,3450.0,3480.0,2,Sleep,2,0.86,Sleep,0.2737095893890515,2,0
slp04,3480.0,3510.0,2,Sleep,1,0.6366666666666667,Sleep,0.4444613753652212,1,0
slp04,3510.0,3540.0,2,Sleep,1,0.7333333333333333,Sleep,0.2276041961812463,1,0
slp04,3540.0,3570.0,2,Sleep,2,0.77,Sleep,0.333658234845374,2,0
slp04,3570.0,3600.0,2,Sleep,2,0.6666666666666666,Sleep,0.2765491430495131,2,0
slp04,3600.0,3630.0,2,Sleep,1,0.6666666666666666,Sleep,0.32110646865883796,1,0
slp04,3630.0,3660.0,W,W,W,0.6866666666666666,Sleep,0.204662072841983,W,0
slp04,3660.0,3690.0,W,W,2,0.9833333333333333,Sleep,0.23174827652258562,2,0
slp04,3690.0,3720.0,W,W,2,0.58,W,0.5789860148115945,2,0
slp04,3720.0,3750.0,1,Sleep,2,0.8633333333333333,Sleep,0.37697156258062525,2,0
slp04,3750.0,3780.0,2,Sleep,2,0.75,Sleep,0.466402957676744,2,0
slp04,3780.0,3810.0,2,Sleep,2,0.8866666666666667,Sleep,0.16594829706812803,2,0
slp04,3810.0,3840.0,2,Sleep,1,0.7266666666666667,W,0.5143931757069025,1,0
slp04,3840.0,3870.0,1,Sleep,W,0.6533333333333333,Sleep,0.22381829329141553,W,0
slp04,3870.0,3900.0,1,Sleep,2,0.4166666666666667,Sleep,0.3595291562609164,2,0
slp04,3900.0,3930.0,W,W,2,0.99,Sleep,0.17623432471860287,2,0
slp04,3930.0,3960.0,2,Sleep,1,0.7466666666666667,Sleep,0.26455163925933767,1,0
slp04,3960.0,3990.0,2,Sleep,W,0.86,Sleep,0.32771635214111233,W,0
slp04,3990.0,4020.0,2,Sleep,W,0.92,Sleep,0.37110400600802407,W,0
slp04,4020.0,4050.0,2,Sleep,W,0.8,W,0.5855416273723518,W,0
slp04,4050.0,4080.0,2,Sleep,W,0.9966666666666667,W,0.5911634510337102,W,0
slp04,4080.0,4110.0,2,Sleep,W,1.0,Sleep,0.38984007515513797,W,0
slp04,4110.0,4140.0,2,Sleep,W,0.9966666666666667,Sleep,0.3071783736572263,W,0
slp04,4140.0,4170.0,2,Sleep,W,0.9033333333333333,Sleep,0.30013693174195083,W,0
slp04,4170.0,4200.0,2,Sleep,W,0.85,Sleep,0.2819001415237036,W,0
slp04,4200.0,4230.0,2,Sleep,W,0.7933333333333333,Sleep,0.41361560394334435,W,0
slp04,4230.0,4260.0,2,Sleep,W,0.9233333333333333,Sleep,0.26853240380371024,W,0
slp04,4260.0,4290.0,2,Sleep,W,0.86,Sleep,0.3041339624519494,W,0
slp04,4290.0,4320.0,2,Sleep,1,0.76,Sleep,0.22190098505528322,1,0
slp04,4320.0,4350.0,2,Sleep,1,0.7533333333333333,Sleep,0.3117295124765095,1,0
slp04,4350.0,4380.0,2,Sleep,1,0.53,W,0.5443887901856774,1,0
slp04,4380.0,4410.0,2,Sleep,2,0.49666666666666665,Sleep,0.47872756180134485,2,0
slp04,4410.0,4440.0,2,Sleep,1,0.7333333333333333,Sleep,0.2018672394499407,1,0
slp04,4440.0,4470.0,2,Sleep,1,0.72,Sleep,0.3620433317960135,1,0
slp04,4470.0,4500.0,2,Sleep,2,0.7866666666666666,Sleep,0.3525443783878436,2,0
slp04,4500.0,4530.0,2,Sleep,2,0.8033333333333333,Sleep,0.24103893949665428,2,0
slp04,4530.0,4560.0,2,Sleep,2,0.6266666666666667,Sleep,0.2389301793729335,2,0
slp04,4560.0,4590.0,2,Sleep,2,0.8333333333333334,Sleep,0.300449162991803,2,0
slp04,4590.0,4620.0,2,Sleep,1,0.8366666666666667,Sleep,0.45309409884615776,1,0
slp04,4620.0,4650.0,2,Sleep,2,0.9066666666666666,Sleep,0.3777606432252,2,0
slp04,4650.0,4680.0,2,Sleep,2,0.8333333333333334,Sleep,0.348100913904305,2,0
slp04,4680.0,4710.0,2,Sleep,1,0.74,Sleep,0.415522726742144,1,0
slp04,4710.0,4740.0,2,Sleep,1,0.8633333333333333,Sleep,0.27640426921684474,1,0
slp04,4740.0,4770.0,2,Sleep,1,0.77,Sleep,0.47565416417069095,1,0
slp04,4770.0,4800.0,2,Sleep,1,0.8133333333333334,W,0.6124697551219499,1,0
slp04,4800.0,4830.0,2,Sleep,2,0.4666666666666667,W,0.5266409780478005,2,0
slp04,4830.0,4860.0,2,Sleep,1,0.8533333333333334,Sleep,0.30440428633435274,1,0
slp04,4860.0,4890.0,2,Sleep,1,0.8866666666666667,Sleep,0.4214337943535957,1,0
slp04,4890.0,4920.0,2,Sleep,1,0.5033333333333333,Sleep,0.19264209807178,1,0
slp04,4920.0,4950.0,2,Sleep,1,0.86,W,0.5691376220499987,1,0
slp04,4950.0,4980.0,2,Sleep,1,0.8466666666666667,Sleep,0.21169740631147843,1,0
slp04,4980.0,5010.0,2,Sleep,1,0.78,Sleep,0.1491885766147396,1,0
slp04,5010.0,5040.0,2,Sleep,2,0.79,Sleep,0.2943935896437526,2,0
slp04,5040.0,5070.0,2,Sleep,1,0.8966666666666666,Sleep,0.3826042245900064,1,0
slp04,5070.0,5100.0,2,Sleep,1,0.84,Sleep,0.4441755150628532,1,0
slp04,5100.0,5130.0,2,Sleep,2,0.7666666666666667,W,0.5199740371639983,2,0
slp04,5130.0,5160.0,2,Sleep,1,0.4766666666666667,Sleep,0.46489907604037106,1,0
slp04,5160.0,5190.0,2,Sleep,W,0.8266666666666667,W,0.5442731609254742,W,0
slp04,5190.0,5220.0,2,Sleep,1,0.7433333333333333,Sleep,0.35709745754421457,1,0
slp04,5220.0,5250.0,2,Sleep,1,0.3566666666666667,W,0.566929460039451,1,0
slp04,5250.0,5280.0,W,W,1,0.7333333333333333,W,0.606906831607175,1,0
slp04,5280.0,5310.0,W,W,1,0.7333333333333333,Sleep,0.39247259961956343,1,0
slp04,5310.0,5340.0,W,W,1,0.8033333333333333,Sleep,0.43873040087645193,1,0
slp04,5340.0,5370.0,W,W,2,0.7266666666666667,Sleep,0.21452358402116245,2,0
slp04,5370.0,5400.0,W,W,2,0.82,Sleep,0.38343820077408314,2,0
slp04,5400.0,5430.0,W,W,1,0.86,Sleep,0.4192527408101788,1,0
slp04,5430.0,5460.0,W,W,2,0.8866666666666667,W,0.6118595818913116,2,0
slp04,5460.0,5490.0,W,W,2,0.48,Sleep,0.45335854859006486,2,0
slp04,5490.0,5520.0,1,Sleep,1,0.7733333333333333,Sleep,0.479900366997558,1,0
slp04,5520.0,5550.0,W,W,1,0.7366666666666667,Sleep,0.22394963304940707,1,0
slp04,5550.0,5580.0,1,Sleep,1,0.6766666666666666,Sleep,0.44520183084959286,1,0
slp04,5580.0,5610.0,1,Sleep,1,0.8433333333333334,Sleep,0.2676611309855679,1,0
slp04,5610.0,5640.0,2,Sleep,1,0.6466666666666666,Sleep,0.23063522334034295,1,0
slp04,5640.0,5670.0,2,Sleep,2,0.5166666666666667,Sleep,0.3733203783792667,2,0
slp04,5670.0,5700.0,2,Sleep,1,0.58,Sleep,0.276858454260104,1,0
slp04,5700.0,5730.0,2,Sleep,1,0.7033333333333334,Sleep,0.17432596423094465,1,0
slp04,5730.0,5760.0,2,Sleep,1,0.8433333333333334,Sleep,0.24010828735033218,1,0
slp04,5760.0,5790.0,2,Sleep,1,0.82,Sleep,0.33134417347129896,1,0
slp04,5790.0,5820.0,2,Sleep,2,0.8766666666666667,W,0.5994028776782813,2,0
slp04,5820.0,5850.0,W,W,1,0.6166666666666667,Sleep,0.4615897346066293,1,0
slp04,5850.0,5880.0,W,W,1,0.8133333333333334,W,0.6371072722179125,1,0
slp04,5880.0,5910.0,W,W,2,0.8,Sleep,0.16155171537822682,2,0
slp04,5910.0,5940.0,1,Sleep,2,0.7666666666666667,Sleep,0.250325949226926,2,0
slp04,5940.0,5970.0,2,Sleep,1,0.8566666666666667,W,0.5298551107891628,1,0
slp04,5970.0,6000.0,2,Sleep,1,0.7966666666666666,Sleep,0.26107416518783877,1,0
slp04,6000.0,6030.0,2,Sleep,1,0.8266666666666667,Sleep,0.20172106859371594,1,0
slp04,6030.0,6060.0,2,Sleep,1,0.7566666666666667,Sleep,0.4511022296830825,1,0
slp04,6060.0,6090.0,2,Sleep,2,0.8066666666666666,Sleep,0.25498995889035664,2,0
slp04,6090.0,6120.0,2,Sleep,2,0.79,Sleep,0.383706382992037,2,0
slp04,6120.0,6150.0,2,Sleep,1,0.8666666666666667,Sleep,0.45564618104198595,1,0
slp04,6150.0,6180.0,2,Sleep,1,0.8266666666666667,Sleep,0.24103814100093066,1,0
slp04,6180.0,6210.0,2,Sleep,2,0.8166666666666667,W,0.540994227275436,2,0
slp04,6210.0,6240.0,2,Sleep,2,0.7266666666666667,Sleep,0.4610212034003859,2,0
slp04,6240.0,6270.0,2,Sleep,2,0.8566666666666667,Sleep,0.28359101904733064,2,0
slp04,6270.0,6300.0,2,Sleep,1,0.93,Sleep,0.4333113185478472,1,0
slp04,6300.0,6330.0,2,Sleep,1,0.7866666666666666,Sleep,0.3084624764895999,1,0
slp04,6330.0,6360.0,2,Sleep,2,0.4766666666666667,Sleep,0.37104819610699113,2,0
slp04,6360.0,6390.0,2,Sleep,2,0.79,Sleep,0.32082161795236,2,0
slp04,6390.0,6420.0,2,Sleep,1,0.82,Sleep,0.33510323471530623,1,0
slp04,6420.0,6450.0,2,Sleep,2,0.89,Sleep,0.2257602222652277,2,0
slp04,6450.0,6480.0,2,Sleep,2,0.8933333333333333,Sleep,0.36083999267134786,2,0
slp04,6480.0,6510.0,2,Sleep,2,0.7866666666666666,W,0.5459271430772494,2,0
slp04,6510.0,6540.0,2,Sleep,1,0.42333333333333334,Sleep,0.4579874504384237,1,0
slp04,6540.0,6570.0,W,W,1,0.84,W,0.5399058532887103,1,0
slp04,6570.0,6600.0,1,Sleep,1,0.8166666666666667,Sleep,0.28959279916159836,1,0
slp04,6600.0,6630.0,2,Sleep,2,0.75,Sleep,0.4318299534232429,2,0
slp04,6630.0,6660.0,2,Sleep,2,0.7366666666666667,Sleep,0.30257781297508846,2,0
slp04,6660.0,6690.0,2,Sleep,2,0.7766666666666666,Sleep,0.17373547796121447,2,0
slp04,6690.0,6720.0,2,Sleep,2,0.48333333333333334,Sleep,0.3153756528591649,2,0
slp04,6720.0,6750.0,2,Sleep,1,0.76,Sleep,0.37753768127153137,1,0
slp04,6750.0,6780.0,2,Sleep,2,0.8066666666666666,Sleep,0.20805955544403973,2,0
slp04,6780.0,6810.0,2,Sleep,R,0.37,Sleep,0.2791840906394971,R,0
slp04,6810.0,6840.0,2,Sleep,1,0.7633333333333333,Sleep,0.3798369709601596,1,0
slp04,6840.0,6870.0,2,Sleep,2,0.8866666666666667,Sleep,0.43950642403629814,2,0
slp04,6870.0,6900.0,2,Sleep,2,0.7266666666666667,Sleep,0.2350450445891483,2,0
slp04,6900.0,6930.0,2,Sleep,1,0.32,Sleep,0.2547270291321577,1,0
slp04,6930.0,6960.0,2,Sleep,2,0.7666666666666667,W,0.5453953045493074,2,0
slp04,6960.0,6990.0,2,Sleep,2,0.7466666666666667,Sleep,0.32312022878608404,2,0
slp04,6990.0,7020.0,2,Sleep,1,0.7333333333333333,Sleep,0.2558526589094481,1,0
slp04,7020.0,7050.0,2,Sleep,1,0.7566666666666667,Sleep,0.2542958282848408,1,0
slp04,7050.0,7080.0,2,Sleep,2,0.71,Sleep,0.42843204784603517,2,0
slp04,7080.0,7110.0,2,Sleep,1,0.8566666666666667,W,0.6218957844182134,1,0
slp04,7110.0,7140.0,2,Sleep,2,0.7966666666666666,Sleep,0.2995151862364277,2,0
slp04,7140.0,7170.0,2,Sleep,1,0.6466666666666666,Sleep,0.24920445311004571,1,0
slp04,7170.0,7200.0,2,Sleep,1,0.7466666666666667,Sleep,0.4215077845832235,1,0
slp04,7200.0,7230.0,2,Sleep,1,0.8233333333333334,Sleep,0.31949573548374827,1,0
slp04,7230.0,7260.0,2,Sleep,1,0.6866666666666666,Sleep,0.30027670121084804,1,0
slp04,7260.0,7290.0,2,Sleep,W,0.5366666666666666,Sleep,0.3488577895771678,W,0
slp04,7290.0,7320.0,2,Sleep,W,0.6766666666666666,Sleep,0.4777840222672528,W,0
slp04,7320.0,7350.0,2,Sleep,1,0.7466666666666667,Sleep,0.3092639837354856,1,0
slp04,7350.0,7380.0,2,Sleep,1,0.45,Sleep,0.2779478123362151,1,0
slp04,7380.0,7410.0,2,Sleep,W,0.7033333333333334,Sleep,0.3224849513582717,W,0
slp04,7410.0,7440.0,2,Sleep,2,0.38333333333333336,Sleep,0.23026764385084827,2,0
slp04,7440.0,7470.0,2,Sleep,1,0.7366666666666667,Sleep,0.3352400426060556,1,0
slp04,7470.0,7500.0,2,Sleep,1,0.7433333333333333,Sleep,0.41035419057968886,1,0
slp04,7500.0,7530.0,2,Sleep,2,0.71,Sleep,0.46057474843069446,2,0
slp04,7530.0,7560.0,2,Sleep,2,0.8633333333333333,Sleep,0.2703015798595599,2,0
slp04,7560.0,7590.0,2,Sleep,1,0.7433333333333333,Sleep,0.2326683929701938,1,0
slp04,7590.0,7620.0,2,Sleep,2,0.9133333333333333,Sleep,0.2735974553299721,2,0
slp04,7620.0,7650.0,2,Sleep,1,0.7,Sleep,0.1767675037374613,1,0
slp04,7650.0,7680.0,2,Sleep,2,0.7466666666666667,Sleep,0.412129079980348,2,0
slp04,7680.0,7710.0,2,Sleep,2,0.5266666666666666,Sleep,0.2778545333855718,2,0
slp04,7710.0,7740.0,2,Sleep,1,0.72,Sleep,0.47751617809245506,1,0
slp04,7740.0,7770.0,2,Sleep,2,0.8133333333333334,Sleep,0.2380462519738596,2,0
slp04,7770.0,7800.0,2,Sleep,1,0.77,Sleep,0.2484670281521162,1,0
slp04,7800.0,7830.0,2,Sleep,1,0.48333333333333334,Sleep,0.2283406353151571,1,0
slp04,7830.0,7860.0,2,Sleep,2,0.8166666666666667,Sleep,0.29371807818202345,2,0
slp04,7860.0,7890.0,2,Sleep,2,0.7833333333333333,Sleep,0.13852052244989457,2,0
slp04,7890.0,7920.0,2,Sleep,1,0.7433333333333333,W,0.5948543156860847,1,0
slp04,7920.0,7950.0,2,Sleep,2,0.8066666666666666,Sleep,0.20452547057606268,2,0
slp04,7950.0,7980.0,2,Sleep,1,0.7833333333333333,Sleep,0.17805579241448352,1,0
slp04,7980.0,8010.0,2,Sleep,2,0.7333333333333333,Sleep,0.26086995369267035,2,0
slp04,8010.0,8040.0,2,Sleep,1,0.8366666666666667,Sleep,0.35928117447897545,1,0
slp04,8040.0,8070.0,2,Sleep,1,0.8166666666666667,Sleep,0.4147111190377432,1,0
slp04,8070.0,8100.0,2,Sleep,1,0.3466666666666667,Sleep,0.22942449895919453,1,0
slp04,8100.0,8130.0,2,Sleep,1,0.8,Sleep,0.28185889876692094,1,0
slp04,8130.0,8160.0,2,Sleep,2,0.6766666666666666,Sleep,0.47235520314731616,2,0
slp04,8160.0,8190.0,2,Sleep,1,0.7433333333333333,Sleep,0.2528268506315448,1,0
slp04,8190.0,8220.0,2,Sleep,1,0.7833333333333333,Sleep,0.359533386424769,1,0
slp04,8220.0,8250.0,2,Sleep,2,0.7033333333333334,Sleep,0.27369115706623487,2,0
slp04,8250.0,8280.0,2,Sleep,2,0.7633333333333333,Sleep,0.3547858203408993,2,0
slp04,8280.0,8310.0,2,Sleep,1,0.6633333333333333,Sleep,0.36178788176656035,1,0
slp04,8310.0,8340.0,2,Sleep,W,0.8033333333333333,Sleep,0.22074157591799984,W,0
slp04,8340.0,8370.0,2,Sleep,W,0.8433333333333334,Sleep,0.262925005162487,W,0
slp04,8370.0,8400.0,2,Sleep,W,0.98,Sleep,0.3554009892443309,W,0
slp04,8400.0,8430.0,2,Sleep,W,0.9266666666666666,W,0.5588993652870194,W,0
slp04,8430.0,8460.0,2,Sleep,W,0.9433333333333334,Sleep,0.2715678285199092,W,0
slp04,8460.0,8490.0,2,Sleep,1,0.73,Sleep,0.23226472842037404,1,0
slp04,8490.0,8520.0,2,Sleep,1,0.7866666666666666,Sleep,0.4050590250966628,1,0
slp04,8520.0,8550.0,2,Sleep,W,0.99,Sleep,0.46125113122249606,W,0
slp04,8550.0,8580.0,2,Sleep,1,0.74,Sleep,0.2523202478071937,1,0
slp04,8580.0,8610.0,2,Sleep,1,0.7333333333333333,Sleep,0.24657228593595582,1,0
slp04,8610.0,8640.0,2,Sleep,2,0.8466666666666667,Sleep,0.2577836360273136,2,0
slp04,8640.0,8670.0,2,Sleep,1,0.8,Sleep,0.23898526398719241,1,0
slp04,8670.0,8700.0,2,Sleep,2,0.67,Sleep,0.43076712079391505,2,0
slp04,8700.0,8730.0,2,Sleep,1,0.65,Sleep,0.3442051960993106,1,0
slp04,8730.0,8760.0,2,Sleep,1,0.76,W,0.5290001480944059,1,0
slp04,8760.0,8790.0,2,Sleep,1,0.8333333333333334,Sleep,0.37974271132910026,1,0
slp04,8790.0,8820.0,2,Sleep,1,0.4766666666666667,Sleep,0.2560899074182264,1,0
slp04,8820.0,8850.0,2,Sleep,2,0.42333333333333334,Sleep,0.29554166382969016,2,0
slp04,8850.0,8880.0,2,Sleep,R,0.41,Sleep,0.271452079964823,R,0
slp04,8880.0,8910.0,2,Sleep,2,0.7566666666666667,Sleep,0.3282855696000622,2,0
slp04,8910.0,8940.0,2,Sleep,2,0.82,Sleep,0.282473873039518,2,0
slp04,8940.0,8970.0,2,Sleep,2,0.8566666666666667,Sleep,0.29986222193013623,2,0
slp04,8970.0,9000.0,2,Sleep,2,0.8966666666666666,Sleep,0.22201562841456682,2,0
slp04,9000.0,9030.0,2,Sleep,2,0.9,Sleep,0.23673721586046634,2,0
slp04,9030.0,9060.0,2,Sleep,2,0.7433333333333333,Sleep,0.1851423743557006,2,0
slp04,9060.0,9090.0,2,Sleep,2,0.8633333333333333,Sleep,0.18198189450185373,2,0
slp04,9090.0,9120.0,2,Sleep,1,0.46,Sleep,0.22199655328301565,1,0
slp04,9120.0,9150.0,2,Sleep,2,0.7266666666666667,Sleep,0.28624665518263703,2,0
slp04,9150.0,9180.0,2,Sleep,2,0.77,Sleep,0.35783986624712144,2,0
slp04,9180.0,9210.0,2,Sleep,1,0.88,Sleep,0.2062057601127196,1,0
slp04,9210.0,9240.0,2,Sleep,1,0.77,Sleep,0.15501321141530747,1,0
slp04,9240.0,9270.0,2,Sleep,1,0.72,Sleep,0.21383791662718854,1,0
slp04,9270.0,9300.0,2,Sleep,1,0.76,Sleep,0.36140875163477687,1,0
slp04,9300.0,9330.0,2,Sleep,2,0.5,Sleep,0.3002945925502378,2,0
slp04,9330.0,9360.0,2,Sleep,2,0.5333333333333333,Sleep,0.38967775745116495,2,0
slp04,9360.0,9390.0,2,Sleep,2,0.8766666666666667,Sleep,0.2860300875893149,2,0
slp04,9390.0,9420.0,2,Sleep,1,0.48333333333333334,Sleep,0.3125935720670841,1,0
slp04,9420.0,9450.0,2,Sleep,2,0.7866666666666666,Sleep,0.3753998402065197,2,0
slp04,9450.0,9480.0,2,Sleep,2,0.7666666666666667,W,0.644241356526129,2,0
slp04,9480.0,9510.0,W,W,2,0.78,W,0.5035400117701205,2,0
slp04,9510.0,9540.0,W,W,1,0.77,Sleep,0.4322316650331134,1,0
slp04,9540.0,9570.0,W,W,1,0.84,Sleep,0.3687757162920993,1,0
slp04,9570.0,9600.0,1,Sleep,1,0.7533333333333333,Sleep,0.26992898023203377,1,0
slp04,9600.0,9630.0,1,Sleep,1,0.7033333333333334,Sleep,0.2827980806911431,1,0
slp04,9630.0,9660.0,2,Sleep,1,0.7366666666666667,Sleep,0.370582735419344,1,0
slp04,9660.0,9690.0,2,Sleep,2,0.5166666666666667,Sleep,0.39647567747639817,2,0
slp04,9690.0,9720.0,2,Sleep,1,0.7066666666666667,Sleep,0.42682586420362517,1,0
slp04,9720.0,9750.0,2,Sleep,1,0.8066666666666666,Sleep,0.4275104860108758,1,0
slp04,9750.0,9780.0,2,Sleep,1,0.79,Sleep,0.3313502650125829,1,0
slp04,9780.0,9810.0,2,Sleep,2,0.5033333333333333,Sleep,0.3384859945516616,2,0
slp04,9810.0,9840.0,2,Sleep,1,0.66,Sleep,0.2860915800797452,1,0
slp04,9840.0,9870.0,2,Sleep,2,0.41,Sleep,0.2601893438432321,2,0
slp04,9870.0,9900.0,2,Sleep,2,0.78,Sleep,0.2907064460476674,2,0
slp04,9900.0,9930.0,2,Sleep,1,0.7,Sleep,0.26668606966324665,1,0
slp04,9930.0,9960.0,2,Sleep,1,0.7233333333333334,Sleep,0.40374076207906484,1,0
slp04,9960.0,9990.0,2,Sleep,1,0.7366666666666667,Sleep,0.3355811685722719,1,0
slp04,9990.0,10020.0,2,Sleep,1,0.7866666666666666,Sleep,0.27732689585973697,1,0
slp04,10020.0,10050.0,2,Sleep,2,0.8533333333333334,Sleep,0.2719397194163696,2,0
slp04,10050.0,10080.0,2,Sleep,1,0.7566666666666667,Sleep,0.3486090025231898,1,0
slp04,10080.0,10110.0,2,Sleep,1,0.77,Sleep,0.37431647019213504,1,0
slp04,10110.0,10140.0,2,Sleep,2,0.8766666666666667,Sleep,0.2780176177066783,2,0
slp04,10140.0,10170.0,2,Sleep,1,0.8866666666666667,Sleep,0.2604407861873188,1,0
slp04,10170.0,10200.0,2,Sleep,2,0.9233333333333333,Sleep,0.3159840273363548,2,0
slp04,10200.0,10230.0,2,Sleep,2,0.7966666666666666,Sleep,0.18213825195238623,2,0
slp04,10230.0,10260.0,2,Sleep,R,0.7666666666666667,Sleep,0.27369527078239037,R,0
slp04,10260.0,10290.0,2,Sleep,R,0.8433333333333334,Sleep,0.24258471661030612,R,0
slp04,10290.0,10320.0,2,Sleep,R,0.9333333333333333,Sleep,0.3186481550549042,R,0
slp04,10320.0,10350.0,2,Sleep,R,0.44,Sleep,0.3444175256254022,R,0
slp04,10350.0,10380.0,2,Sleep,R,0.8833333333333333,Sleep,0.24019280536567844,R,0
slp04,10380.0,10410.0,2,Sleep,R,0.7433333333333333,Sleep,0.2704884007793196,R,0
slp04,10410.0,10440.0,2,Sleep,R,0.78,Sleep,0.3101035055498978,R,0
slp04,10440.0,10470.0,2,Sleep,R,0.5566666666666666,Sleep,0.1840738614325244,R,0
slp04,10470.0,10500.0,2,Sleep,R,0.7933333333333333,Sleep,0.33728441430025113,R,0
slp04,10500.0,10530.0,2,Sleep,R,0.71,Sleep,0.34223302383739557,R,0
slp04,10530.0,10560.0,2,Sleep,R,0.48333333333333334,Sleep,0.3046850898708018,R,0
slp04,10560.0,10590.0,2,Sleep,R,0.68,Sleep,0.21997897188187082,R,0
slp04,10590.0,10620.0,2,Sleep,R,0.7233333333333334,Sleep,0.30490995855502434,R,0
slp04,10620.0,10650.0,2,Sleep,R,0.7866666666666666,Sleep,0.31644343259916635,R,0
slp04,10650.0,10680.0,2,Sleep,1,0.46,Sleep,0.28469091497565246,1,0
slp04,10680.0,10710.0,2,Sleep,R,0.6933333333333334,Sleep,0.3801897716676364,R,0
slp04,10710.0,10740.0,2,Sleep,R,0.74,Sleep,0.23491387051999874,R,0
slp04,10740.0,10770.0,2,Sleep,R,0.79,Sleep,0.2858474335752285,R,0
slp04,10770.0,10800.0,2,Sleep,R,0.7433333333333333,Sleep,0.37714958119111636,R,0
slp04,10800.0,10830.0,2,Sleep,R,0.83,Sleep,0.40484186633344676,R,0
slp04,10830.0,10860.0,2,Sleep,R,0.9733333333333334,Sleep,0.46754865275477925,R,0
slp04,10860.0,10890.0,2,Sleep,1,0.43666666666666665,Sleep,0.47180933537386455,1,0
slp04,10890.0,10920.0,2,Sleep,R,0.9633333333333334,W,0.6835241551359509,R,0
slp04,10920.0,10950.0,2,Sleep,R,0.7033333333333334,Sleep,0.4523781181061164,R,0
slp04,10950.0,10980.0,2,Sleep,R,0.7533333333333333,Sleep,0.3562697399818506,R,0
slp04,10980.0,11010.0,2,Sleep,R,0.7766666666666666,Sleep,0.4941773429482159,R,0
slp04,11010.0,11040.0,2,Sleep,R,0.8533333333333334,Sleep,0.2723035010966265,R,0
slp04,11040.0,11070.0,2,Sleep,R,0.6166666666666667,W,0.5052962744744885,R,0
slp04,11070.0,11100.0,2,Sleep,R,0.9633333333333334,Sleep,0.30141744938222287,R,0
slp04,11100.0,11130.0,2,Sleep,1,0.49666666666666665,Sleep,0.39755257170939295,1,0
slp04,11130.0,11160.0,2,Sleep,R,0.82,W,0.6348825202753674,R,0
slp04,11160.0,11190.0,2,Sleep,R,0.7166666666666667,W,0.5784179550919617,R,0
slp04,11190.0,11220.0,R,Sleep,R,0.8133333333333334,W,0.5605716620026004,R,0
slp04,11220.0,11250.0,R,Sleep,R,0.8366666666666667,W,0.6376146807705423,R,0
slp04,11250.0,11280.0,W,W,R,0.9433333333333334,Sleep,0.4711044225312799,R,0
slp04,11280.0,11310.0,W,W,R,0.7333333333333333,Sleep,0.48674007678908565,R,0
slp04,11310.0,11340.0,W,W,R,0.7366666666666667,Sleep,0.39771541182479014,R,0
slp04,11340.0,11370.0,W,W,R,0.74,Sleep,0.48267586225632564,R,0
slp04,11370.0,11400.0,W,W,R,0.8,Sleep,0.315881850529041,R,0
slp04,11400.0,11430.0,W,W,R,0.94,Sleep,0.36491012663539574,R,0
slp04,11430.0,11460.0,W,W,R,0.6366666666666667,Sleep,0.47579181116101554,R,0
slp04,11460.0,11490.0,W,W,R,0.85,Sleep,0.39023269276512873,R,0
slp04,11490.0,11520.0,W,W,R,0.7333333333333333,Sleep,0.28925713712818363,R,0
slp04,11520.0,11550.0,W,W,1,0.43666666666666665,Sleep,0.4627828234694305,1,0
slp04,11550.0,11580.0,W,W,R,0.86,Sleep,0.37359025312071836,R,0
slp04,11580.0,11610.0,W,W,R,0.69,W,0.6059877267546995,R,0
slp04,11610.0,11640.0,W,W,R,0.69,Sleep,0.43070897240844963,R,0
slp04,11640.0,11670.0,W,W,R,0.7266666666666667,Sleep,0.4368339561449154,R,0
slp04,11670.0,11700.0,W,W,W,0.71,W,0.5143545806085709,W,0
slp04,11700.0,11730.0,W,W,1,0.7666666666666667,Sleep,0.39266556618544374,1,0
slp04,11730.0,11760.0,W,W,1,0.7766666666666666,Sleep,0.2651348089910576,1,0
slp04,11760.0,11790.0,W,W,1,0.5866666666666667,Sleep,0.4606889859887937,1,0
slp04,11790.0,11820.0,W,W,1,0.6633333333333333,Sleep,0.40066181987912963,1,0
slp04,11820.0,11850.0,W,W,1,0.8133333333333334,Sleep,0.3984617047147866,1,0
slp04,11850.0,11880.0,W,W,1,0.8533333333333334,Sleep,0.4283080200516033,1,0
slp04,11880.0,11910.0,W,W,1,0.72,Sleep,0.3736226027409946,1,0
slp04,11910.0,11940.0,W,W,1,0.7,W,0.7031432344341654,W,1
slp04,11940.0,11970.0,W,W,1,0.8066666666666666,Sleep,0.48086056888661866,1,0
slp04,11970.0,12000.0,W,W,1,0.65,Sleep,0.36703182953361957,1,0
slp04,12000.0,12030.0,W,W,1,0.7233333333333334,Sleep,0.4331937942339805,1,0
slp04,12030.0,12060.0,W,W,1,0.77,Sleep,0.37210707114767155,1,0
slp04,12060.0,12090.0,1,Sleep,2,0.44,Sleep,0.4086969000813897,2,0
slp04,12090.0,12120.0,1,Sleep,1,0.7733333333333333,W,0.5330243879673321,1,0
slp04,12120.0,12150.0,1,Sleep,1,0.63,Sleep,0.44041764270024364,1,0
slp04,12150.0,12180.0,W,W,1,0.6433333333333333,Sleep,0.4174599129375209,1,0
slp04,12180.0,12210.0,W,W,W,0.9,W,0.5699354357287232,W,0
slp04,12210.0,12240.0,W,W,W,0.88,Sleep,0.49015432561448163,W,0
slp04,12240.0,12270.0,W,W,W,0.9366666666666666,Sleep,0.4598323612996783,W,0
slp04,12270.0,12300.0,W,W,W,0.8666666666666667,W,0.5932752224251217,W,0
slp04,12300.0,12330.0,W,W,W,0.95,Sleep,0.49447110631372054,W,0
slp04,12330.0,12360.0,W,W,W,0.9666666666666667,W,0.6075619885584687,W,0
slp04,12360.0,12390.0,W,W,W,0.96,W,0.5666505392296481,W,0
slp04,12390.0,12420.0,W,W,W,0.9566666666666667,W,0.689583930075613,W,0
slp04,12420.0,12450.0,W,W,W,0.9966666666666667,Sleep,0.4889559372672961,W,0
slp04,12450.0,12480.0,W,W,W,0.9966666666666667,W,0.6139417048375445,W,0
slp04,12480.0,12510.0,W,W,W,0.9733333333333334,W,0.5001495474103622,W,0
slp04,12510.0,12540.0,W,W,W,0.6,Sleep,0.44652227380524595,W,0
slp04,12540.0,12570.0,W,W,W,0.9866666666666667,W,0.6456704859923383,W,0
slp04,12570.0,12600.0,W,W,1,0.82,Sleep,0.3944959648926864,1,0
slp04,12600.0,12630.0,W,W,W,0.94,Sleep,0.4581711944883246,W,0
slp04,12630.0,12660.0,W,W,W,0.99,Sleep,0.4012367198091655,W,0
slp04,12660.0,12690.0,W,W,W,0.93,W,0.5145773901041023,W,0
slp04,12690.0,12720.0,W,W,W,0.9266666666666666,Sleep,0.40997182784455893,W,0
slp04,12720.0,12750.0,W,W,W,0.73,Sleep,0.4097511007368971,W,0
slp04,12750.0,12780.0,W,W,W,0.95,Sleep,0.3849498927381295,W,0
slp04,12780.0,12810.0,1,Sleep,W,0.67,Sleep,0.49635616374777924,W,0
slp04,12810.0,12840.0,W,W,1,0.8033333333333333,Sleep,0.4517682827814774,1,0
slp04,12840.0,12870.0,W,W,1,0.7866666666666666,Sleep,0.36391091834776385,1,0
slp04,12870.0,12900.0,W,W,W,0.79,W,0.5474833005330961,W,0
slp04,12900.0,12930.0,W,W,W,0.86,W,0.515353365787564,W,0
slp04,12930.0,12960.0,W,W,W,0.8,Sleep,0.477748944361543,W,0
slp04,12960.0,12990.0,W,W,W,0.9633333333333334,W,0.5762066274875317,W,0
slp04,12990.0,13020.0,W,W,W,0.93,Sleep,0.4530728459332204,W,0
slp04,13020.0,13050.0,W,W,W,0.63,W,0.5325917946269523,W,0
slp04,13050.0,13080.0,W,W,1,0.8766666666666667,W,0.5572997325654169,1,0
slp04,13080.0,13110.0,W,W,W,0.8066666666666666,Sleep,0.47746298321955827,W,0
slp04,13110.0,13140.0,W,W,W,0.9466666666666667,W,0.6541657942340344,W,0
slp04,13140.0,13170.0,W,W,W,0.8866666666666667,W,0.5904850141888515,W,0
slp04,13170.0,13200.0,W,W,W,0.52,Sleep,0.23509635661953035,W,0
slp04,13200.0,13230.0,W,W,W,0.98,Sleep,0.4923825550521181,W,0
slp04,13230.0,13260.0,W,W,W,0.99,W,0.5364652843077437,W,0
slp04,13260.0,13290.0,W,W,W,0.9733333333333334,Sleep,0.48129315247562565,W,0
slp04,13290.0,13320.0,W,W,W,0.75,W,0.5296470115038454,W,0
slp04,13320.0,13350.0,W,W,W,0.9366666666666666,W,0.6296132887441804,W,0
slp04,13350.0,13380.0,W,W,W,0.79,W,0.6336810045868396,W,0
slp04,13380.0,13410.0,W,W,W,0.7466666666666667,W,0.7397924416696244,W,1
slp04,13410.0,13440.0,W,W,W,0.9766666666666667,W,0.5914072848161732,W,0
slp04,13440.0,13470.0,W,W,W,0.8866666666666667,W,0.5897473002330013,W,0
slp04,13470.0,13500.0,W,W,W,0.9966666666666667,W,0.7039505391927703,W,0
slp04,13500.0,13530.0,W,W,1,0.5566666666666666,Sleep,0.47596655997369064,1,0
slp04,13530.0,13560.0,W,W,W,0.9866666666666667,W,0.5881313930563035,W,0
slp04,13560.0,13590.0,W,W,1,0.76,W,0.6205441402172048,1,0
slp04,13590.0,13620.0,W,W,W,0.9733333333333334,W,0.5939774003695553,W,0
slp04,13620.0,13650.0,W,W,1,0.8166666666666667,W,0.5053795599505015,1,0
slp04,13650.0,13680.0,W,W,W,0.9966666666666667,W,0.5192342472749043,W,0
slp04,13680.0,13710.0,W,W,W,0.78,W,0.6034386625954123,W,0
slp04,13710.0,13740.0,W,W,W,0.9866666666666667,W,0.5933221506653874,W,0
slp04,13740.0,13770.0,W,W,W,0.9,W,0.8153563583460547,W,0
slp04,13770.0,13800.0,W,W,W,0.7733333333333333,W,0.6010254856523067,W,0
slp04,13800.0,13830.0,W,W,1,0.7233333333333334,W,0.6010524196202758,1,0
slp04,13830.0,13860.0,W,W,W,0.99,W,0.5719666444442935,W,0
slp04,13860.0,13890.0,W,W,2,0.81,W,0.5177173779243823,2,0
slp04,13890.0,13920.0,W,W,2,0.8966666666666666,W,0.5995094929216768,2,0
slp04,13920.0,13950.0,W,W,2,0.7566666666666667,W,0.7623827654709291,2,0
slp04,13950.0,13980.0,W,W,2,0.8533333333333334,W,0.7245647607164093,2,0
slp04,13980.0,14010.0,W,W,2,0.8733333333333333,W,0.5194075194711191,2,0
slp04,14010.0,14040.0,W,W,2,0.8566666666666667,Sleep,0.46745912817789625,2,0
slp04,14040.0,14070.0,W,W,2,0.8033333333333333,W,0.5192590581310901,2,0
slp04,14070.0,14100.0,W,W,2,0.7333333333333333,W,0.6269816333720538,2,0
slp04,14100.0,14130.0,W,W,2,0.7866666666666666,W,0.5906560481004668,2,0
slp04,14130.0,14160.0,W,W,2,0.82,W,0.772388293510786,2,0
slp04,14160.0,14190.0,W,W,2,0.93,W,0.7627532545905487,2,0
slp04,14190.0,14220.0,W,W,2,0.79,W,0.8803995035649215,2,0
slp04,14220.0,14250.0,W,W,2,0.82,W,0.7370827075086775,2,0
slp04,14250.0,14280.0,W,W,2,0.8466666666666667,W,0.6421688711557166,2,0
slp04,14280.0,14310.0,W,W,2,0.9233333333333333,W,0.7406621839551458,2,0
slp04,14310.0,14340.0,1,Sleep,2,0.7666666666666667,W,0.6652211290165634,2,0
slp04,14340.0,14370.0,1,Sleep,2,0.92,W,0.66513435329908,2,0
slp04,14370.0,14400.0,1,Sleep,2,0.8866666666666667,W,0.7769388382364903,2,0
slp04,14400.0,14430.0,1,Sleep,2,0.9033333333333333,W,0.7530872395797172,2,0
slp04,14430.0,14460.0,2,Sleep,2,0.89,W,0.6716113133460622,2,0
slp04,14460.0,14490.0,2,Sleep,2,0.79,W,0.5994720949589284,2,0
slp04,14490.0,14520.0,2,Sleep,2,0.9366666666666666,W,0.5790338023949121,2,0
slp04,14520.0,14550.0,2,Sleep,2,0.9366666666666666,W,0.6413574389213546,2,0
slp04,14550.0,14580.0,2,Sleep,2,0.9366666666666666,W,0.8128214841974356,2,0
slp04,14580.0,14610.0,2,Sleep,2,0.9433333333333334,W,0.5769683157572125,2,0
slp04,14610.0,14640.0,2,Sleep,2,0.88,Sleep,0.4671225412094521,2,0
slp04,14640.0,14670.0,2,Sleep,2,0.8866666666666667,Sleep,0.4745675290629601,2,0
slp04,14670.0,14700.0,2,Sleep,2,0.8766666666666667,Sleep,0.45661399616569565,2,0
slp04,14700.0,14730.0,2,Sleep,2,0.89,Sleep,0.27795049827987944,2,0
slp04,14730.0,14760.0,2,Sleep,2,0.9666666666666667,Sleep,0.3451867157877225,2,0
slp04,14760.0,14790.0,2,Sleep,2,0.73,Sleep,0.267146043172044,2,0
slp04,14790.0,14820.0,2,Sleep,2,0.79,Sleep,0.3558647503046987,2,0
slp04,14820.0,14850.0,2,Sleep,2,0.94,Sleep,0.45468885092717093,2,0
slp04,14850.0,14880.0,2,Sleep,2,0.8866666666666667,Sleep,0.383679221362958,2,0
slp04,14880.0,14910.0,2,Sleep,2,0.97,Sleep,0.21045880146162488,2,0
slp04,14910.0,14940.0,2,Sleep,N3,0.6766666666666666,Sleep,0.32221928614930234,N3,0
slp04,14940.0,14970.0,2,Sleep,N3,0.7133333333333334,W,0.6000704915200685,N3,0
slp04,14970.0,15000.0,2,Sleep,N3,0.6666666666666666,W,0.5369179904266644,N3,0
slp04,15000.0,15030.0,2,Sleep,N3,0.8066666666666666,Sleep,0.42756414102130547,N3,0
slp04,15030.0,15060.0,W,W,2,0.54,W,0.7235923681633272,2,0
slp04,15060.0,15090.0,W,W,N3,0.6466666666666666,W,0.6736248326727099,N3,0
slp04,15090.0,15120.0,1,Sleep,N3,0.7166666666666667,W,0.5556057821997319,N3,0
slp04,15120.0,15150.0,2,Sleep,N3,0.78,Sleep,0.38160201008772293,N3,0
slp04,15150.0,15180.0,2,Sleep,N3,0.64,W,0.5098917478664828,N3,0
slp04,15180.0,15210.0,2,Sleep,N3,0.84,Sleep,0.2958016068320439,N3,0
slp04,15210.0,15240.0,2,Sleep,2,0.9066666666666666,Sleep,0.27166378113029516,2,0
slp04,15240.0,15270.0,2,Sleep,N3,0.7666666666666667,Sleep,0.34560696161451615,N3,0
slp04,15270.0,15300.0,2,Sleep,2,0.92,Sleep,0.47588751971980486,2,0
slp04,15300.0,15330.0,2,Sleep,2,0.9166666666666666,Sleep,0.25798340438920564,2,0
slp04,15330.0,15360.0,2,Sleep,2,0.8433333333333334,W,0.5530341533884018,2,0
slp04,15360.0,15390.0,2,Sleep,2,0.89,W,0.5365397268080504,2,0
slp04,15390.0,15420.0,2,Sleep,2,0.92,Sleep,0.4182879345001471,2,0
slp04,15420.0,15450.0,2,Sleep,N3,0.72,Sleep,0.27032390480581997,N3,0
slp04,15450.0,15480.0,2,Sleep,2,0.8233333333333334,Sleep,0.4747324218338924,2,0
slp04,15480.0,15510.0,2,Sleep,2,0.8633333333333333,Sleep,0.35422344828378904,2,0
slp04,15510.0,15540.0,2,Sleep,2,0.8166666666666667,Sleep,0.4393057080499378,2,0
slp04,15540.0,15570.0,2,Sleep,2,0.89,W,0.5868289178581839,2,0
slp04,15570.0,15600.0,2,Sleep,2,0.9066666666666666,Sleep,0.4047011697568987,2,0
slp04,15600.0,15630.0,2,Sleep,2,0.84,Sleep,0.4755451908735071,2,0
slp04,15630.0,15660.0,2,Sleep,2,0.9733333333333334,Sleep,0.37133924516318373,2,0
slp04,15660.0,15690.0,2,Sleep,2,0.7733333333333333,Sleep,0.38124717331017194,2,0
slp04,15690.0,15720.0,2,Sleep,2,0.9166666666666666,Sleep,0.42148999575851237,2,0
slp04,15720.0,15750.0,2,Sleep,2,0.97,Sleep,0.44561723448638946,2,0
slp04,15750.0,15780.0,2,Sleep,2,0.8,Sleep,0.47835357075310053,2,0
slp04,15780.0,15810.0,2,Sleep,2,0.8133333333333334,Sleep,0.4703895869894809,2,0
slp04,15810.0,15840.0,2,Sleep,2,0.78,W,0.6166109610407708,2,0
slp04,15840.0,15870.0,2,Sleep,2,0.9666666666666667,W,0.5818251335594653,2,0
slp04,15870.0,15900.0,2,Sleep,2,0.8066666666666666,Sleep,0.4654196774091458,2,0
slp04,15900.0,15930.0,1,Sleep,2,0.8933333333333333,Sleep,0.45070389275694483,2,0
slp04,15930.0,15960.0,1,Sleep,2,0.8666666666666667,Sleep,0.44631165071862083,2,0
slp04,15960.0,15990.0,1,Sleep,2,0.7933333333333333,W,0.6251404759278224,2,0
slp04,15990.0,16020.0,1,Sleep,2,0.98,W,0.5344486626449867,2,0
slp04,16020.0,16050.0,1,Sleep,2,0.9566666666666667,Sleep,0.31426494941503674,2,0
slp04,16050.0,16080.0,2,Sleep,R,0.69,Sleep,0.2484738045822362,R,0
slp04,16080.0,16110.0,2,Sleep,R,0.67,W,0.5529182510538125,R,0
slp04,16110.0,16140.0,2,Sleep,R,0.6566666666666666,W,0.5541618433116008,R,0
slp04,16140.0,16170.0,2,Sleep,R,0.6666666666666666,W,0.5876032684241029,R,0
slp04,16170.0,16200.0,2,Sleep,R,0.6533333333333333,Sleep,0.36656889691992617,R,0
slp04,16200.0,16230.0,2,Sleep,R,0.7666666666666667,W,0.5108672661029316,R,0
slp04,16230.0,16260.0,2,Sleep,R,0.72,Sleep,0.4910701804167615,R,0
slp04,16260.0,16290.0,2,Sleep,R,0.7966666666666666,Sleep,0.2986003157631714,R,0
slp04,16290.0,16320.0,2,Sleep,R,0.8066666666666666,Sleep,0.36843485964825495,R,0
slp04,16320.0,16350.0,2,Sleep,R,0.9033333333333333,Sleep,0.2802786543009678,R,0
slp04,16350.0,16380.0,2,Sleep,R,0.8,Sleep,0.2324186028665115,R,0
slp04,16380.0,16410.0,2,Sleep,R,0.82,Sleep,0.24128986792979337,R,0
slp04,16410.0,16440.0,2,Sleep,R,0.9366666666666666,Sleep,0.23328550711157342,R,0
slp04,16440.0,16470.0,2,Sleep,R,0.7933333333333333,Sleep,0.3377147902740956,R,0
slp04,16470.0,16500.0,2,Sleep,R,0.8033333333333333,Sleep,0.2712411827161378,R,0
slp04,16500.0,16530.0,2,Sleep,R,0.8866666666666667,Sleep,0.3518356630388579,R,0
slp04,16530.0,16560.0,2,Sleep,R,0.7233333333333334,Sleep,0.36115733256766047,R,0
slp04,16560.0,16590.0,2,Sleep,R,0.7766666666666666,Sleep,0.31497764144769097,R,0
slp04,16590.0,16620.0,2,Sleep,R,0.8133333333333334,Sleep,0.2887903947507522,R,0
slp04,16620.0,16650.0,2,Sleep,1,0.78,Sleep,0.2856303922895253,1,0
slp04,16650.0,16680.0,2,Sleep,1,0.6666666666666666,Sleep,0.30449178715664177,1,0
slp04,16680.0,16710.0,2,Sleep,R,0.7133333333333334,Sleep,0.3130250481478519,R,0
slp04,16710.0,16740.0,2,Sleep,1,0.7366666666666667,Sleep,0.28958529294205193,1,0
slp04,16740.0,16770.0,2,Sleep,R,0.7466666666666667,Sleep,0.24700943689692811,R,0
slp04,16770.0,16800.0,2,Sleep,1,0.7333333333333333,Sleep,0.3578730554315628,1,0
slp04,16800.0,16830.0,2,Sleep,1,0.65,Sleep,0.347493221426172,1,0
slp04,16830.0,16860.0,3,Sleep,W,0.8766666666666667,Sleep,0.24622872716273173,W,0
slp04,16860.0,16890.0,2,Sleep,W,0.7266666666666667,Sleep,0.2841927321481919,W,0
slp04,16890.0,16920.0,3,Sleep,1,0.8233333333333334,Sleep,0.3214326558831804,1,0
slp04,16920.0,16950.0,2,Sleep,1,0.76,Sleep,0.25711475596260785,1,0
slp04,16950.0,16980.0,3,Sleep,1,0.83,Sleep,0.3092013300249058,1,0
slp04,16980.0,17010.0,2,Sleep,1,0.86,Sleep,0.24917697796405533,1,0
slp04,17010.0,17040.0,3,Sleep,2,0.7433333333333333,Sleep,0.37515614380137224,2,0
slp04,17040.0,17070.0,2,Sleep,2,0.7633333333333333,Sleep,0.3363799422347715,2,0
slp04,17070.0,17100.0,2,Sleep,2,0.8066666666666666,Sleep,0.29238349887938375,2,0
slp04,17100.0,17130.0,2,Sleep,2,0.9,Sleep,0.32679235452022704,2,0
slp04,17130.0,17160.0,2,Sleep,2,0.7233333333333334,Sleep,0.3546826054858584,2,0
slp04,17160.0,17190.0,2,Sleep,2,0.6933333333333334,Sleep,0.35592377058964225,2,0
slp04,17190.0,17220.0,2,Sleep,2,0.82,Sleep,0.2682168141669075,2,0
slp04,17220.0,17250.0,2,Sleep,2,0.7333333333333333,Sleep,0.2898437229933749,2,0
slp04,17250.0,17280.0,3,Sleep,2,0.69,Sleep,0.19038527354207505,2,0
slp04,17280.0,17310.0,2,Sleep,2,0.6533333333333333,Sleep,0.30243053536596665,2,0
slp04,17310.0,17340.0,3,Sleep,2,0.7233333333333334,Sleep,0.3338252006149537,2,0
slp04,17340.0,17370.0,2,Sleep,2,0.68,Sleep,0.19630083397714496,2,0
slp04,17370.0,17400.0,3,Sleep,2,0.84,Sleep,0.2981148850930564,2,0
slp04,17400.0,17430.0,3,Sleep,2,0.7733333333333333,Sleep,0.33808271519236865,2,0
slp04,17430.0,17460.0,2,Sleep,2,0.6633333333333333,Sleep,0.2615837332678178,2,0
slp04,17460.0,17490.0,3,Sleep,R,0.8366666666666667,W,0.5554630079625203,R,0
slp04,17490.0,17520.0,3,Sleep,R,0.8166666666666667,Sleep,0.3961576141355591,R,0
slp04,17520.0,17550.0,3,Sleep,R,0.9233333333333333,Sleep,0.16566858117009217,R,0
slp04,17550.0,17580.0,2,Sleep,R,0.8433333333333334,Sleep,0.48562776645218503,R,0
slp04,17580.0,17610.0,2,Sleep,R,0.7566666666666667,W,0.5740708504399279,R,0
slp04,17610.0,17640.0,2,Sleep,R,0.8766666666666667,Sleep,0.32116186469226565,R,0
slp04,17640.0,17670.0,W,W,R,0.8966666666666666,Sleep,0.34720884544362296,R,0
slp04,17670.0,17700.0,W,W,R,0.82,Sleep,0.4947470596218763,R,0
slp04,17700.0,17730.0,2,Sleep,R,0.7566666666666667,Sleep,0.32960951966655005,R,0
slp04,17730.0,17760.0,2,Sleep,R,0.6966666666666667,Sleep,0.22595554589922778,R,0
slp04,17760.0,17790.0,2,Sleep,R,0.9133333333333333,Sleep,0.33976552255975323,R,0
slp04,17790.0,17820.0,2,Sleep,R,0.96,W,0.5222462067695003,R,0
slp04,17820.0,17850.0,2,Sleep,R,0.81,W,0.5364018736848302,R,0
slp04,17850.0,17880.0,2,Sleep,R,0.6133333333333333,Sleep,0.2324782477483411,R,0
slp04,17880.0,17910.0,1,Sleep,R,0.7666666666666667,Sleep,0.17118771413434425,R,0
slp04,17910.0,17940.0,1,Sleep,R,0.5733333333333334,Sleep,0.17905397791146135,R,0
slp04,17940.0,17970.0,1,Sleep,R,0.9566666666666667,Sleep,0.46169500843592215,R,0
slp04,17970.0,18000.0,1,Sleep,R,0.7733333333333333,Sleep,0.37033811859354154,R,0
slp04,18000.0,18030.0,1,Sleep,R,0.79,W,0.5729114497589752,R,0
slp04,18030.0,18060.0,1,Sleep,R,0.8766666666666667,Sleep,0.35825830320279134,R,0
slp04,18060.0,18090.0,1,Sleep,R,0.86,W,0.5648591159046049,R,0
slp04,18090.0,18120.0,1,Sleep,1,0.57,Sleep,0.3627618055722813,1,0
slp04,18120.0,18150.0,1,Sleep,R,0.7533333333333333,Sleep,0.26831483743100704,R,0
slp04,18150.0,18180.0,1,Sleep,R,0.6066666666666667,W,0.569847116978096,R,0
slp04,18180.0,18210.0,1,Sleep,W,0.9466666666666667,W,0.6112767549122725,W,0
slp04,18210.0,18240.0,1,Sleep,W,0.86,Sleep,0.2875665108189972,W,0
slp04,18240.0,18270.0,1,Sleep,1,0.9066666666666666,W,0.5074293371699835,1,0
slp04,18270.0,18300.0,1,Sleep,1,0.8633333333333333,Sleep,0.21861572355085684,1,0
slp04,18300.0,18330.0,1,Sleep,1,0.7733333333333333,W,0.5367798210144166,1,0
slp04,18330.0,18360.0,1,Sleep,1,0.8233333333333334,W,0.702045457683187,1,0
slp04,18360.0,18390.0,1,Sleep,1,0.7366666666666667,W,0.6202958248559506,1,0
slp04,18390.0,18420.0,1,Sleep,2,0.8466666666666667,Sleep,0.4755009730069163,2,0
slp04,18420.0,18450.0,1,Sleep,1,0.77,Sleep,0.3370599862435255,1,0
slp04,18450.0,18480.0,W,W,R,0.7333333333333333,Sleep,0.3632109214991152,R,0
slp04,18480.0,18510.0,W,W,W,0.9933333333333333,W,0.6056099247019056,W,0
slp04,18510.0,18540.0,1,Sleep,1,0.72,Sleep,0.33615623370940395,1,0
slp04,18540.0,18570.0,2,Sleep,2,0.5466666666666666,Sleep,0.3316260047837431,2,0
slp04,18570.0,18600.0,2,Sleep,1,0.5633333333333334,Sleep,0.45188112536674463,1,0
slp04,18600.0,18630.0,2,Sleep,2,0.68,W,0.5095341547108545,2,0
slp04,18630.0,18660.0,2,Sleep,W,0.95,Sleep,0.4201918748483469,W,0
slp04,18660.0,18690.0,2,Sleep,1,0.6633333333333333,Sleep,0.3561080378500463,1,0
slp04,18690.0,18720.0,2,Sleep,2,0.8133333333333334,W,0.5283183921094214,2,0
slp04,18720.0,18750.0,2,Sleep,W,0.97,Sleep,0.31423173387855946,W,0
slp04,18750.0,18780.0,2,Sleep,1,0.8466666666666667,Sleep,0.35703513586048774,1,0
slp04,18780.0,18810.0,2,Sleep,1,0.8233333333333334,W,0.5410211189241687,1,0
slp04,18810.0,18840.0,2,Sleep,W,0.97,Sleep,0.28845889744972153,W,0
slp04,18840.0,18870.0,2,Sleep,2,0.7133333333333334,Sleep,0.24446692808672907,2,0
slp04,18870.0,18900.0,2,Sleep,1,0.73,Sleep,0.18750633536667918,1,0
slp04,18900.0,18930.0,2,Sleep,W,0.97,Sleep,0.3112425980044064,W,0
slp04,18930.0,18960.0,2,Sleep,1,0.82,Sleep,0.21157996248069666,1,0
slp04,18960.0,18990.0,2,Sleep,2,0.8733333333333333,Sleep,0.2354327742843597,2,0
slp04,18990.0,19020.0,R,Sleep,1,0.81,Sleep,0.41430236947410887,1,0
slp04,19020.0,19050.0,R,Sleep,W,0.68,Sleep,0.41621436337218226,W,0
slp04,19050.0,19080.0,R,Sleep,W,0.99,Sleep,0.3950092269977857,W,0
slp04,19080.0,19110.0,R,Sleep,R,0.7,Sleep,0.44189725367218213,R,0
slp04,19110.0,19140.0,R,Sleep,W,0.5933333333333334,Sleep,0.4508410665133068,W,0
slp04,19140.0,19170.0,R,Sleep,1,0.79,Sleep,0.44161490436563305,1,0
slp04,19170.0,19200.0,R,Sleep,2,0.76,Sleep,0.4389408402367956,2,0
slp04,19200.0,19230.0,R,Sleep,1,0.7766666666666666,W,0.789166546412069,1,0
slp04,19230.0,19260.0,R,Sleep,W,0.6966666666666667,Sleep,0.16170251094852386,W,0
slp04,19260.0,19290.0,R,Sleep,W,0.8766666666666667,Sleep,0.4373828855255305,W,0
slp04,19290.0,19320.0,R,Sleep,2,0.85,Sleep,0.443153002645808,2,0
slp04,19320.0,19350.0,R,Sleep,W,0.65,Sleep,0.4281658574234211,W,0
slp04,19350.0,19380.0,R,Sleep,W,0.99,W,0.8762560859579831,W,0
slp04,19380.0,19410.0,R,Sleep,1,0.7533333333333333,W,0.5107191209721895,1,0
slp04,19410.0,19440.0,R,Sleep,W,0.7866666666666666,W,0.7867213758128758,W,0
slp04,19440.0,19470.0,R,Sleep,1,0.8333333333333334,Sleep,0.26971886541128487,1,0
slp04,19470.0,19500.0,R,Sleep,W,0.6733333333333333,Sleep,0.4042409897824072,W,0
slp04,19500.0,19530.0,W,W,W,0.6966666666666667,Sleep,0.3329443545268791,W,0
slp04,19530.0,19560.0,W,W,W,0.7466666666666667,Sleep,0.32996446492182935,W,0
slp04,19560.0,19590.0,1,Sleep,W,0.9966666666666667,Sleep,0.46745954735608347,W,0
slp04,19590.0,19620.0,1,Sleep,2,0.5366666666666666,W,0.5258022746331767,2,0
slp04,19620.0,19650.0,2,Sleep,1,0.58,Sleep,0.2704864054756923,1,0
slp04,19650.0,19680.0,2,Sleep,1,0.76,Sleep,0.45475235256099295,1,0
slp04,19680.0,19710.0,2,Sleep,2,0.8833333333333333,Sleep,0.35500461819474394,2,0
slp04,19710.0,19740.0,2,Sleep,1,0.7833333333333333,Sleep,0.47822204917177547,1,0
slp04,19740.0,19770.0,2,Sleep,W,0.72,Sleep,0.361182442249531,W,0
slp04,19770.0,19800.0,2,Sleep,W,0.8866666666666667,Sleep,0.29206952811684717,W,0
slp04,19800.0,19830.0,2,Sleep,1,0.84,W,0.5331478653298547,1,0
slp04,19830.0,19860.0,2,Sleep,1,0.9,Sleep,0.2472486269451384,1,0
slp04,19860.0,19890.0,2,Sleep,1,0.7366666666666667,Sleep,0.22896690957776908,1,0
slp04,19890.0,19920.0,R,Sleep,1,0.69,Sleep,0.25898258581985645,1,0
slp04,19920.0,19950.0,R,Sleep,1,0.6966666666666667,Sleep,0.4644475120079157,1,0
slp04,19950.0,19980.0,R,Sleep,1,0.6333333333333333,Sleep,0.22552512357478188,1,0
slp04,19980.0,20010.0,R,Sleep,1,0.68,W,0.6252322895242153,1,0
slp04,20010.0,20040.0,1,Sleep,1,0.6333333333333333,Sleep,0.45774555603473505,1,0
slp04,20040.0,20070.0,2,Sleep,2,0.73,Sleep,0.20385468545813218,2,0
slp04,20070.0,20100.0,2,Sleep,1,0.7866666666666666,Sleep,0.40619234255878894,1,0
slp04,20100.0,20130.0,2,Sleep,W,0.7133333333333334,W,0.5827320986635456,W,0
slp04,20130.0,20160.0,2,Sleep,2,0.7066666666666667,Sleep,0.1851776683955645,2,0
slp04,20160.0,20190.0,2,Sleep,1,0.7833333333333333,W,0.5889782970794134,1,0
slp04,20190.0,20220.0,2,Sleep,W,0.71,Sleep,0.4310979743710328,W,0
slp04,20220.0,20250.0,2,Sleep,W,0.7466666666666667,Sleep,0.38172186498223243,W,0
slp04,20250.0,20280.0,2,Sleep,W,0.68,W,0.5836036076297266,W,0
slp04,20280.0,20310.0,2,Sleep,1,0.79,Sleep,0.44694558177332955,1,0
slp04,20310.0,20340.0,2,Sleep,1,0.8433333333333334,W,0.654494963426657,1,0
slp04,20340.0,20370.0,2,Sleep,2,0.7133333333333334,Sleep,0.4475618536013485,2,0
slp04,20370.0,20400.0,2,Sleep,2,0.8533333333333334,W,0.5257948425761119,2,0
slp04,20400.0,20430.0,2,Sleep,1,0.4533333333333333,W,0.5439277627008089,1,0
slp04,20430.0,20460.0,2,Sleep,2,0.8833333333333333,W,0.5308922010532442,2,0
slp04,20460.0,20490.0,2,Sleep,W,0.84,Sleep,0.49167254089909496,W,0
slp04,20490.0,20520.0,2,Sleep,1,0.7433333333333333,W,0.5014544821343753,1,0
slp04,20520.0,20550.0,2,Sleep,2,0.8133333333333334,W,0.6246589162362469,2,0
slp04,20550.0,20580.0,2,Sleep,1,0.7166666666666667,Sleep,0.4111273364759304,1,0
slp04,20580.0,20610.0,2,Sleep,2,0.8466666666666667,Sleep,0.47601092589345484,2,0
slp04,20610.0,20640.0,2,Sleep,W,0.9666666666666667,W,0.5605413427299378,W,0
slp04,20640.0,20670.0,2,Sleep,W,0.6766666666666666,Sleep,0.42315238287987406,W,0
slp04,20670.0,20700.0,2,Sleep,2,0.8733333333333333,W,0.6368309020962397,2,0
slp04,20700.0,20730.0,2,Sleep,1,0.83,Sleep,0.4509735062299376,1,0
slp04,20730.0,20760.0,2,Sleep,W,0.7066666666666667,Sleep,0.43954711264437,W,0
slp04,20760.0,20790.0,2,Sleep,W,0.9866666666666667,Sleep,0.24820866345657355,W,0
slp04,20790.0,20820.0,2,Sleep,2,0.32666666666666666,W,0.5392209204401612,2,0
slp04,20820.0,20850.0,2,Sleep,W,0.66,W,0.5103963970772474,W,0
slp04,20850.0,20880.0,2,Sleep,1,0.6233333333333333,Sleep,0.37656933515763935,1,0
slp04,20880.0,20910.0,2,Sleep,2,0.68,W,0.5806514621540151,2,0
slp04,20910.0,20940.0,2,Sleep,2,0.73,W,0.5021685277653415,2,0
slp04,20940.0,20970.0,2,Sleep,2,0.7733333333333333,Sleep,0.42621817764930675,2,0
slp04,20970.0,21000.0,2,Sleep,2,0.7333333333333333,W,0.5085776134006523,2,0
slp04,21000.0,21030.0,2,Sleep,2,0.7666666666666667,Sleep,0.42980324656590757,2,0
slp04,21030.0,21060.0,2,Sleep,1,0.7933333333333333,Sleep,0.48525873929755686,1,0
slp04,21060.0,21090.0,2,Sleep,W,0.6466666666666666,Sleep,0.3585419167729139,W,0
slp04,21090.0,21120.0,2,Sleep,W,0.8233333333333334,W,0.5601912077260678,W,0
slp04,21120.0,21150.0,2,Sleep,2,0.5133333333333333,Sleep,0.35977927152890116,2,0
slp04,21150.0,21180.0,2,Sleep,W,0.6366666666666667,W,0.5770079604824794,W,0
slp04,21180.0,21210.0,2,Sleep,W,0.6733333333333333,Sleep,0.31320713582723086,W,0
slp04,21210.0,21240.0,2,Sleep,W,0.6766666666666666,Sleep,0.3359375037482099,W,0
slp04,21240.0,21270.0,2,Sleep,W,0.7333333333333333,W,0.5006876543583727,W,0
slp04,21270.0,21300.0,2,Sleep,W,0.6966666666666667,Sleep,0.4907943362069008,W,0
slp04,21300.0,21330.0,2,Sleep,W,0.6433333333333333,W,0.6845097316546219,W,1
slp04,21330.0,21360.0,2,Sleep,2,0.85,Sleep,0.3394275123938485,2,0
slp04,21360.0,21390.0,W,W,1,0.77,W,0.7387034673866804,1,0
slp04,21390.0,21420.0,W,W,1,0.8133333333333334,W,0.5220533961141751,1,0
slp04,21420.0,21450.0,W,W,1,0.72,W,0.6434018336402769,1,0
slp04,21450.0,21480.0,W,W,1,0.7133333333333334,W,0.7356864079454363,W,1
slp04,21480.0,21510.0,W,W,2,0.39,W,0.6727356005452506,2,0
slp04,21510.0,21540.0,W,W,W,0.7666666666666667,Sleep,0.47650707660982305,W,0
slp04,21540.0,21570.0,W,W,1,0.72,Sleep,0.4854468626827713,1,0
slp04,21570.0,21600.0,W,W,2,0.6733333333333333,Sleep,0.4232221366388502,2,0
slp14,180.0,210.0,W,W,2,0.43,W,0.5974773166754151,2,0
slp14,210.0,240.0,W,W,W,0.78,Sleep,0.4254717583574436,W,0
slp14,240.0,270.0,W,W,2,0.7433333333333333,Sleep,0.4802725021303409,2,0
slp14,270.0,300.0,W,W,W,0.6266666666666667,W,0.8086737107322188,W,1
slp14,300.0,330.0,W,W,W,0.9066666666666666,W,0.7935552120444653,W,0
slp14,330.0,360.0,W,W,2,0.6833333333333333,W,0.7477109409093129,2,0
slp14,360.0,390.0,W,W,2,0.7166666666666667,W,0.8561048065424384,2,0
slp14,390.0,420.0,W,W,2,0.91,W,0.8095395189435091,2,0
slp14,420.0,450.0,W,W,1,0.76,W,0.7791620959302089,1,0
slp14,450.0,480.0,W,W,2,0.7633333333333333,W,0.8180161537470515,2,0
slp14,480.0,510.0,1,Sleep,1,0.8133333333333334,W,0.6391869045017003,1,0
slp14,510.0,540.0,W,W,2,0.7666666666666667,Sleep,0.44827862249724054,2,0
slp14,540.0,570.0,W,W,W,0.77,W,0.8204300967362211,W,0
slp14,570.0,600.0,W,W,2,0.7433333333333333,Sleep,0.4136574019133908,2,0
slp14,600.0,630.0,W,W,2,0.8466666666666667,Sleep,0.4821226636794062,2,0
slp14,630.0,660.0,W,W,1,0.7166666666666667,W,0.7143836331093874,W,1
slp14,660.0,690.0,1,Sleep,1,0.7433333333333333,W,0.680908096311319,W,1
slp14,690.0,720.0,1,Sleep,1,0.8766666666666667,W,0.5714158140323902,1,0
slp14,720.0,750.0,1,Sleep,R,0.7766666666666666,W,0.5301054899106534,R,0
slp14,750.0,780.0,1,Sleep,2,0.8166666666666667,Sleep,0.3228615493435729,2,0
slp14,780.0,810.0,1,Sleep,1,0.6833333333333333,Sleep,0.2994685505381416,1,0
slp14,810.0,840.0,1,Sleep,W,0.6833333333333333,Sleep,0.33640085284814136,W,0
slp14,840.0,870.0,1,Sleep,2,0.7933333333333333,Sleep,0.26733129138074097,2,0
slp14,870.0,900.0,2,Sleep,2,0.57,Sleep,0.293243006844657,2,0
slp14,900.0,930.0,1,Sleep,2,0.7366666666666667,Sleep,0.3756211544255858,2,0
slp14,930.0,960.0,1,Sleep,W,0.6833333333333333,Sleep,0.26457809082532074,W,0
slp14,960.0,990.0,1,Sleep,W,0.6866666666666666,Sleep,0.28239341802012335,W,0
slp14,990.0,1020.0,1,Sleep,2,0.8533333333333334,Sleep,0.3042660732858322,2,0
slp14,1020.0,1050.0,1,Sleep,2,0.7233333333333334,Sleep,0.28409426970832785,2,0
slp14,1050.0,1080.0,2,Sleep,1,0.3233333333333333,Sleep,0.4054923890637158,1,0
slp14,1080.0,1110.0,2,Sleep,1,0.7266666666666667,Sleep,0.33592577331667056,1,0
slp14,1110.0,1140.0,2,Sleep,1,0.7033333333333334,Sleep,0.40011065095692105,1,0
slp14,1140.0,1170.0,1,Sleep,1,0.52,Sleep,0.3717719227875772,1,0
slp14,1170.0,1200.0,2,Sleep,R,0.4633333333333333,Sleep,0.3506026513021665,R,0
slp14,1200.0,1230.0,1,Sleep,W,0.6566666666666666,Sleep,0.37282500845292094,W,0
slp14,1230.0,1260.0,1,Sleep,W,0.7,Sleep,0.3327222515258942,W,0
slp14,1260.0,1290.0,2,Sleep,W,0.64,Sleep,0.3235624888653828,W,0
slp14,1290.0,1320.0,2,Sleep,W,0.8033333333333333,Sleep,0.3478191438695126,W,0
slp14,1320.0,1350.0,2,Sleep,2,0.7366666666666667,Sleep,0.31330032190858087,2,0
slp14,1350.0,1380.0,2,Sleep,W,0.7466666666666667,Sleep,0.3606137306147168,W,0
slp14,1380.0,1410.0,2,Sleep,W,0.91,Sleep,0.4032193260961389,W,0
slp14,1410.0,1440.0,1,Sleep,2,0.9466666666666667,Sleep,0.3838265598275976,2,0
slp14,1440.0,1470.0,2,Sleep,W,0.8966666666666666,Sleep,0.44816099527238523,W,0
slp14,1470.0,1500.0,2,Sleep,W,0.7566666666666667,Sleep,0.36538906048134356,W,0
slp14,1500.0,1530.0,2,Sleep,W,0.7166666666666667,Sleep,0.3814758415276775,W,0
slp14,1530.0,1560.0,1,Sleep,W,0.7966666666666666,Sleep,0.27739749917622847,W,0
slp14,1560.0,1590.0,1,Sleep,2,0.33,Sleep,0.4268821708457447,2,0
slp14,1590.0,1620.0,2,Sleep,W,0.44,Sleep,0.38590308702814513,W,0
slp14,1620.0,1650.0,2,Sleep,W,0.95,Sleep,0.3610396895117268,W,0
slp14,1650.0,1680.0,2,Sleep,W,0.8766666666666667,Sleep,0.440831443969604,W,0
slp14,1680.0,1710.0,1,Sleep,W,0.6133333333333333,Sleep,0.29936304592732754,W,0
slp14,1710.0,1740.0,W,W,W,0.8533333333333334,W,0.6185364129739902,W,0
slp14,1740.0,1770.0,W,W,W,0.83,W,0.7894224759314498,W,0
slp14,1770.0,1800.0,W,W,W,0.52,Sleep,0.4820103279782357,W,0
slp14,1800.0,1830.0,W,W,W,0.79,W,0.6354071705136782,W,0
slp14,1830.0,1860.0,1,Sleep,W,0.82,W,0.6226135689690828,W,0
slp14,1860.0,1890.0,1,Sleep,W,0.7433333333333333,Sleep,0.4087540074504841,W,0
